acc_code,incident_datetime,report_datetime,province_th,province_en,agency,route,vehicle_type,presumed_cause,accident_type,number_of_vehicles_involved,number_of_fatalities,number_of_injuries,weather_condition,latitude,longitude,road_description,slope_description
6074460,2022-01-09T13:53:00Z,2022-04-11T13:34:00Z,ปทุมธานี,Pathum Thani,department of highways,บางปะอิน - แขวงรามอินทรา,private/passenger car,speeding,rear-end collision,2,0,2,clear,13.99761232,100.7094517,straight road,no slope
5539964,2022-01-09T19:43:00Z,2022-01-09T21:39:00Z,กรุงเทพมหานคร,Bangkok,expressway authority of thailand,พญาไท-ศรีนครินทร์,other,other,collision with obstruction (on road surface),1,0,1,clear,13.75395601,100.5610262,straight road,other
6567055,2022-01-09T22:00:00Z,2022-01-11T10:56:00Z,ปทุมธานี,Pathum Thani,department of rural roads,แยกถนนเทศบาลท่าโขลง - บ้านคลองสิบสาม,motorcycle,speeding,other,2,1,0,clear,14.168351,100.668238,straight road,no slope
5838173,2022-01-09T23:40:00Z,2022-03-03T15:15:00Z,ปทุมธานี,Pathum Thani,department of highways,ทางเข้านิมิตรใหม่,motorcycle,speeding,rear-end collision,2,0,2,clear,13.92923544,100.7514497,straight road,no slope
5860901,2022-01-10T00:10:00Z,2022-03-07T09:29:00Z,ปทุมธานี,Pathum Thani,department of highways,บางคูวัด - บางพูน,4-wheel pickup truck,speeding,rollover/fallen on straight road,1,0,0,clear,13.95890895,100.5110219,straight road,no slope
7440949,2022-01-10T12:30:00Z,2022-12-08T08:25:00Z,กรุงเทพมหานคร,Bangkok,department of highways,ไม่ทราบ,private/passenger car,speeding,rear-end collision,2,0,0,clear,13.62520952,100.3929162,straight road,no slope
5557624,2022-01-10T12:45:00Z,2022-01-12T10:47:00Z,กรุงเทพมหานคร,Bangkok,department of highways,แขวงคลองสองต้นนุ่น - พิมพา,4-wheel pickup truck,speeding,rear-end collision,4,0,0,clear,13.7294737,100.7417589,straight road,no slope
5545266,2022-01-10T15:55:00Z,2022-01-10T16:38:00Z,กรุงเทพมหานคร,Bangkok,expressway authority of thailand,รามอินทรา-อาจณรงค์,other,other,side collision,2,0,1,clear,NA,NA,straight road,other
5551842,2022-01-10T17:00:00Z,2022-01-11T14:57:00Z,นครปฐม,Nakhon Pathom,department of highways,กำแพงแสน-ทุ่งคอก,motorcycle,cutting in closely by people/vehicles/animals,head-on collision (not overtaking),2,0,1,clear,14.12454579,99.98593925,straight road,no slope
6074619,2022-01-10T20:45:00Z,2022-04-11T14:07:00Z,ปทุมธานี,Pathum Thani,department of highways,บางปะอิน - แขวงรามอินทรา,large truck with trailer,speeding,rollover/fallen on straight road,1,0,0,clear,13.9627978,100.7127857,straight road,no slope
6567057,2022-01-11T01:40:00Z,2022-01-11T10:57:00Z,กรุงเทพมหานคร,Bangkok,department of rural roads,สะพานภูมิพลที่ 1 ไปสะพานภูมิพลที่ 2,motorcycle,speeding,other,2,0,1,clear,13.681633,100.540839,wide curve,slope area
5823958,2022-01-11T06:00:00Z,2022-03-01T10:54:00Z,นนทบุรี,Nonthaburi,department of highways,คลองมหาสวัสดิ์ - คลองบางไผ่,large truck with trailer,speeding,rollover/fallen on straight road,1,0,0,clear,13.83943159,100.4132715,straight road,no slope
6073394,2022-01-11T08:09:00Z,2022-04-11T09:44:00Z,กรุงเทพมหานคร,Bangkok,department of highways,แขวงคลองสองต้นนุ่น - พิมพา,private/passenger car,speeding,rollover/fallen on curved road,1,0,1,clear,13.72983327,100.7563045,wide curve,no slope
5557197,2022-01-11T09:21:00Z,2022-01-12T09:10:00Z,กรุงเทพมหานคร,Bangkok,department of highways,ถนนศรีนครินทร - แขวงคลองสองต้นนุ่น,6-wheel truck,speeding,rollover/fallen on straight road,1,0,0,clear,13.73669623,100.6694278,straight road,no slope
6074777,2022-01-11T14:00:00Z,2022-04-11T14:30:00Z,ปทุมธานี,Pathum Thani,department of highways,บางปะอิน - แขวงรามอินทรา,4-wheel pickup truck,speeding,rollover/fallen on straight road,1,0,0,clear,14.01192077,100.7037923,straight road,no slope
7515097,2022-01-11T14:45:00Z,2022-12-28T15:49:00Z,กรุงเทพมหานคร,Bangkok,department of highways,ไม่ทราบ,private/passenger car,speeding,rear-end collision,3,0,0,clear,13.82676542,100.5579546,straight road,no slope
6074714,2022-01-11T15:01:00Z,2022-04-11T14:22:00Z,กรุงเทพมหานคร,Bangkok,department of highways,แขวงคลองสองต้นนุ่น - พิมพา,4-wheel pickup truck,speeding,rollover/fallen on straight road,1,0,0,clear,13.73281402,100.8075508,straight road,no slope
5861456,2022-01-11T18:00:00Z,2022-03-07T11:28:00Z,สมุทรปราการ,Samut Prakan,department of highways,ท้ายบ้าน - บางตำหรุ,motorcycle,cutting in closely by people/vehicles/animals,rear-end collision,2,1,1,clear,13.523504580000001,100.6461918,straight road,no slope
6319726,2022-01-11T18:00:00Z,2022-06-06T15:03:00Z,สมุทรปราการ,Samut Prakan,department of highways,ทางเข้าท่าอากาศยานสุวรรณภูมิ - บางวัว,7-10-wheel truck,cutting in closely by people/vehicles/animals,rollover/fallen on straight road,1,0,0,clear,13.59400236,100.8087551,straight road,no slope
7440937,2022-01-11T18:40:00Z,2022-12-08T08:24:00Z,กรุงเทพมหานคร,Bangkok,department of highways,ไม่ทราบ,private/passenger car,speeding,rear-end collision,2,0,1,clear,13.66364777,100.4413864,straight road,no slope
5553499,2022-01-11T19:34:00Z,2022-01-11T20:38:00Z,กรุงเทพมหานคร,Bangkok,expressway authority of thailand,หมอชิต-กาญจนาฯ,other,other,collision with obstruction (on road surface),1,0,0,clear,NA,NA,other,other
5559489,2022-01-12T06:50:00Z,2022-01-12T15:32:00Z,ปทุมธานี,Pathum Thani,department of highways,บางปะอิน - แขวงรามอินทรา,4-wheel pickup truck,speeding,rear-end collision,2,0,0,clear,13.92709028,100.7068044,straight road,no slope
6319713,2022-01-12T12:30:00Z,2022-06-06T15:03:00Z,สมุทรปราการ,Samut Prakan,department of highways,บางพลี - บางบ่อ,6-wheel truck,speeding,rear-end collision,5,0,0,clear,13.59555617,100.7530859,straight road,no slope
5862122,2022-01-12T16:40:00Z,2022-03-07T13:50:00Z,สมุทรสาคร,Samut Sakhon,department of highways,สะพานข้ามแม่น้ำท่าจีนฝั่งตะวันตก - นาโคก,6-wheel truck,falling asleep,rear-end collision,5,0,0,clear,13.52440168,100.1841464,straight road,no slope
5838209,2022-01-12T20:45:00Z,2022-03-03T15:20:00Z,ปทุมธานี,Pathum Thani,department of highways,ทางเข้านิมิตรใหม่,4-wheel pickup truck,speeding,rear-end collision,2,0,0,clear,13.92728553,100.7513988,straight road,no slope
7440939,2022-01-12T21:02:00Z,2022-12-08T08:22:00Z,กรุงเทพมหานคร,Bangkok,department of highways,ไม่ทราบ,private/passenger car,speeding,rear-end collision,2,0,1,clear,13.67609513,100.4626161,straight road,no slope
6319089,2022-01-12T23:20:00Z,2022-06-06T13:17:00Z,กรุงเทพมหานคร,Bangkok,department of highways,งามวงศ์วาน - ดอนเมือง,private/passenger car,speeding,rollover/fallen on straight road,1,0,0,clear,13.92088379,100.6019702,straight road,no slope
5564187,2022-01-13T00:05:00Z,2022-01-13T08:14:00Z,ปทุมธานี,Pathum Thani,department of highways,บางปะอิน - แขวงรามอินทรา,private/passenger car,speeding,rear-end collision,2,0,0,clear,13.99680813,100.7100445,straight road,no slope
5842735,2022-01-13T00:30:00Z,2022-03-04T09:02:00Z,ปทุมธานี,Pathum Thani,department of highways,ลำลูกกา - คลอง 16,4-wheel pickup truck,speeding,rear-end collision,2,0,0,clear,13.9348742,100.7464984,other,other
6010532,2022-01-13T02:15:00Z,2022-03-31T13:40:00Z,สมุทรปราการ,Samut Prakan,department of highways,แขวงคลองสองต้นนุ่น - พิมพา,large truck with trailer,speeding,rear-end collision,2,0,0,clear,13.70092012,100.8246311,straight road,no slope
6010445,2022-01-13T09:30:00Z,2022-03-31T13:25:00Z,ปทุมธานี,Pathum Thani,department of highways,บางปะอิน - แขวงรามอินทรา,other,speeding,rollover/fallen on straight road,1,0,0,clear,14.01824191,100.7005548,straight road,no slope
7560761,2022-01-13T15:19:00Z,2023-01-16T13:16:00Z,กรุงเทพมหานคร,Bangkok,department of highways,ดินแดง - งามวงศ์วาน,motorcycle,speeding,rear-end collision,2,0,1,clear,13.81328065,100.5593742,straight road,no slope
5801508,2022-01-14T02:00:00Z,2022-02-25T15:09:00Z,นนทบุรี,Nonthaburi,department of highways,คลองมหาสวัสดิ์ - คลองบางไผ่,private/passenger car,speeding,rollover/fallen on straight road,1,0,0,clear,13.85568213,100.4116514,straight road,no slope
7440895,2022-01-14T07:30:00Z,2022-12-08T08:18:00Z,กรุงเทพมหานคร,Bangkok,department of highways,ไม่ทราบ,motorcycle,speeding,rear-end collision,2,0,1,clear,13.8280488,100.5578209,other,other
5572632,2022-01-14T09:14:00Z,2022-01-14T10:59:00Z,กรุงเทพมหานคร,Bangkok,expressway authority of thailand,ดาวคะนอง-ท่าเรือ,other,other,collision with obstruction (on road surface),1,0,3,clear,NA,NA,wide curve,other
6010609,2022-01-14T11:00:00Z,2022-03-31T13:57:00Z,กรุงเทพมหานคร,Bangkok,department of highways,บางปะอิน - แขวงรามอินทรา,4-wheel pickup truck,vehicle equipment failure,rollover/fallen on straight road,1,0,0,clear,13.8779154,100.6833163,straight road,no slope
5862070,2022-01-14T14:00:00Z,2022-03-07T13:40:00Z,สมุทรสาคร,Samut Sakhon,department of highways,แสมดำ - สะพานข้ามแม่น้ำท่าจีนฝั่งตะวันตก,4-wheel pickup truck,vehicle equipment failure,rollover/fallen on straight road,1,0,1,clear,13.58377461,100.314652,straight road,no slope
5862069,2022-01-14T14:45:00Z,2022-03-07T13:43:00Z,สมุทรสาคร,Samut Sakhon,department of highways,แสมดำ - สะพานข้ามแม่น้ำท่าจีนฝั่งตะวันตก,4-wheel pickup truck,cutting in closely by people/vehicles/animals,rear-end collision,2,0,0,clear,13.59268318,100.3519347,straight road,no slope
5862072,2022-01-14T15:27:00Z,2022-03-07T13:42:00Z,สมุทรสาคร,Samut Sakhon,department of highways,แสมดำ - สะพานข้ามแม่น้ำท่าจีนฝั่งตะวันตก,motorcycle,speeding,rear-end collision,2,0,1,clear,13.60314518,100.3706914,straight road,no slope
5693459,2022-01-14T19:41:00Z,2022-02-07T11:10:00Z,กรุงเทพมหานคร,Bangkok,department of highways,แขวงคลองสองต้นนุ่น - พิมพา,private/passenger car,speeding,rear-end collision,3,0,0,clear,13.72972905,100.7290506,straight road,no slope
6073369,2022-01-14T22:50:00Z,2022-04-11T09:36:00Z,กรุงเทพมหานคร,Bangkok,department of highways,แขวงรามอินทรา - บางพลี,4-wheel pickup truck,overloaded vehicle,other,1,0,0,clear,13.7755539,100.688265,straight road,no slope
7561192,2022-01-14T23:40:00Z,2023-01-17T06:48:00Z,กรุงเทพมหานคร,Bangkok,department of highways,อรุณอมรินทร์ - พุทธมณฑลสาย 4,private/passenger car,speeding,rear-end collision,2,0,1,clear,13.78130189,100.4281443,other,other
6363092,2022-01-14T23:45:00Z,2022-06-13T13:22:00Z,กรุงเทพมหานคร,Bangkok,department of highways,ดินแดง - งามวงศ์วาน,private/passenger car,speeding,rear-end collision,2,0,1,clear,13.78635422,100.5604738,straight road,no slope
5579080,2022-01-15T00:10:00Z,2022-01-15T09:11:00Z,กรุงเทพมหานคร,Bangkok,department of highways,แขวงรามอินทรา - บางพลี,motorcycle,speeding,rear-end collision,2,1,0,clear,13.81050855,100.6779358,straight road,no slope
6010850,2022-01-15T01:50:00Z,2022-03-31T14:54:00Z,กรุงเทพมหานคร,Bangkok,department of highways,แขวงรามอินทรา - บางพลี,private/passenger car,speeding,rollover/fallen on straight road,1,0,0,clear,13.77717684,100.6874415,straight road,no slope
6009504,2022-01-15T09:17:00Z,2022-03-31T09:25:00Z,ปทุมธานี,Pathum Thani,department of highways,บางปะอิน - แขวงรามอินทรา,other,speeding,rollover/fallen on straight road,1,0,0,clear,14.11013513,100.6811812,straight road,no slope
6243212,2022-01-15T11:50:00Z,2022-05-25T14:12:00Z,กรุงเทพมหานคร,Bangkok,department of highways,แขวงรามอินทรา - บางพลี,private/passenger car,speeding,rollover/fallen on straight road,1,0,1,clear,13.76927302,100.6919986,straight road,no slope
5585651,2022-01-15T12:00:00Z,2022-01-16T11:04:00Z,กรุงเทพมหานคร,Bangkok,department of highways,บางปะอิน - แขวงรามอินทรา,private/passenger car,speeding,rear-end collision,3,0,2,clear,13.88440166,100.6864303,straight road,no slope
5580928,2022-01-15T14:50:00Z,2022-01-15T16:34:00Z,กรุงเทพมหานคร,Bangkok,expressway authority of thailand,ดาวคะนอง-ท่าเรือ,4-wheel pickup truck,other,rear-end collision,3,0,1,clear,NA,NA,straight road,other
6567061,2022-01-15T18:55:00Z,2022-01-18T11:06:00Z,กรุงเทพมหานคร,Bangkok,department of rural roads,ทางเข้าถนนสุขสวัสดิ์สู่ถนนวงแหวนอุตสาหกรรม,private/passenger car,abrupt lane change,other,2,0,0,clear,13.664534,100.517509,straight road,other
6010585,2022-01-15T21:01:00Z,2022-03-31T13:50:00Z,สมุทรปราการ,Samut Prakan,department of highways,แขวงคลองสองต้นนุ่น - พิมพา,4-wheel pickup truck,overloaded vehicle,other,1,0,0,clear,13.6718705,100.840998,straight road,no slope
6010582,2022-01-15T22:37:00Z,2022-03-31T13:52:00Z,กรุงเทพมหานคร,Bangkok,department of highways,บางปะอิน - แขวงรามอินทรา,private/passenger car,speeding,rollover/fallen on straight road,1,0,2,clear,13.91118321,100.7004797,straight road,no slope
5842734,2022-01-15T23:00:00Z,2022-03-04T09:03:00Z,ปทุมธานี,Pathum Thani,department of highways,วัดนาบุญ - คลอง 14,private/passenger car,speeding,rollover/fallen on straight road,1,0,1,clear,14.07199452,100.8794153,straight road,no slope
5783441,2022-01-16T00:15:00Z,2022-02-22T14:42:00Z,กรุงเทพมหานคร,Bangkok,department of highways,แยกเข้ามีนบุรี - คลองหลวงแพ่ง,private/passenger car,speeding,rollover/fallen on curved road,1,0,0,clear,13.81804374,100.7238042,wide curve,no slope
5583578,2022-01-16T00:41:00Z,2022-01-16T01:53:00Z,กรุงเทพมหานคร,Bangkok,expressway authority of thailand,รามอินทรา-อาจณรงค์,other,other,rear-end collision,2,0,0,clear,13.821919,100.626324,wide curve,other
5584302,2022-01-16T05:00:00Z,2022-01-16T05:45:00Z,สมุทรปราการ,Samut Prakan,expressway authority of thailand,บางพลี-สุขสวัสดิ์,large truck with trailer,other,rear-end collision,2,0,1,clear,13.631934,100.578295,straight road,other
5888609,2022-01-16T05:00:00Z,2022-03-11T10:45:00Z,นครปฐม,Nakhon Pathom,department of highways,บางเลน - ลำลูกบัว,4-wheel pickup truck,speeding,rollover/fallen on straight road,1,0,0,clear,14.02799784,100.1323905,straight road,no slope
6009505,2022-01-16T08:30:00Z,2022-03-31T09:28:00Z,สมุทรปราการ,Samut Prakan,department of highways,แขวงรามอินทรา - บางพลี,4-wheel pickup truck,speeding,rollover/fallen on straight road,1,0,2,clear,13.65331616,100.6896436,other,other
6319403,2022-01-16T11:00:00Z,2022-06-06T14:08:00Z,สมุทรปราการ,Samut Prakan,department of highways,ทางเข้าท่าอากาศยานสุวรรณภูมิด้านถนนบางนา - บางวัว,large truck with trailer,driving under the influence of alcohol,rollover/fallen on straight road,1,0,1,clear,13.63735655,100.7416677,straight road,no slope
7445683,2022-01-16T11:00:00Z,2022-12-09T09:02:00Z,กรุงเทพมหานคร,Bangkok,department of highways,ไม่ทราบ,motorcycle,illegal overtaking,rear-end collision,2,0,1,clear,13.83487062,100.5571974,straight road,no slope
5843213,2022-01-16T11:30:00Z,2022-03-04T10:48:00Z,ปทุมธานี,Pathum Thani,department of highways,คลองบางไผ่ - คลองบางหลวง,motorcycle,speeding,pedestrian collision,1,1,1,clear,14.01953526,100.4520911,straight road,no slope
5605871,2022-01-16T16:17:00Z,2022-01-19T09:10:00Z,ปทุมธานี,Pathum Thani,department of highways,บางปะอิน - แขวงรามอินทรา,4-wheel pickup truck,speeding,rear-end collision,2,0,0,clear,14.11176353,100.6803122,straight road,no slope
6009531,2022-01-16T16:21:00Z,2022-03-31T09:34:00Z,ปทุมธานี,Pathum Thani,department of highways,บางปะอิน - แขวงรามอินทรา,private/passenger car,speeding,rear-end collision,2,0,0,clear,14.01182708,100.7033953,straight road,no slope
6345611,2022-01-16T23:00:00Z,2022-06-10T13:47:00Z,ปทุมธานี,Pathum Thani,department of highways,ต่างระดับคลองหลวง - ประตูน้ำพระอินทร์,motorcycle,speeding,rear-end collision,2,0,0,clear,14.07538454,100.6177497,other,other
5590531,2022-01-17T03:02:00Z,2022-01-17T04:04:00Z,สมุทรปราการ,Samut Prakan,expressway authority of thailand,บางพลี-สุขสวัสดิ์,7-10-wheel truck,other,rear-end collision,2,0,1,clear,13.637099,100.547235,grade-separated intersection/ramps,other
5590986,2022-01-17T05:05:00Z,2022-01-17T06:13:00Z,สมุทรปราการ,Samut Prakan,expressway authority of thailand,บางพลี-สุขสวัสดิ์,large truck with trailer,other,side collision,2,0,1,clear,13.62904,100.527976,grade-separated intersection/ramps,other
5592506,2022-01-17T09:36:00Z,2022-01-17T11:15:00Z,สมุทรปราการ,Samut Prakan,expressway authority of thailand,บางพลี-สุขสวัสดิ์,other,other,rear-end collision,4,0,1,clear,13.613121,100.619701,straight road,other
6005085,2022-01-17T13:15:00Z,2022-03-30T14:37:00Z,กรุงเทพมหานคร,Bangkok,department of highways,แขวงรามอินทรา - บางพลี,6-wheel truck,speeding,rollover/fallen on straight road,1,0,0,clear,13.75783362,100.6981999,straight road,no slope
5862031,2022-01-17T13:30:00Z,2022-03-07T13:34:00Z,สมุทรสาคร,Samut Sakhon,department of highways,อ้อมน้อย - สมุทรสาคร,7-10-wheel truck,speeding,rollover/fallen on straight road,1,0,0,clear,13.57926675,100.2753872,other,other
7440912,2022-01-17T22:10:00Z,2022-12-08T08:20:00Z,สมุทรปราการ,Samut Prakan,department of highways,ไม่ทราบ,private/passenger car,speeding,rear-end collision,2,0,1,clear,13.60140241,100.7859483,straight road,no slope
5838235,2022-01-18T00:01:00Z,2022-03-03T15:26:00Z,ปทุมธานี,Pathum Thani,department of highways,ลำลูกกา - คลอง 16,private/passenger car,speeding,rear-end collision,2,0,0,clear,13.93491585,100.7465038,other,other
5746203,2022-01-18T02:15:00Z,2022-02-15T15:09:00Z,นนทบุรี,Nonthaburi,department of highways,คลองบางไผ่ - คลองบางหลวง,6-wheel truck,speeding,rollover/fallen on straight road,1,0,0,clear,13.9034714,100.4071909,straight road,no slope
5783433,2022-01-18T07:15:00Z,2022-02-22T14:41:00Z,กรุงเทพมหานคร,Bangkok,department of highways,งามวงศ์วาน - ดอนเมือง,other,speeding,collision with obstruction (on road surface),1,0,0,clear,13.919379,100.601128,straight road,no slope
7554321,2022-01-18T08:40:00Z,2023-01-09T10:12:00Z,กรุงเทพมหานคร,Bangkok,department of highways,อรุณอมรินทร์ - พุทธมณฑลสาย 4,motorcycle,speeding,rear-end collision,2,0,0,clear,13.78219931,100.4185461,straight road,no slope
6010364,2022-01-18T08:41:00Z,2022-03-31T13:20:00Z,กรุงเทพมหานคร,Bangkok,department of highways,แขวงคลองสองต้นนุ่น - พิมพา,private/passenger car,speeding,rollover/fallen on straight road,1,0,0,clear,13.73218088,100.7815441,straight road,no slope
5599618,2022-01-18T11:23:00Z,2022-01-18T11:58:00Z,กรุงเทพมหานคร,Bangkok,expressway authority of thailand,รามอินทรา-อาจณรงค์,other,other,rear-end collision,3,0,0,clear,13.711098,100.598219,straight road,other
6009528,2022-01-18T12:22:00Z,2022-03-31T09:33:00Z,ปทุมธานี,Pathum Thani,department of highways,บางปะอิน - แขวงรามอินทรา,private/passenger car,speeding,rear-end collision,2,0,0,clear,14.07536893,100.6956276,straight road,no slope
6009526,2022-01-18T14:00:00Z,2022-03-31T09:32:00Z,ปทุมธานี,Pathum Thani,department of highways,บางปะอิน - แขวงรามอินทรา,4-wheel pickup truck,speeding,rear-end collision,2,0,1,clear,14.06087191,100.6971082,straight road,no slope
6950240,2022-01-18T21:00:00Z,2022-09-21T11:00:00Z,นนทบุรี,Nonthaburi,department of highways,คลองมหาสวัสดิ์ - คลองบางไผ่,motorcycle,speeding,rear-end collision,2,1,0,clear,13.86592147,100.4108012,straight road,no slope
6344504,2022-01-18T22:50:00Z,2022-06-10T10:25:00Z,กรุงเทพมหานคร,Bangkok,department of highways,แยกเข้ามีนบุรี - คลองหลวงแพ่ง,private/passenger car,speeding,rollover/fallen on straight road,1,0,1,clear,13.81101907,100.7960924,straight road,no slope
5843233,2022-01-19T01:00:00Z,2022-03-04T10:54:00Z,นนทบุรี,Nonthaburi,department of highways,สะพานพระนั่งเกล้า - ต่างระดับบางใหญ่,private/passenger car,speeding,rollover/fallen on straight road,1,0,1,clear,13.87503806,100.4237106,straight road,no slope
6330957,2022-01-19T02:20:00Z,2022-06-08T11:43:00Z,สมุทรปราการ,Samut Prakan,department of highways,แขวงคลองสองต้นนุ่น - พิมพา,private/passenger car,speeding,rollover/fallen on straight road,1,0,0,clear,13.64135503,100.8884355,straight road,no slope
6009524,2022-01-19T04:16:00Z,2022-03-31T09:30:00Z,ปทุมธานี,Pathum Thani,department of highways,บางปะอิน - แขวงรามอินทรา,large truck with trailer,speeding,rear-end collision,2,0,0,clear,14.10776535,100.6825358,straight road,no slope
6567067,2022-01-19T07:30:00Z,2022-01-19T13:30:00Z,นนทบุรี,Nonthaburi,department of rural roads,ถนนชัยพฤกษ์,motorcycle,repair/construction on the road,other,3,1,0,clear,13.922675,100.477745,straight road,no slope
6005067,2022-01-19T08:30:00Z,2022-03-30T14:33:00Z,ปทุมธานี,Pathum Thani,department of highways,บางปะอิน - แขวงรามอินทรา,private/passenger car,speeding,rollover/fallen on straight road,1,0,1,clear,14.00927671,100.7043046,straight road,no slope
6533125,2022-01-19T10:00:00Z,2022-07-11T14:30:00Z,สมุทรปราการ,Samut Prakan,department of highways,บางนา - ทางเข้าท่าอากาศยานสุวรรณภูมิ,6-wheel truck,speeding,rear-end collision,4,0,3,clear,13.64050529,100.6989616,straight road,no slope
5783434,2022-01-19T11:00:00Z,2022-02-22T14:40:00Z,กรุงเทพมหานคร,Bangkok,department of highways,ถนนศรีนครินทร์ - ลาดกระบัง,other,speeding,rollover/fallen on straight road,1,0,0,clear,13.7338901,100.8054882,wide curve,no slope
5607415,2022-01-19T11:06:00Z,2022-01-19T13:55:00Z,สมุทรปราการ,Samut Prakan,expressway authority of thailand,บางนา-ชลบุรี,4-wheel pickup truck,other,rear-end collision,2,0,0,clear,13.632982,100.712435,straight road,other
5843832,2022-01-19T11:30:00Z,2022-03-04T13:26:00Z,นนทบุรี,Nonthaburi,department of highways,บางบัวทอง -  ลาดบัวหลวง,4-wheel pickup truck,cutting in closely by people/vehicles/animals,rear-end collision,4,0,1,clear,13.97743897,100.3906175,straight road,no slope
5622745,2022-01-19T19:15:00Z,2022-01-21T15:58:00Z,กรุงเทพมหานคร,Bangkok,department of highways,แขวงรามอินทรา - บางพลี,private/passenger car,speeding,rear-end collision,3,0,0,clear,13.65883649,100.6933799,straight road,no slope
7553830,2022-01-19T20:45:00Z,2023-01-07T15:56:00Z,กรุงเทพมหานคร,Bangkok,department of highways,ดินแดง - งามวงศ์วาน,motorcycle,running red lights/traffic signals,collision at intersection corner,2,1,1,other,13.78987642,100.5615629,straight road,no slope
6004966,2022-01-19T23:37:00Z,2022-03-30T14:06:00Z,กรุงเทพมหานคร,Bangkok,department of highways,แขวงคลองสองต้นนุ่น - พิมพา,4-wheel pickup truck,speeding,rear-end collision,2,0,0,clear,13.73108394,100.76253,straight road,no slope
5661696,2022-01-20T01:45:00Z,2022-02-02T11:51:00Z,สมุทรปราการ,Samut Prakan,expressway authority of thailand,บางพลี-สุขสวัสดิ์,other,other,collision with obstruction (on road surface),1,0,0,clear,13.635238,100.543062,grade-separated intersection/ramps,other
5615218,2022-01-20T07:21:00Z,2022-01-20T14:48:00Z,สมุทรปราการ,Samut Prakan,department of highways,แขวงคลองสองต้นนุ่น - พิมพา,private/passenger car,speeding,other,2,0,0,clear,13.65118671,100.8731255,straight road,no slope
5614310,2022-01-20T10:55:00Z,2022-01-20T12:09:00Z,กรุงเทพมหานคร,Bangkok,expressway authority of thailand,หมอชิต-กาญจนาฯ,other,other,collision with obstruction (on road surface),1,0,0,clear,NA,NA,other,other
5614443,2022-01-20T11:37:00Z,2022-01-20T12:40:00Z,กรุงเทพมหานคร,Bangkok,expressway authority of thailand,รามอินทรา-อาจณรงค์,other,other,side collision,2,0,1,clear,NA,NA,wide curve,other
5627588,2022-01-20T11:50:00Z,2022-01-27T12:59:00Z,สมุทรปราการ,Samut Prakan,department of highways,แขวงรามอินทรา - บางพลี,large truck with trailer,speeding,rear-end collision,2,0,0,clear,13.65701985,100.6920683,straight road,no slope
6533104,2022-01-20T13:00:00Z,2022-07-11T14:29:00Z,นนทบุรี,Nonthaburi,department of highways,คลองวัดแดง - บางบัวทอง,motorcycle,speeding,rear-end collision,2,1,0,clear,13.86315335,100.4386613,straight road,no slope
5617271,2022-01-20T16:12:00Z,2022-01-20T21:22:00Z,สมุทรปราการ,Samut Prakan,expressway authority of thailand,บางพลี-สุขสวัสดิ์,4-wheel pickup truck,other,rear-end collision,3,0,0,clear,13.635432,100.542951,grade-separated intersection/ramps,other
6330962,2022-01-21T01:00:00Z,2022-06-08T11:42:00Z,กรุงเทพมหานคร,Bangkok,department of highways,แขวงคลองสองต้นนุ่น - พิมพา,large truck with trailer,speeding,rollover/fallen on straight road,1,0,0,clear,13.72953884,100.7444814,straight road,no slope
5648970,2022-01-21T01:05:00Z,2022-01-31T19:58:00Z,กรุงเทพมหานคร,Bangkok,expressway authority of thailand,แจ้งวัฒนะ-พญาไท,other,other,other,1,0,0,clear,NA,NA,y-intersection,other
6567076,2022-01-21T06:03:00Z,2022-01-24T13:45:00Z,สมุทรปราการ,Samut Prakan,department of rural roads,สะพานภูมิพลที่ 1 ไปสะพานภูมิพลที่ 2,large truck with trailer,falling asleep,other,1,0,0,dark,13.652792,100.541216,straight road,slope area
6533102,2022-01-21T07:00:00Z,2022-07-11T14:28:00Z,นนทบุรี,Nonthaburi,department of highways,คลองวัดแดง - บางบัวทอง,private/passenger car,speeding,rear-end collision,2,0,0,clear,13.87404075,100.4346353,straight road,no slope
6330977,2022-01-21T07:40:00Z,2022-06-08T11:44:00Z,ปทุมธานี,Pathum Thani,department of highways,บางปะอิน - แขวงรามอินทรา,4-wheel pickup truck,speeding,rollover/fallen on straight road,1,0,1,clear,13.93681623,100.7091299,straight road,no slope
7561191,2022-01-21T07:45:00Z,2023-01-17T06:45:00Z,กรุงเทพมหานคร,Bangkok,department of highways,อรุณอมรินทร์ - พุทธมณฑลสาย 4,private/passenger car,cutting in closely by people/vehicles/animals,rear-end collision,2,0,1,clear,13.78241162,100.4173149,straight road,no slope