acc_code,incident_datetime,report_datetime,province_th,province_en,agency,route,vehicle_type,presumed_cause,accident_type,number_of_vehicles_involved,number_of_fatalities,number_of_injuries,weather_condition,latitude,longitude,road_description,slope_description
6003887,2022-01-21T08:06:00Z,2022-03-30T09:51:00Z,ปทุมธานี,Pathum Thani,department of highways,บางปะอิน - แขวงรามอินทรา,4-wheel pickup truck,speeding,rear-end collision,3,0,0,clear,14.00509196,100.7061446,straight road,no slope
6330974,2022-01-21T10:10:00Z,2022-06-08T11:42:00Z,กรุงเทพมหานคร,Bangkok,department of highways,แขวงคลองสองต้นนุ่น - พิมพา,large truck with trailer,vehicle equipment failure,rollover/fallen on straight road,1,0,0,clear,13.72945546,100.7408497,straight road,no slope
5624248,2022-01-21T11:10:00Z,2022-01-22T14:39:00Z,กรุงเทพมหานคร,Bangkok,department of highways,แขวงรามอินทรา - บางพลี,large truck with trailer,speeding,rear-end collision,2,0,0,clear,13.71231018,100.7002517,straight road,no slope
5860832,2022-01-21T14:30:00Z,2022-03-07T09:08:00Z,ปทุมธานี,Pathum Thani,department of highways,คลองบางหลวง - ต่างระดับเชียงรากน้อย,large truck with trailer,speeding,rollover/fallen on straight road,1,0,0,rainy,14.10641787,100.5317473,straight road,no slope
7561212,2022-01-21T17:00:00Z,2023-01-17T07:14:00Z,กรุงเทพมหานคร,Bangkok,department of highways,อรุณอมรินทร์ - พุทธมณฑลสาย 4,private/passenger car,speeding,rear-end collision,2,0,0,clear,13.78035497,100.4434799,straight road,no slope
5624549,2022-01-21T19:24:00Z,2022-01-24T13:14:00Z,กรุงเทพมหานคร,Bangkok,department of highways,แขวงคลองสองต้นนุ่น - พิมพา,private/passenger car,speeding,rear-end collision,2,0,0,clear,13.73111,100.7163906,straight road,no slope
6003797,2022-01-21T21:45:00Z,2022-03-30T09:27:00Z,ปทุมธานี,Pathum Thani,department of highways,บางปะอิน - แขวงรามอินทรา,4-wheel pickup truck,speeding,rollover/fallen on straight road,1,0,0,clear,14.07538454,100.6956115,straight road,no slope
5624359,2022-01-21T23:00:00Z,2022-01-23T14:43:00Z,ปทุมธานี,Pathum Thani,department of highways,บางปะอิน - แขวงรามอินทรา,large truck with trailer,speeding,rollover/fallen on straight road,1,0,1,rainy,14.06901293,100.6963572,straight road,no slope
6330964,2022-01-21T23:15:00Z,2022-06-08T11:43:00Z,สมุทรปราการ,Samut Prakan,department of highways,แขวงคลองสองต้นนุ่น - พิมพา,large truck with trailer,speeding,rear-end collision,2,0,0,clear,13.62365591,100.9159899,straight road,no slope
6319330,2022-01-21T23:40:00Z,2022-06-06T13:50:00Z,สมุทรปราการ,Samut Prakan,department of highways,บางนา - ทางเข้าท่าอากาศยานสุวรรณภูมิ,7-10-wheel truck,running red lights/traffic signals,other,1,0,0,clear,13.65545081,100.6719705,other,other
6344501,2022-01-22T01:30:00Z,2022-06-10T10:26:00Z,กรุงเทพมหานคร,Bangkok,department of highways,แยกเข้ามีนบุรี - คลองหลวงแพ่ง,6-wheel truck,cutting in closely by people/vehicles/animals,rollover/fallen on straight road,1,0,0,clear,13.8084743,100.9018037,straight road,no slope
7330985,2022-01-22T05:15:00Z,2022-03-30T09:23:00Z,กรุงเทพมหานคร,Bangkok,department of highways,บางปะอิน - แขวงรามอินทรา,large truck with trailer,cutting in closely by people/vehicles/animals,rear-end collision,2,0,2,rainy,13.83385563,100.6738669,straight road,no slope
6344369,2022-01-22T05:30:00Z,2022-06-10T10:12:00Z,กรุงเทพมหานคร,Bangkok,department of highways,แยกเข้ามีนบุรี - คลองหลวงแพ่ง,private/passenger car,speeding,rollover/fallen on straight road,1,0,0,rainy,13.80690888,100.8371544,straight road,no slope
5626732,2022-01-22T05:50:00Z,2022-01-26T15:19:00Z,กรุงเทพมหานคร,Bangkok,department of highways,แขวงรามอินทรา - บางพลี,4-wheel pickup truck,speeding,rollover/fallen on curved road,1,0,0,rainy,13.73293388,100.7055089,other,other
6330972,2022-01-22T06:30:00Z,2022-06-08T11:41:00Z,กรุงเทพมหานคร,Bangkok,department of highways,แขวงคลองสองต้นนุ่น - พิมพา,large truck with trailer,speeding,rollover/fallen on curved road,1,0,0,rainy,13.72947891,100.7417589,wide curve,no slope
6003648,2022-01-22T07:48:00Z,2022-03-30T09:00:00Z,สมุทรปราการ,Samut Prakan,department of highways,แขวงคลองสองต้นนุ่น - พิมพา,private/passenger car,speeding,rollover/fallen on straight road,1,0,0,rainy,13.64381299,100.884608,straight road,no slope
6567078,2022-01-22T08:00:00Z,2022-01-24T13:46:00Z,สมุทรปราการ,Samut Prakan,department of rural roads,ถนนวงแหวนอุตสาหกรรมเข้าสะพานภูมิพลที่ 1,passenger pickup truck,tailgating,other,2,0,1,clear,13.664553,100.535828,y-intersection,other
7561508,2022-01-22T08:10:00Z,2023-01-17T10:08:00Z,กรุงเทพมหานคร,Bangkok,department of highways,อรุณอมรินทร์ - พุทธมณฑลสาย 4,motorcycle,speeding,rear-end collision,2,0,1,clear,13.7862917,100.4634127,straight road,no slope
6003839,2022-01-22T09:20:00Z,2022-03-30T09:41:00Z,กรุงเทพมหานคร,Bangkok,department of highways,บางปะอิน - แขวงรามอินทรา,private/passenger car,speeding,rear-end collision,10,0,0,rainy,13.83319931,100.6739285,straight road,no slope
5624239,2022-01-22T10:20:00Z,2022-01-22T11:02:00Z,กรุงเทพมหานคร,Bangkok,expressway authority of thailand,ดินแดง-ท่าเรือ,other,other,collision with obstruction (on road surface),1,0,1,rainy,13.72439624,100.5526095,straight road,other
5627589,2022-01-22T10:25:00Z,2022-01-27T12:58:00Z,กรุงเทพมหานคร,Bangkok,department of highways,แขวงรามอินทรา - บางพลี,4-wheel pickup truck,speeding,rollover/fallen on curved road,1,0,1,clear,13.73295472,100.7055062,other,other
5624242,2022-01-22T10:28:00Z,2022-01-22T13:37:00Z,กรุงเทพมหานคร,Bangkok,expressway authority of thailand,พญาไท-ศรีนครินทร์,4-wheel pickup truck,other,rear-end collision,6,0,0,clear,NA,NA,straight road,other
5626480,2022-01-22T14:00:00Z,2022-01-26T09:07:00Z,กรุงเทพมหานคร,Bangkok,department of highways,บางปะอิน - แขวงรามอินทรา,large truck with trailer,speeding,rear-end collision,2,0,0,clear,13.90873066,100.6989214,straight road,no slope
5624347,2022-01-23T00:42:00Z,2022-01-23T01:29:00Z,กรุงเทพมหานคร,Bangkok,expressway authority of thailand,รามอินทรา-อาจณรงค์,other,other,rear-end collision,2,0,1,clear,13.81105,100.620175,straight road,other
5624348,2022-01-23T01:44:00Z,2022-01-23T03:02:00Z,กรุงเทพมหานคร,Bangkok,expressway authority of thailand,แจ้งวัฒนะ-พญาไท,other,other,collision with obstruction (on road surface),1,0,0,clear,13.77605613,100.5327601,wide curve,other
6242381,2022-01-23T02:40:00Z,2022-05-24T14:30:00Z,สมุทรสาคร,Samut Sakhon,department of highways,บ้านบ่อ - พระประโทน,4-wheel pickup truck,speeding,rear-end collision,2,0,0,clear,13.53316383,100.1793158,straight road,no slope
6003674,2022-01-23T10:13:00Z,2022-03-30T09:02:00Z,สมุทรปราการ,Samut Prakan,department of highways,แขวงคลองสองต้นนุ่น - พิมพา,private/passenger car,speeding,rear-end collision,2,0,0,clear,13.64184766,100.8876684,straight road,no slope
6003699,2022-01-23T10:30:00Z,2022-03-30T09:05:00Z,สมุทรปราการ,Samut Prakan,department of highways,แขวงคลองสองต้นนุ่น - พิมพา,4-wheel pickup truck,speeding,rear-end collision,2,0,0,clear,13.64135503,100.8884355,straight road,no slope
7554308,2022-01-23T10:36:00Z,2023-01-09T10:00:00Z,กรุงเทพมหานคร,Bangkok,department of highways,อรุณอมรินทร์ - พุทธมณฑลสาย 4,private/passenger car,speeding,rear-end collision,2,0,0,clear,13.7811,100.4255439,other,other
6003697,2022-01-23T10:44:00Z,2022-03-30T09:06:00Z,ปทุมธานี,Pathum Thani,department of highways,บางปะอิน - แขวงรามอินทรา,private/passenger car,speeding,rear-end collision,2,0,0,clear,14.14666984,100.66058460000001,straight road,no slope
5998272,2022-01-23T11:49:00Z,2022-03-29T11:13:00Z,กรุงเทพมหานคร,Bangkok,department of highways,แขวงคลองสองต้นนุ่น - พิมพา,4-wheel pickup truck,speeding,rear-end collision,2,0,0,clear,13.72998439,100.758115,other,other
5624364,2022-01-23T18:00:00Z,2022-01-23T19:02:00Z,กรุงเทพมหานคร,Bangkok,expressway authority of thailand,รามอินทรา-อาจณรงค์,other,other,rear-end collision,4,0,1,clear,NA,NA,wide curve,other
6567079,2022-01-24T03:20:00Z,2022-01-24T13:46:00Z,สมุทรปราการ,Samut Prakan,department of rural roads,ทางออกจากถนนวงแหวนอุตสาหกรรมสู่ถนนปู่เจ้าสมิงพราย,motorcycle,dangerous curve,other,1,0,1,clear,13.646224,100.540102,sharp curve,slope area
5626750,2022-01-24T05:20:00Z,2022-01-26T15:39:00Z,กรุงเทพมหานคร,Bangkok,department of highways,แขวงรามอินทรา - บางพลี,7-10-wheel truck,speeding,rollover/fallen on straight road,1,0,1,clear,13.76600096,100.6934497,straight road,no slope
5783404,2022-01-24T11:00:00Z,2022-02-22T14:37:00Z,กรุงเทพมหานคร,Bangkok,department of highways,คลองพระยาสุเรนทร์ - ประเวศ,other,speeding,rollover/fallen on straight road,1,0,0,clear,13.85274202,100.6736684,straight road,no slope
5783402,2022-01-24T11:30:00Z,2022-02-22T14:39:00Z,กรุงเทพมหานคร,Bangkok,department of highways,คลองพระยาสุเรนทร์ - ประเวศ,other,speeding,rollover/fallen on straight road,1,0,0,clear,13.67820611,100.6992191,straight road,no slope
7440907,2022-01-24T16:10:00Z,2022-12-08T08:19:00Z,สมุทรปราการ,Samut Prakan,department of highways,ไม่ทราบ,large truck with trailer,speeding,rear-end collision,2,0,1,clear,13.59530227,100.8034754,straight road,no slope
7561501,2022-01-24T18:30:00Z,2023-01-17T10:08:00Z,กรุงเทพมหานคร,Bangkok,department of highways,อรุณอมรินทร์ - พุทธมณฑลสาย 4,private/passenger car,speeding,rear-end collision,2,0,0,clear,13.78587231,100.4633591,other,other
5625213,2022-01-25T04:38:00Z,2022-01-25T07:17:00Z,กรุงเทพมหานคร,Bangkok,expressway authority of thailand,ดาวคะนอง-ท่าเรือ,7-10-wheel truck,other,rear-end collision,2,1,1,clear,13.6827372,100.5181662,grade-separated intersection/ramps,other
5625287,2022-01-25T08:34:00Z,2022-01-25T10:30:00Z,กรุงเทพมหานคร,Bangkok,expressway authority of thailand,พญาไท-ศรีนครินทร์,4-wheel pickup truck,other,rear-end collision,2,0,1,clear,13.74796251,100.603281,grade-separated intersection/ramps,other
5625343,2022-01-25T12:24:00Z,2022-01-25T13:25:00Z,กรุงเทพมหานคร,Bangkok,expressway authority of thailand,ดาวคะนอง-ท่าเรือ,other,other,other,2,0,0,clear,13.70420609,100.5436327,wide curve,other
6454120,2022-01-25T17:30:00Z,2022-06-28T16:11:00Z,นครปฐม,Nakhon Pathom,department of highways,พุทธมณฑลสาย 4 - นครชัยศรี,private/passenger car,speeding,rear-end collision,2,0,0,clear,13.78692991,100.3084105,straight road,no slope
5861136,2022-01-25T20:30:00Z,2022-03-07T10:24:00Z,สมุทรปราการ,Samut Prakan,department of highways,บางตำหรุ - คลองด่าน,private/passenger car,speeding,pedestrian collision,1,1,0,clear,13.50288609,100.8365321,straight road,no slope
5627611,2022-01-26T04:30:00Z,2022-01-27T14:20:00Z,กรุงเทพมหานคร,Bangkok,department of highways,บางปะอิน - แขวงรามอินทรา,private/passenger car,falling asleep,rollover/fallen on straight road,1,0,1,clear,13.83713455,100.6734404,straight road,no slope
5627594,2022-01-26T07:00:00Z,2022-01-27T13:48:00Z,กรุงเทพมหานคร,Bangkok,department of highways,บางปะอิน - แขวงรามอินทรา,4-wheel pickup truck,vehicle equipment failure,rollover/fallen on straight road,1,0,0,clear,13.81976536,100.675782,straight road,no slope
6330969,2022-01-26T22:30:00Z,2022-06-08T11:40:00Z,กรุงเทพมหานคร,Bangkok,department of highways,แขวงคลองสองต้นนุ่น - พิมพา,private/passenger car,speeding,rollover/fallen on straight road,1,0,2,clear,13.72621672,100.8121589,straight road,no slope
5627657,2022-01-26T22:50:00Z,2022-01-27T17:32:00Z,สมุทรปราการ,Samut Prakan,department of highways,บางพลี - กิ่งแก้ว,4-wheel pickup truck,speeding,pedestrian collision,1,0,1,clear,13.69539036,100.7311883,other,other
5627587,2022-01-27T01:16:00Z,2022-01-27T12:55:00Z,กรุงเทพมหานคร,Bangkok,department of highways,แขวงคลองสองต้นนุ่น - พิมพา,private/passenger car,speeding,rear-end collision,2,0,0,clear,13.73210792,100.7760885,straight road,no slope
5627595,2022-01-27T12:51:00Z,2022-01-27T13:50:00Z,กรุงเทพมหานคร,Bangkok,expressway authority of thailand,รามอินทรา-อาจณรงค์,other,other,rear-end collision,5,0,0,clear,13.826897,100.628475,straight road,other
6144111,2022-01-27T13:30:00Z,2022-04-25T13:57:00Z,นครปฐม,Nakhon Pathom,department of highways,อ้อมน้อย - ศาลายา,4-wheel pickup truck,speeding,rollover/fallen on straight road,1,0,0,rainy,13.73582339,100.2996504,straight road,no slope
6243255,2022-01-27T15:30:00Z,2022-05-25T15:05:00Z,นครปฐม,Nakhon Pathom,department of highways,ไร่ขิง - ทรงคนอง,4-wheel pickup truck,speeding,rollover/fallen on curved road,1,0,0,rainy,13.77787239,100.2672225,wide curve,no slope
5860856,2022-01-27T17:30:00Z,2022-03-07T09:13:00Z,ปทุมธานี,Pathum Thani,department of highways,สะพานคลองเปรม - สะพานข้ามแม่น้ำเจ้าพระยาปทุมธานี,pedestrian,speeding,pedestrian collision,1,0,0,clear,13.98459914,100.5928507,other,other
7560781,2022-01-27T19:00:00Z,2023-01-16T13:59:00Z,กรุงเทพมหานคร,Bangkok,department of highways,ดินแดง - งามวงศ์วาน,private/passenger car,speeding,rear-end collision,2,0,0,clear,13.78987642,100.5615629,straight road,no slope
6319712,2022-01-28T09:00:00Z,2022-06-06T15:02:00Z,สมุทรปราการ,Samut Prakan,department of highways,บางนา - ทางเข้าท่าอากาศยานสุวรรณภูมิ,6-wheel truck,running red lights/traffic signals,other,1,0,0,clear,13.65545081,100.6719813,other,other
5861123,2022-01-28T09:40:00Z,2022-03-07T10:17:00Z,สมุทรปราการ,Samut Prakan,department of highways,บางนา - ทางเข้าท่าอากาศยานสุวรรณภูมิ,large truck with trailer,speeding,rear-end collision,2,0,0,clear,13.65963924,100.6646615,straight road,no slope
5628505,2022-01-28T09:44:00Z,2022-01-28T10:18:00Z,กรุงเทพมหานคร,Bangkok,expressway authority of thailand,หมอชิต-กาญจนาฯ,other,other,other,1,0,0,clear,NA,NA,other,other
5629537,2022-01-28T13:10:00Z,2022-01-28T13:59:00Z,กรุงเทพมหานคร,Bangkok,expressway authority of thailand,บางพลี-สุขสวัสดิ์,other,other,other,1,0,0,clear,NA,NA,straight road,other
5976115,2022-01-28T13:20:00Z,2022-03-25T13:55:00Z,กรุงเทพมหานคร,Bangkok,department of highways,ถนนศรีนครินทร - แขวงคลองสองต้นนุ่น,4-wheel pickup truck,speeding,rollover/fallen on curved road,1,0,0,clear,13.73232418,100.7015499,wide curve,no slope
5894924,2022-01-28T16:00:00Z,2022-03-12T10:35:00Z,ปทุมธานี,Pathum Thani,department of highways,ต่างระดับรังสิต - วัดนาบุญ,large truck with trailer,speeding,rollover/fallen on straight road,1,0,0,clear,13.98916425,100.6381157,straight road,no slope
5663193,2022-01-28T19:20:00Z,2022-02-02T16:32:00Z,กรุงเทพมหานคร,Bangkok,department of highways,ถนนศรีนครินทร - แขวงคลองสองต้นนุ่น,private/passenger car,speeding,rear-end collision,3,0,0,clear,13.73160505,100.7128045,straight road,no slope
5862024,2022-01-28T20:00:00Z,2022-03-07T13:31:00Z,สมุทรสาคร,Samut Sakhon,department of highways,แสมดำ - สะพานข้ามแม่น้ำท่าจีนฝั่งตะวันตก,4-wheel pickup truck,vehicle equipment failure,rollover/fallen on straight road,1,0,2,clear,13.59264668,100.352844,straight road,no slope
5651995,2022-01-29T00:04:00Z,2022-02-01T06:43:00Z,กรุงเทพมหานคร,Bangkok,expressway authority of thailand,แจ้งวัฒนะ-พญาไท,other,other,collision with obstruction (on road surface),1,0,0,clear,NA,NA,wide curve,other
5633696,2022-01-29T00:45:00Z,2022-01-29T02:54:00Z,กรุงเทพมหานคร,Bangkok,expressway authority of thailand,ดาวคะนอง-ท่าเรือ,other,other,rear-end collision,2,0,0,clear,13.671096,100.5080263,wide curve,other
5783383,2022-01-29T02:00:00Z,2022-02-22T14:34:00Z,กรุงเทพมหานคร,Bangkok,department of highways,คลองพระยาสุเรนทร์ - ประเวศ,private/passenger car,speeding,collision with obstruction (on road surface),1,0,0,clear,13.76329939,100.6949544,other,other
5861115,2022-01-29T02:45:00Z,2022-03-07T10:13:00Z,สมุทรปราการ,Samut Prakan,department of highways,สำโรง - สะพานภูมิพล,motorcycle,speeding,collision with obstruction (on road surface),3,1,1,clear,13.64945603,100.5616218,straight road,no slope
5634578,2022-01-29T04:00:00Z,2022-01-29T05:03:00Z,กรุงเทพมหานคร,Bangkok,expressway authority of thailand,พญาไท-ศรีนครินทร์,other,other,other,1,0,0,clear,NA,NA,straight road,other
5646431,2022-01-29T13:04:00Z,2022-01-31T10:47:00Z,กรุงเทพมหานคร,Bangkok,department of highways,แขวงคลองสองต้นนุ่น - พิมพา,4-wheel pickup truck,speeding,rear-end collision,2,0,0,clear,13.73121422,100.715484,straight road,no slope
5976221,2022-01-29T15:26:00Z,2022-03-25T14:20:00Z,กรุงเทพมหานคร,Bangkok,department of highways,แขวงคลองสองต้นนุ่น - พิมพา,private/passenger car,speeding,rear-end collision,4,0,0,clear,13.73131583,100.7145828,straight road,no slope
5646533,2022-01-29T16:37:00Z,2022-01-31T11:15:00Z,กรุงเทพมหานคร,Bangkok,department of highways,ถนนศรีนครินทร - แขวงคลองสองต้นนุ่น,4-wheel pickup truck,speeding,rear-end collision,2,0,0,clear,13.73373638,100.6934202,straight road,no slope
5646086,2022-01-29T17:21:00Z,2022-01-31T09:57:00Z,กรุงเทพมหานคร,Bangkok,department of highways,แขวงคลองสองต้นนุ่น - พิมพา,private/passenger car,speeding,rear-end collision,2,0,0,clear,13.73212355,100.7769951,straight road,no slope
7445571,2022-01-29T17:25:00Z,2022-12-09T09:01:00Z,กรุงเทพมหานคร,Bangkok,department of highways,ไม่ทราบ,motorcycle,illegal overtaking,rear-end collision,3,0,2,clear,13.83036139,100.5575663,other,other
5660322,2022-01-30T00:48:00Z,2022-02-02T06:47:00Z,กรุงเทพมหานคร,Bangkok,expressway authority of thailand,ดินแดง-ท่าเรือ,other,other,rear-end collision,2,1,1,clear,NA,NA,straight road,other
7561505,2022-01-30T04:10:00Z,2023-01-17T10:07:00Z,กรุงเทพมหานคร,Bangkok,department of highways,อรุณอมรินทร์ - พุทธมณฑลสาย 4,4-wheel pickup truck,worn-out/tire blowout,collision with obstruction (on road surface),2,0,0,clear,13.78533543,100.460502,straight road,no slope
6320836,2022-01-30T22:15:00Z,2022-06-06T19:29:00Z,กรุงเทพมหานคร,Bangkok,department of highways,แขวงคลองสองต้นนุ่น - พิมพา,private/passenger car,speeding,rollover/fallen on straight road,1,0,2,clear,13.72702967,100.8117565,straight road,no slope
5843830,2022-01-30T22:40:00Z,2022-03-04T13:26:00Z,นนทบุรี,Nonthaburi,department of highways,บางบัวทอง - ไทรน้อย,private/passenger car,speeding,rollover/fallen on straight road,1,0,1,clear,13.96601764,100.3485149,straight road,no slope
6567115,2022-01-31T01:09:00Z,2022-02-11T08:27:00Z,กรุงเทพมหานคร,Bangkok,department of rural roads,สะพานภูมิพลที่ 1 ไปสะพานภูมิพลที่ 2,private/passenger car,speeding,other,1,0,0,clear,13.685576,100.546125,straight road,no slope
7331027,2022-01-31T07:50:00Z,2022-06-10T10:28:00Z,กรุงเทพมหานคร,Bangkok,department of highways,แยกเข้ามีนบุรี - คลองหลวงแพ่ง,6-wheel truck,speeding,rollover/fallen on straight road,1,0,1,clear,13.80577582,100.8882907,straight road,no slope
7561494,2022-01-31T08:15:00Z,2023-01-17T10:00:00Z,กรุงเทพมหานคร,Bangkok,department of highways,อรุณอมรินทร์ - พุทธมณฑลสาย 4,private/passenger car,speeding,rear-end collision,2,0,0,clear,13.78491081,100.4590712,straight road,no slope
5652908,2022-01-31T12:45:00Z,2022-02-01T10:41:00Z,กรุงเทพมหานคร,Bangkok,department of highways,แขวงคลองสองต้นนุ่น - พิมพา,4-wheel pickup truck,speeding,rear-end collision,2,0,0,clear,13.73003911,100.7263416,straight road,no slope
5648172,2022-01-31T14:46:00Z,2022-01-31T16:50:00Z,กรุงเทพมหานคร,Bangkok,expressway authority of thailand,พญาไท-บางโคล่,other,other,rollover/fallen on straight road,1,0,1,clear,NA,NA,grade-separated intersection/ramps,other
5962535,2022-01-31T15:40:00Z,2022-03-23T10:25:00Z,นครปฐม,Nakhon Pathom,department of highways,นครปฐม - หนองปลาไหล,private/passenger car,speeding,rear-end collision,2,0,1,clear,13.9115425,99.98672514,straight road,no slope
5783405,2022-01-31T23:00:00Z,2022-02-22T14:36:00Z,กรุงเทพมหานคร,Bangkok,department of highways,งามวงศ์วาน - ดอนเมือง,motorcycle,speeding,rollover/fallen on straight road,1,0,1,clear,13.85189044,100.5638695,straight road,no slope
6567103,2022-01-31T23:04:00Z,2022-02-02T14:51:00Z,สมุทรปราการ,Samut Prakan,department of rural roads,สะพานภูมิพลที่ 2 ไปสะพานภูมิพลที่ 1,motorcycle,speeding,other,2,0,1,clear,13.659965,100.539386,straight road,slope area
5843352,2022-02-01T05:30:00Z,2022-03-04T11:14:00Z,กรุงเทพมหานคร,Bangkok,expressway authority of thailand,แจ้งวัฒนะ-พญาไท,other,other,collision with obstruction (on road surface),1,0,0,clear,NA,NA,straight road,other
6330919,2022-02-01T07:34:00Z,2022-06-08T11:31:00Z,กรุงเทพมหานคร,Bangkok,department of highways,แขวงคลองสองต้นนุ่น - พิมพา,private/passenger car,speeding,rollover/fallen on curved road,1,0,0,rainy,13.73027361,100.8101231,wide curve,no slope
6330921,2022-02-01T07:36:00Z,2022-06-08T11:32:00Z,สมุทรปราการ,Samut Prakan,department of highways,แขวงคลองสองต้นนุ่น - พิมพา,private/passenger car,speeding,rollover/fallen on straight road,1,0,0,clear,13.64479564,100.8830765,straight road,no slope
7444435,2022-02-01T17:20:00Z,2022-12-08T14:10:00Z,สมุทรปราการ,Samut Prakan,department of highways,ไม่ทราบ,private/passenger car,speeding,rear-end collision,2,0,1,clear,13.59530227,100.8034754,straight road,no slope
6330922,2022-02-02T00:51:00Z,2022-06-08T11:32:00Z,กรุงเทพมหานคร,Bangkok,department of highways,แขวงคลองสองต้นนุ่น - พิมพา,4-wheel pickup truck,vehicle equipment failure,rollover/fallen on straight road,1,0,0,clear,13.73086247,100.7616448,straight road,no slope
7443487,2022-02-02T01:58:00Z,2022-12-08T10:32:00Z,กรุงเทพมหานคร,Bangkok,department of highways,ไม่ทราบ,7-10-wheel truck,speeding,rear-end collision,2,0,0,clear,13.72543243,100.4058605,straight road,no slope
7443664,2022-02-02T03:00:00Z,2022-12-08T10:35:00Z,กรุงเทพมหานคร,Bangkok,department of highways,ไม่ทราบ,private/passenger car,speeding,rear-end collision,2,0,2,clear,13.7062934,100.4066169,straight road,no slope
5674754,2022-02-02T09:40:00Z,2022-02-04T09:29:00Z,กรุงเทพมหานคร,Bangkok,department of highways,แขวงรามอินทรา - บางพลี,private/passenger car,speeding,rear-end collision,2,0,0,clear,13.76108496,100.696148,straight road,no slope
7444133,2022-02-02T13:00:00Z,2022-12-08T10:40:00Z,กรุงเทพมหานคร,Bangkok,department of highways,ไม่ทราบ,motorcycle,speeding,rear-end collision,2,0,1,clear,13.68107545,100.4066571,straight road,no slope
7444702,2022-02-02T15:40:00Z,2022-12-08T14:08:00Z,กรุงเทพมหานคร,Bangkok,department of highways,ไม่ทราบ,private/passenger car,speeding,rear-end collision,2,0,0,clear,13.67478162,100.4596817,straight road,no slope
7443509,2022-02-02T17:42:00Z,2022-12-08T13:47:00Z,กรุงเทพมหานคร,Bangkok,department of highways,ไม่ทราบ,motorcycle,cutting in closely by people/vehicles/animals,rear-end collision,2,0,1,clear,13.77144811,100.5520933,other,other
5843374,2022-02-02T19:03:00Z,2022-03-04T11:18:00Z,กรุงเทพมหานคร,Bangkok,expressway authority of thailand,พญาไท-ศรีนครินทร์,other,other,rear-end collision,4,0,0,clear,13.75367078,100.587516,straight road,other
7441047,2022-02-02T20:09:00Z,2022-12-08T09:12:00Z,กรุงเทพมหานคร,Bangkok,department of highways,ไม่ทราบ,motorcycle,other,rear-end collision,2,0,1,clear,13.8195727,100.5586485,connecting to public/commercial area,other
5843380,2022-02-02T22:19:00Z,2022-03-04T11:19:00Z,กรุงเทพมหานคร,Bangkok,expressway authority of thailand,แจ้งวัฒนะ-พญาไท,other,other,collision with obstruction (on road surface),1,0,0,clear,NA,NA,straight road,other
5666791,2022-02-03T01:50:00Z,2022-02-03T02:42:00Z,กรุงเทพมหานคร,Bangkok,expressway authority of thailand,ดาวคะนอง-ท่าเรือ,large truck with trailer,other,rear-end collision,2,0,2,clear,13.67098791,100.4942936,straight road,other
7441695,2022-02-03T02:00:00Z,2022-12-08T10:09:00Z,กรุงเทพมหานคร,Bangkok,department of highways,ไม่ทราบ,private/passenger car,falling asleep,rollover/fallen on straight road,1,0,0,clear,13.78712528,100.409562,straight road,no slope
6362673,2022-02-03T03:30:00Z,2022-06-13T11:23:00Z,กรุงเทพมหานคร,Bangkok,department of highways,ดินแดง - งามวงศ์วาน,4-wheel pickup truck,speeding,rear-end collision,2,0,7,clear,13.84337193,100.5592775,straight road,no slope
7564935,2022-02-03T03:30:00Z,2023-01-20T06:10:00Z,สมุทรปราการ,Samut Prakan,department of highways,บางพลี - กิ่งแก้ว,private/passenger car,speeding,rear-end collision,2,0,1,clear,13.67886025,100.7234462,other,other
7007824,2022-02-03T09:00:00Z,2022-09-30T10:55:00Z,ปทุมธานี,Pathum Thani,department of highways,ทางเข้านิมิตรใหม่,other,speeding,rollover/fallen on straight road,1,0,2,clear,13.93548596,100.7517233,other,other
7518268,2022-02-03T09:05:00Z,2022-12-29T11:39:00Z,สมุทรปราการ,Samut Prakan,expressway authority of thailand,บางพลี-สุขสวัสดิ์,other,other,side collision,3,0,0,clear,13.628391,100.526502,straight road,other
6513957,2022-02-03T10:30:00Z,2022-07-08T11:23:00Z,ปทุมธานี,Pathum Thani,department of highways,คลองบางไผ่ - คลองบางหลวง,7-10-wheel truck,speeding,rear-end collision,2,0,1,clear,14.00771525,100.4522171,straight road,no slope
6345997,2022-02-03T11:15:00Z,2022-06-10T15:05:00Z,นนทบุรี,Nonthaburi,department of highways,บางบัวทอง - ไทรน้อย,4-wheel pickup truck,speeding,head-on collision (not overtaking),4,0,3,clear,13.95363521,100.3680655,straight road,no slope
5843399,2022-02-03T12:12:00Z,2022-03-04T11:22:00Z,กรุงเทพมหานคร,Bangkok,expressway authority of thailand,บางปะอิน-แจ้งวัฒนะ,other,other,collision with obstruction (on road surface),1,0,0,clear,NA,NA,straight road,other