acc_code,incident_datetime,report_datetime,province_th,province_en,agency,route,vehicle_type,presumed_cause,accident_type,number_of_vehicles_involved,number_of_fatalities,number_of_injuries,weather_condition,latitude,longitude,road_description,slope_description
7443688,2022-02-03T17:30:00Z,2022-12-08T13:51:00Z,กรุงเทพมหานคร,Bangkok,department of highways,ไม่ทราบ,motorcycle,cutting in closely by people/vehicles/animals,rear-end collision,2,0,0,clear,13.83619915,100.557233,straight road,no slope
6330915,2022-02-04T02:50:00Z,2022-06-08T11:28:00Z,กรุงเทพมหานคร,Bangkok,department of highways,แขวงรามอินทรา - บางพลี,4-wheel pickup truck,speeding,rollover/fallen on straight road,1,0,0,clear,13.74529419,100.7024833,straight road,no slope
7443560,2022-02-04T10:33:00Z,2022-12-08T13:46:00Z,กรุงเทพมหานคร,Bangkok,department of highways,ไม่ทราบ,private/passenger car,cutting in closely by people/vehicles/animals,rear-end collision,2,0,0,clear,13.84108106,100.5582646,other,other
5888592,2022-02-04T11:10:00Z,2022-03-11T10:42:00Z,นครปฐม,Nakhon Pathom,department of highways,บ้านบ่อ - พระประโทน,4-wheel pickup truck,vehicle equipment failure,head-on collision (not overtaking),2,0,2,clear,13.70675203,100.0780946,straight road,no slope
6514079,2022-02-04T11:30:00Z,2022-07-08T11:48:00Z,สมุทรปราการ,Samut Prakan,department of highways,บางนา - ทางเข้าท่าอากาศยานสุวรรณภูมิ,private/passenger car,speeding,rear-end collision,9,0,1,clear,13.63784919,100.7038995,straight road,no slope
5963719,2022-02-04T12:30:00Z,2022-03-23T14:55:00Z,นครปฐม,Nakhon Pathom,department of highways,นครปฐม - ดอนตูม,4-wheel pickup truck,speeding,rollover/fallen on straight road,1,0,0,rainy,13.95540529,100.0738326,straight road,no slope
6330212,2022-02-04T13:00:00Z,2022-06-08T09:01:00Z,กรุงเทพมหานคร,Bangkok,department of highways,บางปะอิน - แขวงรามอินทรา,large truck with trailer,overloaded vehicle,other,1,0,0,clear,13.89956593,100.6940853,other,other
5962545,2022-02-04T13:10:00Z,2022-03-23T10:33:00Z,นครปฐม,Nakhon Pathom,department of highways,นครปฐม - ดอนตูม,4-wheel pickup truck,speeding,rollover/fallen on straight road,1,0,0,rainy,13.92413805,100.0661185,straight road,no slope
5861539,2022-02-04T13:19:00Z,2022-03-07T11:45:00Z,กรุงเทพมหานคร,Bangkok,expressway authority of thailand,บางนา-ท่าเรือ,other,other,rollover/fallen on straight road,1,0,0,clear,NA,NA,straight road,other
6330913,2022-02-04T14:00:00Z,2022-06-08T11:25:00Z,กรุงเทพมหานคร,Bangkok,department of highways,แขวงรามอินทรา - บางพลี,4-wheel pickup truck,speeding,rear-end collision,2,0,0,clear,13.69005071,100.6996563,straight road,no slope
7444049,2022-02-04T14:30:00Z,2022-12-08T10:39:00Z,กรุงเทพมหานคร,Bangkok,department of highways,ไม่ทราบ,4-wheel pickup truck,speeding,rear-end collision,3,0,0,clear,13.68395258,100.4069468,straight road,no slope
6514075,2022-02-04T15:00:00Z,2022-07-08T11:46:00Z,สมุทรปราการ,Samut Prakan,department of highways,ทางเข้าท่าอากาศยานสุวรรณภูมิ - บางวัว,private/passenger car,cutting in closely by people/vehicles/animals,rear-end collision,2,1,1,clear,13.61960239,100.7405466,straight road,no slope
6330764,2022-02-04T17:52:00Z,2022-06-08T10:50:00Z,กรุงเทพมหานคร,Bangkok,department of highways,แขวงคลองสองต้นนุ่น - พิมพา,private/passenger car,speeding,rear-end collision,3,0,0,clear,13.72972905,100.7290506,straight road,no slope
5687183,2022-02-04T18:16:00Z,2022-02-06T10:02:00Z,กรุงเทพมหานคร,Bangkok,department of highways,ถนนศรีนครินทร - แขวงคลองสองต้นนุ่น,private/passenger car,speeding,rear-end collision,2,0,0,rainy,13.73526321,100.677512,straight road,no slope
6319254,2022-02-04T18:30:00Z,2022-06-06T13:42:00Z,สมุทรปราการ,Samut Prakan,department of highways,ท้ายบ้าน - บางตำหรุ,4-wheel pickup truck,speeding,rollover/fallen on straight road,1,0,0,rainy,13.51738911,100.6737247,straight road,no slope
7444727,2022-02-04T19:00:00Z,2022-12-08T14:14:00Z,กรุงเทพมหานคร,Bangkok,department of highways,ไม่ทราบ,private/passenger car,speeding,rear-end collision,2,0,0,clear,13.67960951,100.4690681,straight road,no slope
7443440,2022-02-04T19:12:00Z,2022-12-08T13:48:00Z,กรุงเทพมหานคร,Bangkok,department of highways,ไม่ทราบ,private/passenger car,speeding,rear-end collision,2,0,1,clear,13.83928445,100.5575059,straight road,no slope
6330904,2022-02-04T19:37:00Z,2022-06-08T11:22:00Z,ปทุมธานี,Pathum Thani,department of highways,บางปะอิน - แขวงรามอินทรา,7-10-wheel truck,vehicle equipment failure,other,1,0,0,clear,14.14743709,100.6601152,straight road,no slope
6567117,2022-02-04T20:42:00Z,2022-02-07T11:20:00Z,กรุงเทพมหานคร,Bangkok,department of rural roads,สะพานภูมิพลที่ 1 ไปสะพานภูมิพลที่ 2,motorcycle,speeding,other,2,0,1,clear,13.673309,100.538878,straight road,slope area
6513923,2022-02-04T21:00:00Z,2022-07-08T11:11:00Z,ปทุมธานี,Pathum Thani,department of highways,ต่างระดับรังสิต - วัดนาบุญ,4-wheel pickup truck,speeding,rollover/fallen on straight road,1,0,1,clear,14.00699177,100.7033256,other,other
6252888,2022-02-04T22:00:00Z,2022-05-26T11:20:00Z,สมุทรสาคร,Samut Sakhon,department of highways,แสมดำ - สะพานข้ามแม่น้ำท่าจีนฝั่งตะวันตก,large truck with trailer,speeding,rollover/fallen on straight road,1,0,0,rainy,13.55416822,100.2675658,straight road,no slope
5843156,2022-02-04T22:07:00Z,2022-03-04T10:31:00Z,สมุทรปราการ,Samut Prakan,expressway authority of thailand,บางพลี-สุขสวัสดิ์,other,other,rear-end collision,2,0,0,clear,13.613313,100.619869,straight road,other
5679578,2022-02-04T23:51:00Z,2022-02-05T01:06:00Z,กรุงเทพมหานคร,Bangkok,expressway authority of thailand,รามอินทรา-อาจณรงค์,other,other,side collision,2,0,0,clear,13.742744,100.605349,grade-separated intersection/ramps,other
6330878,2022-02-05T01:21:00Z,2022-06-08T11:19:00Z,กรุงเทพมหานคร,Bangkok,department of highways,ถนนศรีนครินทร - แขวงคลองสองต้นนุ่น,private/passenger car,speeding,rollover/fallen on straight road,1,0,0,clear,13.73246488,100.7069063,straight road,no slope
6330872,2022-02-05T02:04:00Z,2022-06-08T11:16:00Z,ปทุมธานี,Pathum Thani,department of highways,บางปะอิน - แขวงรามอินทรา,large truck with trailer,speeding,rear-end collision,2,0,1,clear,13.95002995,100.7124585,straight road,no slope
7444270,2022-02-05T05:30:00Z,2022-12-08T14:06:00Z,ปทุมธานี,Pathum Thani,department of highways,ไม่ทราบ,large passenger vehicle,speeding,rollover/fallen on straight road,1,0,22,clear,14.08169352,100.6179991,straight road,no slope
5744848,2022-02-05T05:40:00Z,2022-02-15T10:00:00Z,นครปฐม,Nakhon Pathom,department of highways,บ้านบ่อ - พระประโทน,4-wheel pickup truck,speeding,rollover/fallen on straight road,1,0,1,clear,13.73035699,100.0795242,other,other
5688530,2022-02-05T10:30:00Z,2022-02-06T15:52:00Z,กรุงเทพมหานคร,Bangkok,department of highways,แขวงรามอินทรา - บางพลี,4-wheel pickup truck,speeding,rollover/fallen on straight road,1,0,0,clear,13.74546355,100.7027837,straight road,no slope
6330312,2022-02-05T20:30:00Z,2022-06-08T09:20:00Z,กรุงเทพมหานคร,Bangkok,department of highways,ถนนศรีนครินทร - แขวงคลองสองต้นนุ่น,4-wheel pickup truck,speeding,rollover/fallen on straight road,1,0,0,clear,13.73898905,100.6538495,straight road,no slope
6330767,2022-02-05T20:52:00Z,2022-06-08T10:52:00Z,กรุงเทพมหานคร,Bangkok,department of highways,แขวงคลองสองต้นนุ่น - พิมพา,private/passenger car,speeding,rollover/fallen on straight road,1,0,0,clear,13.73340027,100.7951322,straight road,no slope
5688608,2022-02-06T01:07:00Z,2022-02-06T16:12:00Z,กรุงเทพมหานคร,Bangkok,department of highways,ถนนศรีนครินทร - แขวงคลองสองต้นนุ่น,private/passenger car,speeding,rear-end collision,2,0,0,clear,13.73757168,100.6597504,straight road,no slope
7443711,2022-02-06T10:30:00Z,2022-12-08T13:56:00Z,สมุทรปราการ,Samut Prakan,department of highways,ไม่ทราบ,motorcycle,speeding,rear-end collision,2,0,2,clear,13.59855817,100.7951497,straight road,no slope
6252890,2022-02-06T17:10:00Z,2022-05-26T11:20:00Z,สมุทรสาคร,Samut Sakhon,department of highways,แสมดำ - สะพานข้ามแม่น้ำท่าจีนฝั่งตะวันตก,private/passenger car,speeding,rear-end collision,2,0,5,clear,13.5842778,100.3156257,straight road,no slope
7445599,2022-02-06T18:50:00Z,2022-12-09T08:49:00Z,กรุงเทพมหานคร,Bangkok,department of highways,ไม่ทราบ,private/passenger car,speeding,rear-end collision,2,0,0,clear,13.66398659,100.4415326,other,other
7560724,2022-02-06T19:10:00Z,2023-01-16T11:31:00Z,กรุงเทพมหานคร,Bangkok,department of highways,ดินแดง - งามวงศ์วาน,private/passenger car,speeding,rear-end collision,2,0,1,clear,13.81147557,100.5595148,straight road,no slope
6567119,2022-02-07T01:11:00Z,2022-02-10T09:48:00Z,สมุทรปราการ,Samut Prakan,department of rural roads,สะพานภูมิพลที่ 2 ไปสะพานภูมิพลที่ 1,motorcycle,speeding,other,2,0,1,clear,13.658537,100.539743,straight road,slope area
7441130,2022-02-07T11:30:00Z,2022-12-08T09:33:00Z,กรุงเทพมหานคร,Bangkok,department of highways,ไม่ทราบ,private/passenger car,no presumed cause related to driver,rear-end collision,2,0,1,clear,13.81237815,100.5594445,other,other
6330331,2022-02-07T12:16:00Z,2022-06-08T09:27:00Z,กรุงเทพมหานคร,Bangkok,department of highways,แขวงคลองสองต้นนุ่น - พิมพา,4-wheel pickup truck,speeding,rear-end collision,3,0,0,clear,13.73091718,100.7181984,straight road,no slope
5701330,2022-02-07T13:20:00Z,2022-02-08T14:43:00Z,กรุงเทพมหานคร,Bangkok,department of highways,ถนนศรีนครินทร - แขวงคลองสองต้นนุ่น,private/passenger car,speeding,rear-end collision,2,0,0,clear,13.73306155,100.7000264,straight road,no slope
5701448,2022-02-07T13:23:00Z,2022-02-08T15:06:00Z,กรุงเทพมหานคร,Bangkok,department of highways,ถนนศรีนครินทร - แขวงคลองสองต้นนุ่น,private/passenger car,speeding,rear-end collision,2,0,0,clear,13.73302767,100.7004529,straight road,no slope
6330213,2022-02-07T17:09:00Z,2022-06-08T09:00:00Z,ปทุมธานี,Pathum Thani,department of highways,บางปะอิน - แขวงรามอินทรา,4-wheel pickup truck,speeding,rollover/fallen on straight road,1,0,0,clear,14.01096829,100.7035455,straight road,no slope
5695648,2022-02-07T18:24:00Z,2022-02-07T18:43:00Z,กรุงเทพมหานคร,Bangkok,expressway authority of thailand,ดินแดง-ท่าเรือ,other,other,rear-end collision,5,0,0,clear,13.73783213,100.5509537,straight road,other
5697952,2022-02-08T00:50:00Z,2022-02-08T01:45:00Z,กรุงเทพมหานคร,Bangkok,expressway authority of thailand,รามอินทรา-อาจณรงค์,other,other,rear-end collision,2,0,0,clear,13.81328,100.621295,straight road,other
5700558,2022-02-08T08:48:00Z,2022-02-08T11:59:00Z,กรุงเทพมหานคร,Bangkok,expressway authority of thailand,พญาไท-บางโคล่,van,other,side collision,2,0,1,clear,NA,NA,merge lane,other
6567133,2022-02-08T09:00:00Z,2022-02-11T08:34:00Z,สมุทรปราการ,Samut Prakan,department of rural roads,ทางเข้าถนนปู่เจ้าสมิงพรายสู่ถนนวงแหวนอุตสาหกรรม,passenger pickup truck,using mobile phone while driving,other,1,0,0,clear,13.654389,100.541175,y-intersection,other
6330033,2022-02-08T15:01:00Z,2022-06-08T08:24:00Z,กรุงเทพมหานคร,Bangkok,department of highways,แขวงคลองสองต้นนุ่น - พิมพา,4-wheel pickup truck,speeding,rollover/fallen on straight road,1,0,0,clear,13.72940856,100.7390311,straight road,no slope
6252745,2022-02-08T19:05:00Z,2022-05-26T10:51:00Z,ปทุมธานี,Pathum Thani,department of highways,คลองบางหลวง - ต่างระดับเชียงรากน้อย,large truck with trailer,speeding,rollover/fallen on straight road,1,0,0,clear,14.02653799,100.4519516,straight road,no slope
5703579,2022-02-08T21:26:00Z,2022-02-08T22:28:00Z,กรุงเทพมหานคร,Bangkok,expressway authority of thailand,ดินแดง-ท่าเรือ,other,other,side collision,2,0,2,clear,13.72435617,100.5523786,grade-separated intersection/ramps,other
5708494,2022-02-08T22:20:00Z,2022-02-09T15:02:00Z,สมุทรปราการ,Samut Prakan,department of highways,ท้ายบ้าน - บางตำหรุ,4-wheel pickup truck,speeding,rear-end collision,2,1,0,clear,13.52305603,100.6488606,straight road,no slope
6242311,2022-02-08T23:13:00Z,2022-05-24T13:58:00Z,ปทุมธานี,Pathum Thani,department of highways,บางปะอิน - แขวงรามอินทรา,4-wheel pickup truck,driving under the influence of alcohol,rollover/fallen on curved road,1,0,0,clear,14.01186091,100.7030868,wide curve,slope area
6567136,2022-02-09T05:36:00Z,2022-02-11T08:36:00Z,สมุทรปราการ,Samut Prakan,department of rural roads,สะพานภูมิพลที่ 1 ไปสะพานภูมิพลที่ 2,private/passenger car,tailgating,other,2,0,1,clear,13.653697,100.54113,straight road,slope area
6567135,2022-02-09T07:50:00Z,2022-02-11T08:46:00Z,สมุทรปราการ,Samut Prakan,department of rural roads,ทางออกจากถนนวงแหวนอุตสาหกรรมสู่ถนนปู่เจ้าสมิงพราย,private/passenger car,tailgating,other,2,0,1,clear,13.651017,100.541234,straight road,no slope
7443660,2022-02-09T08:00:00Z,2022-12-08T13:50:00Z,กรุงเทพมหานคร,Bangkok,department of highways,ไม่ทราบ,private/passenger car,cutting in closely by people/vehicles/animals,rear-end collision,2,0,0,clear,13.77302744,100.5529785,straight road,no slope
7445631,2022-02-09T09:10:00Z,2022-12-09T08:48:00Z,กรุงเทพมหานคร,Bangkok,department of highways,ไม่ทราบ,motorcycle,speeding,rear-end collision,2,0,2,clear,13.6781592,100.4659608,straight road,no slope
6330167,2022-02-09T11:05:00Z,2022-06-08T08:50:00Z,กรุงเทพมหานคร,Bangkok,department of highways,แขวงคลองสองต้นนุ่น - พิมพา,large truck with trailer,speeding,rollover/fallen on curved road,1,0,1,clear,13.72949455,100.7426682,wide curve,no slope
6513987,2022-02-09T11:20:00Z,2022-07-08T11:29:00Z,สมุทรปราการ,Samut Prakan,department of highways,บางนา - ทางเข้าท่าอากาศยานสุวรรณภูมิ,private/passenger car,speeding,rear-end collision,4,0,0,clear,13.63413217,100.7105997,other,other
7518294,2022-02-09T13:34:00Z,2022-12-29T11:39:00Z,กรุงเทพมหานคร,Bangkok,expressway authority of thailand,รามอินทรา-อาจณรงค์,other,other,collision with obstruction (on road surface),2,0,2,rainy,13.803698,100.616663,straight road,other
6363134,2022-02-09T14:00:00Z,2022-06-13T13:30:00Z,กรุงเทพมหานคร,Bangkok,department of highways,มหาวิทยาลัยเกษตรศาสตร์ - คันนายาว,4-wheel pickup truck,speeding,rollover/fallen on straight road,1,0,1,clear,13.81839796,100.6375363,straight road,no slope
6325541,2022-02-09T17:30:00Z,2022-06-07T14:59:00Z,สมุทรปราการ,Samut Prakan,department of highways,แขวงคลองสองต้นนุ่น - พิมพา,4-wheel pickup truck,vehicle equipment failure,rollover/fallen on straight road,1,0,0,clear,13.61334863,100.9320751,straight road,no slope
6330049,2022-02-09T17:54:00Z,2022-06-08T08:25:00Z,สมุทรปราการ,Samut Prakan,department of highways,แขวงคลองสองต้นนุ่น - พิมพา,4-wheel pickup truck,speeding,rear-end collision,3,0,1,clear,13.61334863,100.9320751,straight road,no slope
6567144,2022-02-09T22:50:00Z,2022-02-11T08:52:00Z,สมุทรปราการ,Samut Prakan,department of rural roads,จุดเชื่อมต่อถนนวงแหวนอุตสาหกรรมเข้าสะพานภูมิพลที่ 2,motorcycle,abrupt lane change,other,2,0,2,clear,13.664621,100.535714,grade-separated intersection/ramps,other
7564923,2022-02-09T23:45:00Z,2023-01-20T06:07:00Z,กรุงเทพมหานคร,Bangkok,department of highways,บางนา - ทางเข้าท่าอากาศยานสุวรรณภูมิ,private/passenger car,speeding,rollover/fallen on straight road,1,0,1,clear,13.66616674,100.6429759,straight road,no slope
6344166,2022-02-10T00:20:00Z,2022-06-10T09:53:00Z,ปทุมธานี,Pathum Thani,department of highways,ลำลูกกา - คลอง 16,large truck with trailer,speeding,rear-end collision,2,0,1,clear,13.9495744,100.8020335,straight road,no slope
6319498,2022-02-10T04:00:00Z,2022-06-06T14:21:00Z,สมุทรปราการ,Samut Prakan,department of highways,บางพลี - กิ่งแก้ว,4-wheel pickup truck,speeding,rollover/fallen on straight road,1,0,1,clear,13.65771314,100.7170987,straight road,no slope
7444207,2022-02-10T13:30:00Z,2022-12-08T13:58:00Z,กรุงเทพมหานคร,Bangkok,department of highways,ไม่ทราบ,private/passenger car,speeding,rollover/fallen on straight road,1,0,0,clear,13.84442667,100.5598622,straight road,no slope
6330145,2022-02-10T13:39:00Z,2022-06-08T08:46:00Z,ปทุมธานี,Pathum Thani,department of highways,บางปะอิน - แขวงรามอินทรา,4-wheel pickup truck,speeding,rollover/fallen on straight road,1,0,0,clear,13.99941068,100.708875,straight road,no slope
6344129,2022-02-10T15:00:00Z,2022-06-10T09:45:00Z,ปทุมธานี,Pathum Thani,department of highways,วัดนาบุญ - คลอง 14,7-10-wheel truck,speeding,rollover/fallen on straight road,1,0,0,clear,14.05976612,100.8442569,straight road,no slope
6330169,2022-02-11T03:00:00Z,2022-06-08T08:53:00Z,ปทุมธานี,Pathum Thani,department of highways,บางปะอิน - แขวงรามอินทรา,private/passenger car,speeding,rollover/fallen on straight road,1,0,1,clear,13.93773257,100.7093444,straight road,no slope
5720766,2022-02-11T05:56:00Z,2022-02-11T06:47:00Z,สมุทรปราการ,Samut Prakan,expressway authority of thailand,บางนา-ชลบุรี,other,other,rear-end collision,2,0,1,clear,13.617569,100.744835,straight road,other
6513956,2022-02-11T07:35:00Z,2022-07-08T11:24:00Z,สมุทรปราการ,Samut Prakan,department of highways,บางพลี - บางบ่อ,motorcycle,speeding,pedestrian collision,1,0,2,clear,13.60108305,100.7119194,other,other
6324499,2022-02-11T10:20:00Z,2022-06-07T10:42:00Z,ปทุมธานี,Pathum Thani,department of highways,บางปะอิน - แขวงรามอินทรา,other,speeding,rollover/fallen on straight road,1,0,0,clear,14.06085109,100.6971109,straight road,no slope
5738622,2022-02-11T12:47:00Z,2022-02-14T09:36:00Z,กรุงเทพมหานคร,Bangkok,department of highways,ถนนศรีนครินทร - แขวงคลองสองต้นนุ่น,large truck with trailer,speeding,rear-end collision,2,0,1,clear,13.73264987,100.7058441,straight road,no slope
6325730,2022-02-11T15:00:00Z,2022-06-07T15:34:00Z,กรุงเทพมหานคร,Bangkok,department of highways,แขวงคลองสองต้นนุ่น - พิมพา,4-wheel pickup truck,speeding,rollover/fallen on straight road,1,0,1,clear,13.70662955,100.8218095,straight road,no slope
6345684,2022-02-11T18:30:00Z,2022-06-10T14:03:00Z,ปทุมธานี,Pathum Thani,department of highways,ต่างระดับรังสิต - วัดนาบุญ,4-wheel pickup truck,speeding,rollover/fallen on straight road,1,0,0,rainy,14.01860884,100.730727,straight road,no slope
5723991,2022-02-11T18:40:00Z,2022-02-11T19:39:00Z,กรุงเทพมหานคร,Bangkok,expressway authority of thailand,บางนา-ชลบุรี,other,other,rollover/fallen on straight road,3,0,0,clear,13.66767867,100.6360006,straight road,other
7445353,2022-02-11T19:10:00Z,2022-12-09T08:47:00Z,กรุงเทพมหานคร,Bangkok,department of highways,ไม่ทราบ,private/passenger car,speeding,rear-end collision,2,0,0,clear,13.64196105,100.4095566,straight road,no slope
6330053,2022-02-11T19:15:00Z,2022-06-08T08:28:00Z,กรุงเทพมหานคร,Bangkok,department of highways,แขวงคลองสองต้นนุ่น - พิมพา,private/passenger car,speeding,rear-end collision,3,0,1,clear,13.73052896,100.7218194,straight road,no slope
7445578,2022-02-11T22:15:00Z,2022-12-09T08:46:00Z,กรุงเทพมหานคร,Bangkok,department of highways,ไม่ทราบ,private/passenger car,speeding,rear-end collision,2,0,1,clear,13.65139002,100.422273,straight road,no slope
6038347,2022-02-11T23:05:00Z,2022-04-05T13:45:00Z,นครปฐม,Nakhon Pathom,department of highways,นครปฐม - หนองปลาไหล,4-wheel pickup truck,speeding,rollover/fallen on straight road,1,0,0,clear,13.87319186,99.99952464,straight road,no slope
5726809,2022-02-12T01:33:00Z,2022-02-12T05:29:00Z,สมุทรปราการ,Samut Prakan,expressway authority of thailand,บางพลี-สุขสวัสดิ์,other,other,collision with obstruction (on road surface),1,0,1,clear,13.632851,100.572811,straight road,other
6567172,2022-02-12T04:00:00Z,2022-02-14T09:15:00Z,นนทบุรี,Nonthaburi,department of rural roads,ถนนราชพฤกษ์,private/passenger car,speeding,other,1,0,1,clear,13.869576,100.45162,y-intersection,other
6330070,2022-02-12T08:47:00Z,2022-06-08T08:30:00Z,กรุงเทพมหานคร,Bangkok,department of highways,แขวงคลองสองต้นนุ่น - พิมพา,4-wheel pickup truck,speeding,rollover/fallen on straight road,1,0,0,rainy,13.73350709,100.7960361,straight road,no slope
5843046,2022-02-12T13:33:00Z,2022-03-04T10:09:00Z,กรุงเทพมหานคร,Bangkok,expressway authority of thailand,รามอินทรา-อาจณรงค์,other,other,rollover/fallen on straight road,1,0,0,clear,NA,NA,straight road,other
6330030,2022-02-12T18:57:00Z,2022-06-08T08:21:00Z,ปทุมธานี,Pathum Thani,department of highways,บางปะอิน - แขวงรามอินทรา,private/passenger car,speeding,rear-end collision,2,0,0,clear,13.94734874,100.7121152,straight road,no slope
6330031,2022-02-12T19:14:00Z,2022-06-08T08:22:00Z,ปทุมธานี,Pathum Thani,department of highways,บางปะอิน - แขวงรามอินทรา,private/passenger car,speeding,rear-end collision,3,0,0,clear,13.95640485,100.7128849,straight road,no slope
6344218,2022-02-13T06:05:00Z,2022-06-10T09:57:00Z,นนทบุรี,Nonthaburi,department of highways,คลองมหาสวัสดิ์ - คลองบางไผ่,private/passenger car,speeding,rollover/fallen on straight road,1,0,1,clear,13.82637044,100.4129791,straight road,no slope
7445400,2022-02-13T17:00:00Z,2022-12-09T08:45:00Z,กรุงเทพมหานคร,Bangkok,department of highways,ไม่ทราบ,4-wheel pickup truck,speeding,rear-end collision,2,0,0,clear,13.65178489,100.4231071,straight road,no slope
6330068,2022-02-14T03:33:00Z,2022-06-08T08:31:00Z,กรุงเทพมหานคร,Bangkok,department of highways,แขวงคลองสองต้นนุ่น - พิมพา,private/passenger car,speeding,rear-end collision,2,0,0,clear,13.73111,100.7163879,straight road,no slope
6325521,2022-02-14T04:00:00Z,2022-06-07T14:52:00Z,กรุงเทพมหานคร,Bangkok,department of highways,แขวงคลองสองต้นนุ่น - พิมพา,large truck with trailer,speeding,rollover/fallen on straight road,1,0,1,clear,13.72539595,100.8125612,straight road,no slope
5745758,2022-02-14T05:30:00Z,2022-02-15T13:35:00Z,ปทุมธานี,Pathum Thani,department of highways,บางปะอิน - แขวงรามอินทรา,6-wheel truck,speeding,rollover/fallen on straight road,1,0,0,clear,13.96645233,100.7128367,straight road,no slope
6325241,2022-02-14T07:30:00Z,2022-06-07T13:53:00Z,ปทุมธานี,Pathum Thani,department of highways,บางปะอิน - แขวงรามอินทรา,4-wheel pickup truck,running red lights/traffic signals,rear-end collision,2,0,1,clear,14.00718955,100.7033336,other,other
7443696,2022-02-14T12:25:00Z,2022-12-08T10:36:00Z,กรุงเทพมหานคร,Bangkok,department of highways,ไม่ทราบ,private/passenger car,speeding,rollover/fallen on straight road,1,0,0,clear,13.69365219,100.407671,straight road,no slope
5788099,2022-02-14T15:00:00Z,2022-02-23T10:20:00Z,นครปฐม,Nakhon Pathom,department of highways,บ้านบ่อ - พระประโทน,4-wheel pickup truck,speeding,rollover/fallen on straight road,1,0,0,rainy,13.69000641,100.0840196,straight road,no slope
5843405,2022-02-14T15:56:00Z,2022-03-04T11:22:00Z,ปทุมธานี,Pathum Thani,expressway authority of thailand,บางปะอิน-แจ้งวัฒนะ,other,other,rollover/fallen on straight road,1,0,0,clear,14.022863,100.576812,straight road,other
6345587,2022-02-15T01:48:00Z,2022-06-10T13:44:00Z,สมุทรสาคร,Samut Sakhon,department of highways,สะพานข้ามแม่น้ำท่าจีนฝั่งตะวันตก - นาโคก,4-wheel pickup truck,speeding,rollover/fallen on straight road,1,0,0,clear,13.45434241,100.086675,straight road,no slope
6324503,2022-02-15T04:32:00Z,2022-06-07T10:44:00Z,กรุงเทพมหานคร,Bangkok,department of highways,แขวงคลองสองต้นนุ่น - พิมพา,private/passenger car,speeding,rollover/fallen on straight road,1,0,0,clear,13.73319182,100.7933244,straight road,no slope
5744680,2022-02-15T06:34:00Z,2022-02-15T09:29:00Z,ปทุมธานี,Pathum Thani,department of highways,บางปะอิน - แขวงรามอินทรา,4-wheel pickup truck,speeding,rear-end collision,2,0,0,clear,14.1236406,100.6735906,straight road,no slope
5747562,2022-02-15T07:05:00Z,2022-02-16T13:55:00Z,กรุงเทพมหานคร,Bangkok,department of highways,แขวงรามอินทรา - บางพลี,private/passenger car,speeding,rear-end collision,2,0,0,clear,13.71244047,100.7000854,straight road,no slope
6324450,2022-02-15T09:26:00Z,2022-06-07T10:32:00Z,กรุงเทพมหานคร,Bangkok,department of highways,บางปะอิน - แขวงรามอินทรา,other,speeding,rollover/fallen on straight road,1,0,0,clear,13.87825391,100.6835067,straight road,no slope
6325442,2022-02-15T13:15:00Z,2022-06-07T14:30:00Z,กรุงเทพมหานคร,Bangkok,department of highways,บางปะอิน - แขวงรามอินทรา,4-wheel pickup truck,speeding,rollover/fallen on straight road,1,0,0,clear,13.82569588,100.675503,straight road,no slope
6324742,2022-02-15T18:25:00Z,2022-06-07T11:32:00Z,สมุทรปราการ,Samut Prakan,department of highways,แขวงคลองสองต้นนุ่น - พิมพา,6-wheel truck,vehicle equipment failure,other,1,0,0,clear,13.66398919,100.8532315,straight road,no slope
6325647,2022-02-15T18:33:00Z,2022-06-07T15:15:00Z,กรุงเทพมหานคร,Bangkok,department of highways,แขวงคลองสองต้นนุ่น - พิมพา,4-wheel pickup truck,speeding,rear-end collision,3,0,0,clear,13.73081817,100.7191023,straight road,no slope
6325649,2022-02-15T18:49:00Z,2022-06-07T15:17:00Z,สมุทรปราการ,Samut Prakan,department of highways,แขวงคลองสองต้นนุ่น - พิมพา,private/passenger car,speeding,rear-end collision,4,0,1,rainy,13.65856803,100.8616483,straight road,no slope
5747563,2022-02-15T19:05:00Z,2022-02-16T14:14:00Z,กรุงเทพมหานคร,Bangkok,department of highways,ถนนศรีนครินทร - แขวงคลองสองต้นนุ่น,private/passenger car,speeding,rear-end collision,3,0,0,rainy,13.73177441,100.7113266,straight road,no slope