acc_code,incident_datetime,report_datetime,province_th,province_en,agency,route,vehicle_type,presumed_cause,accident_type,number_of_vehicles_involved,number_of_fatalities,number_of_injuries,weather_condition,latitude,longitude,road_description,slope_description
6325527,2022-02-15T20:09:00Z,2022-06-07T14:51:00Z,ปทุมธานี,Pathum Thani,department of highways,บางปะอิน - แขวงรามอินทรา,4-wheel pickup truck,speeding,rollover/fallen on straight road,1,0,0,rainy,14.00510498,100.7061204,straight road,no slope
6325676,2022-02-15T20:37:00Z,2022-06-07T15:22:00Z,กรุงเทพมหานคร,Bangkok,department of highways,แขวงคลองสองต้นนุ่น - พิมพา,4-wheel pickup truck,speeding,rear-end collision,3,0,0,rainy,13.73309281,100.7924205,straight road,no slope
6252882,2022-02-15T22:00:00Z,2022-05-26T11:18:00Z,สมุทรสาคร,Samut Sakhon,department of highways,แสมดำ - สะพานข้ามแม่น้ำท่าจีนฝั่งตะวันตก,motorcycle,running red lights/traffic signals,collision with obstruction (on road surface),2,0,1,clear,13.60835123,100.3758278,straight road,no slope
5747137,2022-02-16T00:59:00Z,2022-02-16T01:48:00Z,กรุงเทพมหานคร,Bangkok,expressway authority of thailand,พญาไท-ศรีนครินทร์,other,other,rollover/fallen on straight road,1,0,1,clear,NA,NA,wide curve,other
6566096,2022-02-16T04:00:00Z,2022-02-24T13:46:00Z,นนทบุรี,Nonthaburi,department of rural roads,ถนนชัยพฤกษ์,motorcycle,slippery road,other,1,1,1,clear,13.919413,100.4907,wide curve,other
6566080,2022-02-16T14:20:00Z,2022-02-18T15:52:00Z,กรุงเทพมหานคร,Bangkok,department of rural roads,ถนนวงแหวนอุตสาหกรรมเข้าสะพานภูมิพลที่ 1,motorcycle,speeding,other,1,0,0,clear,13.663391,100.515661,grade-separated intersection/ramps,other
6253318,2022-02-16T15:00:00Z,2022-05-26T13:13:00Z,ปทุมธานี,Pathum Thani,department of highways,สะพานข้ามแม่น้ำเจ้าพระยาปทุมธานี - ต่างระดับลาดหลุมแก้ว,4-wheel pickup truck,speeding,rollover/fallen on straight road,1,0,0,clear,14.0299547,100.5315998,straight road,no slope
5751579,2022-02-17T01:54:00Z,2022-02-17T05:01:00Z,สมุทรปราการ,Samut Prakan,expressway authority of thailand,บางพลี-สุขสวัสดิ์,6-wheel truck,other,rear-end collision,3,0,4,clear,13.622127,100.665321,straight road,other
5751599,2022-02-17T03:30:00Z,2022-02-17T05:05:00Z,สมุทรปราการ,Samut Prakan,expressway authority of thailand,บางพลี-สุขสวัสดิ์,other,other,collision with obstruction (on road surface),1,0,0,rainy,13.619125,100.611574,straight road,other
5758944,2022-02-17T04:11:00Z,2022-02-18T10:49:00Z,ปทุมธานี,Pathum Thani,department of highways,บางปะอิน - แขวงรามอินทรา,7-10-wheel truck,speeding,rear-end collision,2,0,0,clear,14.04812251,100.6981757,straight road,no slope
6325528,2022-02-17T04:46:00Z,2022-06-07T14:53:00Z,กรุงเทพมหานคร,Bangkok,department of highways,แขวงคลองสองต้นนุ่น - พิมพา,private/passenger car,speeding,rollover/fallen on straight road,1,0,1,rainy,13.72983588,100.7563019,other,other
5861166,2022-02-17T07:00:00Z,2022-03-07T10:27:00Z,กรุงเทพมหานคร,Bangkok,expressway authority of thailand,พญาไท-ศรีนครินทร์,other,other,collision with obstruction (on road surface),1,0,0,clear,NA,NA,wide curve,other
7443437,2022-02-17T08:45:00Z,2022-12-08T10:31:00Z,กรุงเทพมหานคร,Bangkok,department of highways,ไม่ทราบ,6-wheel truck,speeding,rear-end collision,2,0,0,clear,13.7496165,100.4058391,straight road,no slope
6363131,2022-02-17T10:00:00Z,2022-06-13T13:32:00Z,กรุงเทพมหานคร,Bangkok,department of highways,ถนนศรีนครินทร์ - ลาดกระบัง,other,speeding,rollover/fallen on straight road,1,0,0,clear,13.73227728,100.7809272,straight road,no slope
6331507,2022-02-17T12:30:00Z,2022-06-08T13:57:00Z,นครปฐม,Nakhon Pathom,department of highways,นครปฐม - ดอนตูม,4-wheel pickup truck,speeding,rollover/fallen on curved road,1,0,0,rainy,13.95296102,100.0711048,wide curve,no slope
5830153,2022-02-17T17:25:00Z,2022-03-02T11:16:00Z,กรุงเทพมหานคร,Bangkok,department of highways,ถนนศรีนครินทร - แขวงคลองสองต้นนุ่น,passenger pickup truck,speeding,rear-end collision,3,0,1,clear,13.74147987,100.6422087,straight road,no slope
6325502,2022-02-17T20:22:00Z,2022-06-07T14:47:00Z,ปทุมธานี,Pathum Thani,department of highways,บางปะอิน - แขวงรามอินทรา,4-wheel pickup truck,speeding,rear-end collision,3,0,0,clear,14.00847776,100.7046103,straight road,no slope
5756447,2022-02-17T21:02:00Z,2022-02-17T23:52:00Z,กรุงเทพมหานคร,Bangkok,expressway authority of thailand,บางพลี-สุขสวัสดิ์,7-10-wheel truck,other,rear-end collision,2,0,0,clear,NA,NA,other,other
5759264,2022-02-18T09:52:00Z,2022-02-18T11:49:00Z,สมุทรปราการ,Samut Prakan,expressway authority of thailand,บางนา-ชลบุรี,other,other,rear-end collision,2,0,1,clear,13.597342,100.798193,straight road,other
6324614,2022-02-18T12:12:00Z,2022-06-07T11:00:00Z,สมุทรปราการ,Samut Prakan,department of highways,แขวงคลองสองต้นนุ่น - พิมพา,private/passenger car,speeding,rear-end collision,2,0,0,clear,13.62070506,100.9205845,straight road,no slope
5843388,2022-02-18T13:36:00Z,2022-03-04T11:20:00Z,กรุงเทพมหานคร,Bangkok,expressway authority of thailand,หมอชิต-กาญจนาฯ,other,other,collision with obstruction (on road surface),1,0,0,clear,13.821613,100.525642,straight road,other
6324618,2022-02-18T18:57:00Z,2022-06-07T11:01:00Z,กรุงเทพมหานคร,Bangkok,department of highways,แขวงคลองสองต้นนุ่น - พิมพา,private/passenger car,speeding,rear-end collision,3,0,0,clear,13.72963785,100.7490304,straight road,no slope
5843365,2022-02-18T23:44:00Z,2022-03-04T11:16:00Z,กรุงเทพมหานคร,Bangkok,expressway authority of thailand,แจ้งวัฒนะ-พญาไท,other,other,rear-end collision,2,0,2,clear,13.82478099,100.5462972,straight road,other
6324447,2022-02-19T01:38:00Z,2022-06-07T10:30:00Z,กรุงเทพมหานคร,Bangkok,department of highways,ถนนศรีนครินทร - แขวงคลองสองต้นนุ่น,private/passenger car,speeding,rear-end collision,2,0,0,clear,13.7396769,100.649786,straight road,no slope
6363091,2022-02-19T02:00:00Z,2022-06-13T13:24:00Z,กรุงเทพมหานคร,Bangkok,department of highways,ดินแดง - งามวงศ์วาน,private/passenger car,speeding,rollover/fallen on straight road,1,0,0,clear,13.77302958,100.552977,straight road,no slope
5777032,2022-02-19T07:45:00Z,2022-02-21T11:34:00Z,กรุงเทพมหานคร,Bangkok,department of highways,บางปะอิน - แขวงรามอินทรา,4-wheel pickup truck,speeding,rollover/fallen on straight road,1,0,0,clear,13.90869421,100.698908,straight road,no slope
7557588,2022-02-19T08:00:00Z,2023-01-12T10:07:00Z,สมุทรปราการ,Samut Prakan,department of highways,บางนา - ทางเข้าท่าอากาศยานสุวรรณภูมิ,6-wheel truck,speeding,rear-end collision,2,0,1,clear,13.63448537,100.7100351,straight road,no slope
5817664,2022-02-19T15:55:00Z,2022-02-28T10:15:00Z,สมุทรสาคร,Samut Sakhon,department of highways,สะพานข้ามแม่น้ำท่าจีนฝั่งตะวันตก - นาโคก,4-wheel pickup truck,vehicle equipment failure,rollover/fallen on straight road,1,0,0,clear,13.53380534,100.21199850000001,straight road,no slope
6252351,2022-02-19T16:30:00Z,2022-05-26T09:35:00Z,นครปฐม,Nakhon Pathom,department of highways,นครปฐม - หนองปลาไหล,4-wheel pickup truck,speeding,rollover/fallen on straight road,2,0,1,clear,13.95075361,100.0043017,straight road,no slope
6324380,2022-02-19T18:21:00Z,2022-06-07T10:20:00Z,กรุงเทพมหานคร,Bangkok,department of highways,ถนนศรีนครินทร - แขวงคลองสองต้นนุ่น,private/passenger car,speeding,rear-end collision,4,0,0,clear,13.73178223,100.7113212,straight road,no slope
5777054,2022-02-19T20:00:00Z,2022-02-21T12:00:00Z,สมุทรปราการ,Samut Prakan,department of highways,บางเมือง - บางพลี,private/passenger car,speeding,pedestrian collision,1,0,1,clear,13.60760826,100.685808,straight road,no slope
7443586,2022-02-20T00:30:00Z,2022-12-08T10:33:00Z,กรุงเทพมหานคร,Bangkok,department of highways,ไม่ทราบ,private/passenger car,speeding,rollover/fallen on straight road,1,0,0,clear,13.72446574,100.4058632,straight road,no slope
5769909,2022-02-20T02:02:00Z,2022-02-20T02:48:00Z,สมุทรปราการ,Samut Prakan,expressway authority of thailand,บางพลี-สุขสวัสดิ์,6-wheel truck,other,side collision,2,0,1,clear,13.625714,100.597376,straight road,other
6324316,2022-02-20T03:00:00Z,2022-06-07T10:10:00Z,กรุงเทพมหานคร,Bangkok,department of highways,ถนนศรีนครินทร - แขวงคลองสองต้นนุ่น,4-wheel pickup truck,speeding,rollover/fallen on straight road,1,0,0,clear,13.73951796,100.6518701,straight road,no slope
5881278,2022-02-20T03:30:00Z,2022-03-10T09:28:00Z,สมุทรสาคร,Samut Sakhon,department of highways,บ้านบ่อ - พระประโทน,4-wheel pickup truck,speeding,rollover/fallen on straight road,1,0,1,clear,13.54170141,100.1683161,straight road,no slope
6566084,2022-02-20T06:22:00Z,2022-02-21T16:12:00Z,สมุทรปราการ,Samut Prakan,department of rural roads,สะพานภูมิพลที่ 2 ไปสะพานภูมิพลที่ 1,motorcycle,speeding,other,1,0,1,clear,13.655061,100.540631,straight road,slope area
5933128,2022-02-20T07:10:00Z,2022-03-18T14:46:00Z,สมุทรสาคร,Samut Sakhon,department of highways,บ้านบ่อ - พระประโทน,large truck with trailer,speeding,rear-end collision,2,0,0,clear,13.53596974,100.1776394,straight road,no slope
6363228,2022-02-20T08:00:00Z,2022-06-13T13:50:00Z,สมุทรปราการ,Samut Prakan,department of highways,บางเมือง - บางพลี,4-wheel pickup truck,speeding,rollover/fallen on straight road,1,0,0,clear,13.60391944,100.7006916,other,other
6345707,2022-02-20T11:30:00Z,2022-06-10T14:05:00Z,ปทุมธานี,Pathum Thani,department of highways,ปทุมธานี - ท้ายเกาะ,4-wheel pickup truck,speeding,rear-end collision,3,0,0,clear,14.07019933,100.5221933,straight road,no slope
6452804,2022-02-20T14:45:00Z,2022-06-28T11:20:00Z,กรุงเทพมหานคร,Bangkok,expressway authority of thailand,ดาวคะนอง-ท่าเรือ,other,other,side collision,2,0,3,clear,13.67835038,100.5146658,grade-separated intersection/ramps,other
6325219,2022-02-20T17:27:00Z,2022-06-07T13:47:00Z,ปทุมธานี,Pathum Thani,department of highways,บางปะอิน - แขวงรามอินทรา,4-wheel pickup truck,speeding,rear-end collision,2,0,0,clear,13.9993196,100.7089072,straight road,no slope
5774424,2022-02-20T20:41:00Z,2022-02-20T21:37:00Z,กรุงเทพมหานคร,Bangkok,expressway authority of thailand,รามอินทรา-อาจณรงค์,other,other,rollover/fallen on straight road,2,0,2,clear,NA,NA,wide curve,other
6324412,2022-02-20T23:30:00Z,2022-06-07T10:26:00Z,กรุงเทพมหานคร,Bangkok,department of highways,แขวงรามอินทรา - บางพลี,4-wheel pickup truck,vehicle equipment failure,rollover/fallen on straight road,1,0,1,clear,13.68825517,100.6993264,straight road,no slope
6252750,2022-02-21T01:20:00Z,2022-05-26T10:50:00Z,นครปฐม,Nakhon Pathom,department of highways,พระประโทน - สระกระเทียม,private/passenger car,speeding,rollover/fallen on straight road,1,0,0,clear,13.8030122,100.0057286,straight road,no slope
6324346,2022-02-21T04:30:00Z,2022-06-07T10:19:00Z,กรุงเทพมหานคร,Bangkok,department of highways,ถนนศรีนครินทร - แขวงคลองสองต้นนุ่น,large truck with trailer,speeding,rollover/fallen on straight road,1,0,0,clear,13.73158421,100.7110771,straight road,no slope
5843171,2022-02-21T11:15:00Z,2022-03-04T10:36:00Z,สมุทรปราการ,Samut Prakan,expressway authority of thailand,บางพลี-สุขสวัสดิ์,7-10-wheel truck,other,rear-end collision,3,0,0,clear,13.627311,100.594099,grade-separated intersection/ramps,other
6325203,2022-02-21T11:54:00Z,2022-06-07T13:40:00Z,ปทุมธานี,Pathum Thani,department of highways,บางปะอิน - แขวงรามอินทรา,4-wheel pickup truck,speeding,rear-end collision,2,0,0,rainy,14.0084049,100.7046318,straight road,no slope
6325187,2022-02-21T11:55:00Z,2022-06-07T13:36:00Z,ปทุมธานี,Pathum Thani,department of highways,บางปะอิน - แขวงรามอินทรา,private/passenger car,speeding,rear-end collision,2,0,0,clear,13.99095227,100.7125497,straight road,no slope
6566111,2022-02-21T12:50:00Z,2022-02-24T13:45:00Z,สมุทรปราการ,Samut Prakan,department of rural roads,สะพานภูมิพลที่ 1 ไปสะพานภูมิพลที่ 2,private/passenger car,unfamiliarity with the route/unskilled driving,other,2,0,0,clear,13.649481,100.541548,grade-separated intersection/ramps,other
6503086,2022-02-21T15:50:00Z,2022-07-06T16:20:00Z,สมุทรปราการ,Samut Prakan,department of highways,ราษฎร์บูรณะ - พระสมุทรเจดีย์,4-wheel pickup truck,falling asleep,rear-end collision,3,0,2,clear,13.61744136,100.5439889,straight road,no slope
7443774,2022-02-21T16:40:00Z,2022-12-08T13:53:00Z,สมุทรปราการ,Samut Prakan,department of highways,ไม่ทราบ,private/passenger car,speeding,rear-end collision,2,0,1,clear,13.59545059,100.8037059,straight road,no slope
5843165,2022-02-21T19:46:00Z,2022-03-04T10:35:00Z,สมุทรปราการ,Samut Prakan,expressway authority of thailand,บางพลี-สุขสวัสดิ์,4-wheel pickup truck,other,rear-end collision,2,0,0,clear,13.622127,100.665321,straight road,other
5831622,2022-02-21T20:50:00Z,2022-03-02T15:50:00Z,กรุงเทพมหานคร,Bangkok,department of highways,ถนนศรีนครินทร - แขวงคลองสองต้นนุ่น,private/passenger car,speeding,collision with obstruction (on road surface),1,0,0,clear,13.73279057,100.7045325,straight road,no slope
6324644,2022-02-21T21:17:00Z,2022-06-07T11:06:00Z,สมุทรปราการ,Samut Prakan,department of highways,แขวงคลองสองต้นนุ่น - พิมพา,private/passenger car,vehicle equipment failure,other,1,0,0,clear,13.64282772,100.8861342,straight road,no slope
5800077,2022-02-22T14:45:00Z,2022-02-25T09:15:00Z,ปทุมธานี,Pathum Thani,department of highways,บางปะอิน - แขวงรามอินทรา,large truck with trailer,speeding,rear-end collision,2,0,0,clear,14.06722292,100.6964645,straight road,no slope
5831852,2022-02-22T19:04:00Z,2022-03-02T16:46:00Z,กรุงเทพมหานคร,Bangkok,department of highways,ถนนศรีนครินทร - แขวงคลองสองต้นนุ่น,private/passenger car,speeding,rear-end collision,2,0,0,clear,13.74090927,100.6450224,straight road,no slope
5832664,2022-02-22T19:27:00Z,2022-03-02T19:41:00Z,กรุงเทพมหานคร,Bangkok,department of highways,ถนนศรีนครินทร - แขวงคลองสองต้นนุ่น,private/passenger car,speeding,rear-end collision,5,0,0,clear,13.74088843,100.6451779,straight road,no slope
6324651,2022-02-22T20:53:00Z,2022-06-07T11:07:00Z,สมุทรปราการ,Samut Prakan,department of highways,แขวงคลองสองต้นนุ่น - พิมพา,private/passenger car,speeding,rear-end collision,2,0,1,clear,13.64479564,100.8830765,straight road,no slope
6362572,2022-02-22T21:30:00Z,2022-06-13T10:56:00Z,นนทบุรี,Nonthaburi,department of highways,คลองบางไผ่ - คลองบางหลวง,4-wheel pickup truck,speeding,rollover/fallen on straight road,1,0,1,clear,13.95122997,100.423775,straight road,no slope
6324652,2022-02-22T21:36:00Z,2022-06-07T11:08:00Z,กรุงเทพมหานคร,Bangkok,department of highways,แขวงคลองสองต้นนุ่น - พิมพา,4-wheel pickup truck,speeding,rollover/fallen on straight road,1,0,0,clear,13.73151907,100.7642975,straight road,no slope
7444267,2022-02-23T08:30:00Z,2022-12-08T10:42:00Z,กรุงเทพมหานคร,Bangkok,department of highways,ไม่ทราบ,motorcycle,speeding,rollover/fallen on straight road,1,0,2,clear,13.67595179,100.4065284,straight road,no slope
5800168,2022-02-23T08:49:00Z,2022-02-25T09:39:00Z,ปทุมธานี,Pathum Thani,department of highways,บางปะอิน - แขวงรามอินทรา,4-wheel pickup truck,speeding,rear-end collision,4,0,0,clear,14.06628628,100.6965503,straight road,no slope
5919736,2022-02-23T10:00:00Z,2022-03-15T11:55:00Z,ปทุมธานี,Pathum Thani,department of highways,ต่างระดับลาดหลุมแก้ว - แยกนพวงศ์,other,speeding,rollover/fallen on straight road,1,0,0,clear,14.03323084,100.3936779,straight road,no slope
6324665,2022-02-23T16:38:00Z,2022-06-07T11:10:00Z,กรุงเทพมหานคร,Bangkok,department of highways,แขวงคลองสองต้นนุ่น - พิมพา,large truck with trailer,speeding,rear-end collision,2,0,1,clear,13.73389792,100.8050564,straight road,no slope
6252878,2022-02-23T18:36:00Z,2022-05-26T11:18:00Z,สมุทรสาคร,Samut Sakhon,department of highways,แสมดำ - สะพานข้ามแม่น้ำท่าจีนฝั่งตะวันตก,large truck with trailer,speeding,rear-end collision,2,0,0,clear,13.59729507,100.3649112,straight road,no slope
6566108,2022-02-23T23:09:00Z,2022-02-24T15:07:00Z,กรุงเทพมหานคร,Bangkok,department of rural roads,สะพานกรุงเทพฯ,motorcycle,speeding,other,2,3,0,clear,13.701118,100.491705,straight road,no slope
6345939,2022-02-23T23:20:00Z,2022-06-10T14:45:00Z,สมุทรปราการ,Samut Prakan,department of highways,ท้ายบ้าน - บางตำหรุ,4-wheel pickup truck,cutting in closely by people/vehicles/animals,rear-end collision,2,0,0,clear,13.51733695,100.6745911,straight road,no slope
5792904,2022-02-24T01:08:00Z,2022-02-24T02:52:00Z,สมุทรปราการ,Samut Prakan,expressway authority of thailand,บางพลี-สุขสวัสดิ์,large truck with trailer,other,rear-end collision,2,0,3,clear,13.637099,100.547235,straight road,other
6324701,2022-02-24T01:26:00Z,2022-06-07T11:22:00Z,กรุงเทพมหานคร,Bangkok,department of highways,แขวงคลองสองต้นนุ่น - พิมพา,private/passenger car,speeding,rear-end collision,2,0,1,clear,13.73204018,100.7715395,straight road,no slope
7443800,2022-02-24T02:26:00Z,2022-12-08T10:37:00Z,กรุงเทพมหานคร,Bangkok,department of highways,ไม่ทราบ,private/passenger car,speeding,rollover/fallen on curved road,1,0,0,clear,13.69231532,100.4074135,wide curve,no slope
7007959,2022-02-24T11:29:00Z,2022-09-30T11:26:00Z,ปทุมธานี,Pathum Thani,department of highways,วัดนาบุญ - คลอง 14,other,speeding,rollover/fallen on straight road,1,0,0,clear,14.07615724,100.8906939,straight road,no slope
5795142,2022-02-24T12:10:00Z,2022-02-24T13:19:00Z,สมุทรปราการ,Samut Prakan,expressway authority of thailand,บางนา-ชลบุรี,4-wheel pickup truck,other,rear-end collision,2,0,1,clear,13.599924,100.790361,straight road,other
6324807,2022-02-24T12:21:00Z,2022-06-07T11:46:00Z,สมุทรปราการ,Samut Prakan,department of highways,แขวงคลองสองต้นนุ่น - พิมพา,large truck with trailer,speeding,rear-end collision,2,0,0,clear,13.6699002,100.844053,straight road,no slope
5796725,2022-02-24T14:17:00Z,2022-02-24T19:17:00Z,สมุทรปราการ,Samut Prakan,expressway authority of thailand,บางพลี-สุขสวัสดิ์,4-wheel pickup truck,other,side collision,2,0,0,clear,13.63189,100.580157,straight road,other
6324700,2022-02-24T16:17:00Z,2022-06-07T11:24:00Z,กรุงเทพมหานคร,Bangkok,department of highways,แขวงคลองสองต้นนุ่น - พิมพา,private/passenger car,speeding,rear-end collision,4,0,0,clear,13.73131583,100.7145828,straight road,no slope
6566117,2022-02-24T19:50:00Z,2022-03-01T16:45:00Z,กรุงเทพมหานคร,Bangkok,department of rural roads,สะพานกรุงเทพฯ,motorcycle,illegal overtaking,other,2,0,3,clear,13.701972,100.490268,straight road,no slope
6324410,2022-02-24T23:30:00Z,2022-06-07T10:25:00Z,กรุงเทพมหานคร,Bangkok,department of highways,แขวงรามอินทรา - บางพลี,private/passenger car,speeding,rear-end collision,2,0,0,clear,13.70464912,100.6997207,straight road,no slope
5843096,2022-02-25T00:38:00Z,2022-03-04T10:19:00Z,กรุงเทพมหานคร,Bangkok,expressway authority of thailand,รามอินทรา-วงแหวนรอบนอก,other,other,collision with obstruction (on road surface),1,0,0,clear,NA,NA,y-intersection,other
5843202,2022-02-25T10:38:00Z,2022-03-04T10:42:00Z,สมุทรปราการ,Samut Prakan,expressway authority of thailand,บางพลี-สุขสวัสดิ์,4-wheel pickup truck,other,rear-end collision,2,0,0,clear,13.631185,100.582859,straight road,other
6252880,2022-02-25T15:50:00Z,2022-05-26T11:19:00Z,สมุทรสาคร,Samut Sakhon,department of highways,แสมดำ - สะพานข้ามแม่น้ำท่าจีนฝั่งตะวันตก,4-wheel pickup truck,speeding,rear-end collision,2,0,0,clear,13.59257368,100.3546706,straight road,no slope
7515278,2022-02-25T17:50:00Z,2022-12-28T16:10:00Z,กรุงเทพมหานคร,Bangkok,department of highways,ไม่ทราบ,motorcycle,speeding,rear-end collision,2,0,0,clear,13.79694981,100.5610016,straight road,no slope
7445513,2022-02-25T20:30:00Z,2022-12-09T08:44:00Z,กรุงเทพมหานคร,Bangkok,department of highways,ไม่ทราบ,private/passenger car,cutting in closely by people/vehicles/animals,rear-end collision,2,0,0,clear,13.68163186,100.4761773,straight road,no slope
5837243,2022-02-25T21:55:00Z,2022-03-03T11:57:00Z,กรุงเทพมหานคร,Bangkok,expressway authority of thailand,พญาไท-บางโคล่,other,other,other,1,0,0,clear,NA,NA,y-intersection,other
5803947,2022-02-25T22:12:00Z,2022-02-25T23:18:00Z,สมุทรปราการ,Samut Prakan,expressway authority of thailand,บางนา-ชลบุรี,large truck with trailer,other,rear-end collision,2,0,1,clear,13.62059075,100.7381258,straight road,other
6324382,2022-02-25T23:05:00Z,2022-06-07T10:23:00Z,กรุงเทพมหานคร,Bangkok,department of highways,แขวงรามอินทรา - บางพลี,large truck with trailer,speeding,rear-end collision,2,0,3,clear,13.70933699,100.7001203,straight road,no slope
6242201,2022-02-26T00:30:00Z,2022-05-24T11:11:00Z,สมุทรปราการ,Samut Prakan,department of highways,ท้ายบ้าน - บางตำหรุ,motorcycle,speeding,rollover/fallen on curved road,1,1,0,clear,13.53894251,100.621891,wide curve,no slope
5812229,2022-02-26T05:04:00Z,2022-02-27T10:48:00Z,ปทุมธานี,Pathum Thani,department of highways,บางปะอิน - แขวงรามอินทรา,large truck with trailer,speeding,rollover/fallen on straight road,1,0,0,clear,14.09135309,100.6920442,straight road,no slope
5832801,2022-02-26T09:45:00Z,2022-03-02T20:10:00Z,กรุงเทพมหานคร,Bangkok,department of highways,ถนนศรีนครินทร - แขวงคลองสองต้นนุ่น,4-wheel pickup truck,speeding,rear-end collision,2,0,0,clear,13.73157378,100.7131398,straight road,no slope
5812317,2022-02-26T11:18:00Z,2022-02-27T11:10:00Z,กรุงเทพมหานคร,Bangkok,department of highways,บางปะอิน - แขวงรามอินทรา,6-wheel truck,speeding,rear-end collision,2,0,3,clear,13.8819957,100.6853279,straight road,no slope
5843066,2022-02-26T23:34:00Z,2022-03-04T10:13:00Z,กรุงเทพมหานคร,Bangkok,expressway authority of thailand,รามอินทรา-อาจณรงค์,other,other,other,1,0,0,clear,NA,NA,other,other
6324744,2022-02-27T12:47:00Z,2022-06-07T11:33:00Z,ปทุมธานี,Pathum Thani,department of highways,บางปะอิน - แขวงรามอินทรา,4-wheel pickup truck,speeding,rollover/fallen on straight road,1,0,0,clear,13.94568012,100.7116431,straight road,no slope
6324746,2022-02-28T00:36:00Z,2022-06-07T11:31:00Z,กรุงเทพมหานคร,Bangkok,department of highways,แขวงคลองสองต้นนุ่น - พิมพา,motorcycle,speeding,rollover/fallen on straight road,1,0,2,clear,13.73101359,100.7172918,straight road,no slope
6566119,2022-02-28T07:00:00Z,2022-03-01T16:45:00Z,สมุทรปราการ,Samut Prakan,department of rural roads,สะพานภูมิพลที่ 2 ไปสะพานภูมิพลที่ 1,private/passenger car,tailgating,other,3,0,2,clear,13.652889,100.541002,straight road,slope area
6566122,2022-02-28T07:43:00Z,2022-03-01T16:46:00Z,สมุทรปราการ,Samut Prakan,department of rural roads,จุดเชื่อมต่อถนนวงแหวนอุตสาหกรรมเข้าสะพานภูมิพลที่ 2,motorcycle,speeding,other,1,1,1,clear,13.664632,100.538815,grade-separated intersection/ramps,other
7560735,2022-02-28T08:30:00Z,2023-01-16T11:40:00Z,กรุงเทพมหานคร,Bangkok,department of highways,ดินแดง - งามวงศ์วาน,4-wheel pickup truck,speeding,rear-end collision,2,0,1,clear,13.76433811,100.5481308,other,other
5830065,2022-02-28T09:00:00Z,2022-03-02T11:01:00Z,ปทุมธานี,Pathum Thani,department of highways,บางปะอิน - แขวงรามอินทรา,other,speeding,rollover/fallen on straight road,1,0,0,clear,14.14423541,100.6619015,straight road,no slope
7560763,2022-02-28T11:00:00Z,2023-01-16T13:34:00Z,กรุงเทพมหานคร,Bangkok,department of highways,ดินแดง - งามวงศ์วาน,6-wheel truck,speeding,rear-end collision,2,0,0,clear,13.81228789,100.5594516,straight road,slope area
5820325,2022-02-28T16:50:00Z,2022-02-28T19:30:00Z,กรุงเทพมหานคร,Bangkok,expressway authority of thailand,หมอชิต-กาญจนาฯ,other,other,collision with obstruction (on road surface),1,0,0,clear,NA,NA,straight road,other
6539832,2022-03-01T00:14:00Z,2022-07-12T14:52:00Z,สมุทรปราการ,Samut Prakan,department of highways,แขวงคลองสองต้นนุ่น - พิมพา,private/passenger car,speeding,rear-end collision,3,0,1,clear,13.6502093,100.8746517,straight road,no slope
7331197,2022-03-01T01:55:00Z,2022-07-22T14:32:00Z,สมุทรสาคร,Samut Sakhon,department of highways,แสมดำ - สะพานข้ามแม่น้ำท่าจีนฝั่งตะวันตก,4-wheel pickup truck,speeding,collision with obstruction (on road surface),1,1,2,clear,13.60185212,100.3693932,straight road,no slope
6585060,2022-03-01T06:05:00Z,2022-07-21T10:32:00Z,ปทุมธานี,Pathum Thani,department of highways,ลำลูกกา - คลอง 16,private/passenger car,speeding,rollover/fallen on straight road,1,0,0,clear,13.94420153,100.7744551,other,other
5881308,2022-03-01T07:55:00Z,2022-03-10T09:31:00Z,นครปฐม,Nakhon Pathom,department of highways,บ้านบ่อ - พระประโทน,4-wheel pickup truck,speeding,rear-end collision,2,0,2,clear,13.67170631,100.0883782,straight road,no slope
6539612,2022-03-01T09:34:00Z,2022-07-12T14:33:00Z,สมุทรปราการ,Samut Prakan,department of highways,แขวงคลองสองต้นนุ่น - พิมพา,private/passenger car,falling asleep,rollover/fallen on straight road,1,0,0,clear,13.66841985,100.8463517,straight road,no slope
6031799,2022-03-01T09:38:00Z,2022-04-04T09:51:00Z,สมุทรปราการ,Samut Prakan,expressway authority of thailand,บางพลี-สุขสวัสดิ์,6-wheel truck,other,rear-end collision,3,0,0,clear,13.630637,100.531997,straight road,other
6539608,2022-03-01T11:47:00Z,2022-07-12T14:34:00Z,กรุงเทพมหานคร,Bangkok,department of highways,แขวงคลองสองต้นนุ่น - พิมพา,4-wheel pickup truck,vehicle equipment failure,rollover/fallen on straight road,1,0,0,clear,13.73300162,100.7915112,straight road,no slope