acc_code,incident_datetime,report_datetime,province_th,province_en,agency,route,vehicle_type,presumed_cause,accident_type,number_of_vehicles_involved,number_of_fatalities,number_of_injuries,weather_condition,latitude,longitude,road_description,slope_description
5824274,2022-03-01T12:12:00Z,2022-03-01T12:28:00Z,สมุทรปราการ,Samut Prakan,expressway authority of thailand,บางพลี-สุขสวัสดิ์,other,other,rear-end collision,2,0,0,clear,13.630798,100.672229,straight road,other
5843308,2022-03-01T14:05:00Z,2022-03-04T11:05:00Z,กรุงเทพมหานคร,Bangkok,department of highways,บางปะอิน - แขวงรามอินทรา,private/passenger car,speeding,rear-end collision,3,0,2,clear,13.83806952,100.6731507,straight road,no slope
6539827,2022-03-01T19:30:00Z,2022-07-12T14:51:00Z,สมุทรปราการ,Samut Prakan,department of highways,แขวงรามอินทรา - บางพลี,private/passenger car,speeding,rear-end collision,2,0,0,clear,13.65714235,100.6919262,straight road,no slope
6566131,2022-03-01T21:05:00Z,2022-03-04T09:13:00Z,กรุงเทพมหานคร,Bangkok,department of rural roads,สะพานภูมิพลที่ 1 ไปสะพานภูมิพลที่ 2,private/passenger car,speeding,other,2,0,0,clear,13.670603,100.538575,straight road,slope area
6591058,2022-03-01T21:10:00Z,2022-07-22T10:02:00Z,สมุทรสาคร,Samut Sakhon,department of highways,แสมดำ - สะพานข้ามแม่น้ำท่าจีนฝั่งตะวันตก,private/passenger car,speeding,rear-end collision,2,0,0,clear,13.60444605,100.3719762,straight road,no slope
5828696,2022-03-02T00:41:00Z,2022-03-02T04:10:00Z,สมุทรปราการ,Samut Prakan,expressway authority of thailand,บางพลี-สุขสวัสดิ์,4-wheel pickup truck,other,rear-end collision,2,0,1,clear,13.62904,100.527976,grade-separated intersection/ramps,other
5991896,2022-03-02T06:50:00Z,2022-03-28T09:18:00Z,กรุงเทพมหานคร,Bangkok,department of highways,งามวงศ์วาน - ดอนเมือง,other,speeding,rollover/fallen on straight road,1,0,0,clear,13.92101396,100.6020427,straight road,no slope
7518299,2022-03-02T09:32:00Z,2022-12-29T11:39:00Z,สมุทรปราการ,Samut Prakan,expressway authority of thailand,บางพลี-สุขสวัสดิ์,7-10-wheel truck,other,rear-end collision,2,0,0,clear,13.627311,100.594099,straight road,other
6539070,2022-03-02T14:00:00Z,2022-07-12T13:57:00Z,สมุทรปราการ,Samut Prakan,department of highways,แขวงคลองสองต้นนุ่น - พิมพา,large truck with trailer,speeding,rollover/fallen on straight road,1,0,0,clear,13.61139348,100.9351462,straight road,no slope
5842846,2022-03-02T16:09:00Z,2022-03-04T09:29:00Z,กรุงเทพมหานคร,Bangkok,department of highways,แขวงรามอินทรา - บางพลี,7-10-wheel truck,speeding,rollover/fallen on straight road,1,0,0,clear,13.76142885,100.6959763,straight road,no slope
6032799,2022-03-02T20:12:00Z,2022-04-04T13:43:00Z,กรุงเทพมหานคร,Bangkok,expressway authority of thailand,พญาไท-บางโคล่,other,other,other,1,0,0,clear,13.73929559,100.5197721,straight road,other
5843262,2022-03-03T05:40:00Z,2022-03-04T10:55:00Z,กรุงเทพมหานคร,Bangkok,department of highways,ถนนศรีนครินทร - แขวงคลองสองต้นนุ่น,4-wheel pickup truck,falling asleep,rollover/fallen on straight road,1,0,0,clear,13.73956226,100.6516903,other,other
5843392,2022-03-03T11:56:00Z,2022-03-04T11:23:00Z,ปทุมธานี,Pathum Thani,department of highways,บางปะอิน - แขวงรามอินทรา,private/passenger car,speeding,rear-end collision,2,0,0,clear,13.94386572,100.7109377,straight road,no slope
6539828,2022-03-03T12:31:00Z,2022-07-12T14:51:00Z,กรุงเทพมหานคร,Bangkok,department of highways,แขวงรามอินทรา - บางพลี,4-wheel pickup truck,speeding,rollover/fallen on curved road,1,0,0,rainy,13.73305634,100.7054847,other,other
6031805,2022-03-03T13:35:00Z,2022-04-04T09:52:00Z,สมุทรปราการ,Samut Prakan,expressway authority of thailand,บางพลี-สุขสวัสดิ์,other,other,collision with obstruction (on road surface),1,0,0,clear,13.63839,100.557946,straight road,other
6539796,2022-03-03T14:39:00Z,2022-07-12T14:48:00Z,กรุงเทพมหานคร,Bangkok,department of highways,แขวงคลองสองต้นนุ่น - พิมพา,4-wheel pickup truck,speeding,rear-end collision,2,0,0,clear,13.73205841,100.7724488,straight road,no slope
5843075,2022-03-03T16:14:00Z,2022-03-04T10:17:00Z,กรุงเทพมหานคร,Bangkok,department of highways,แขวงรามอินทรา - บางพลี,private/passenger car,speeding,rear-end collision,4,0,0,clear,13.77191721,100.6902793,straight road,no slope
6539740,2022-03-03T19:30:00Z,2022-07-12T14:41:00Z,ปทุมธานี,Pathum Thani,department of highways,บางปะอิน - แขวงรามอินทรา,4-wheel pickup truck,speeding,rollover/fallen on curved road,1,0,0,clear,14.01061175,100.7043582,other,other
7008619,2022-03-03T22:10:00Z,2022-09-30T13:34:00Z,กรุงเทพมหานคร,Bangkok,department of highways,บางแค - คลองมหาสวัสดิ์,4-wheel pickup truck,speeding,rear-end collision,2,0,0,clear,13.74575014,100.405764,straight road,no slope
5841651,2022-03-03T23:13:00Z,2022-03-04T03:14:00Z,กรุงเทพมหานคร,Bangkok,expressway authority of thailand,ดาวคะนอง-ท่าเรือ,other,other,other,1,0,0,clear,NA,NA,other,other
7446433,2022-03-04T04:00:00Z,2022-12-09T09:25:00Z,ปทุมธานี,Pathum Thani,department of highways,ไม่ทราบ,4-wheel pickup truck,speeding,rollover/fallen on straight road,1,0,0,clear,14.10366825,100.570229,straight road,no slope
6144659,2022-03-04T09:25:00Z,2022-04-26T10:05:00Z,กรุงเทพมหานคร,Bangkok,expressway authority of thailand,ดาวคะนอง-ท่าเรือ,other,other,rollover/fallen on straight road,1,0,1,clear,13.67613921,100.5129628,grade-separated intersection/ramps,other
6031806,2022-03-04T10:06:00Z,2022-04-04T09:52:00Z,สมุทรปราการ,Samut Prakan,expressway authority of thailand,บางพลี-สุขสวัสดิ์,van,other,rear-end collision,2,0,0,clear,13.627311,100.594099,straight road,other
6539809,2022-03-04T11:25:00Z,2022-07-12T14:48:00Z,กรุงเทพมหานคร,Bangkok,department of highways,แขวงรามอินทรา - บางพลี,4-wheel pickup truck,speeding,rollover/fallen on straight road,1,0,0,clear,13.66335325,100.6964376,straight road,no slope
7446426,2022-03-04T11:50:00Z,2022-12-09T09:39:00Z,กรุงเทพมหานคร,Bangkok,department of highways,ไม่ทราบ,private/passenger car,speeding,rear-end collision,2,0,0,clear,13.84659795,100.5610223,straight road,no slope
6539609,2022-03-04T14:46:00Z,2022-07-12T14:34:00Z,สมุทรปราการ,Samut Prakan,department of highways,แขวงคลองสองต้นนุ่น - พิมพา,private/passenger car,speeding,rollover/fallen on straight road,1,0,0,clear,13.68867213,100.8306554,straight road,no slope
6590890,2022-03-04T17:30:00Z,2022-07-22T09:33:00Z,นนทบุรี,Nonthaburi,department of highways,บางบัวทอง - บางคูวัด,4-wheel pickup truck,speeding,rollover/fallen on straight road,1,0,0,clear,13.94985814,100.4543173,straight road,no slope
6539808,2022-03-05T00:45:00Z,2022-07-12T14:47:00Z,กรุงเทพมหานคร,Bangkok,department of highways,แขวงรามอินทรา - บางพลี,large truck with trailer,speeding,rear-end collision,2,0,0,clear,13.79831318,100.6813744,straight road,no slope
6033098,2022-03-05T02:20:00Z,2022-04-04T14:38:00Z,กรุงเทพมหานคร,Bangkok,expressway authority of thailand,พญาไท-บางโคล่,other,other,rear-end collision,2,0,0,clear,NA,NA,straight road,other
6539666,2022-03-05T07:20:00Z,2022-07-12T14:35:00Z,สมุทรปราการ,Samut Prakan,department of highways,แขวงคลองสองต้นนุ่น - พิมพา,private/passenger car,speeding,rollover/fallen on straight road,1,0,0,clear,13.65118671,100.8731255,straight road,no slope
5926811,2022-03-05T08:30:00Z,2022-03-17T14:04:00Z,สมุทรสาคร,Samut Sakhon,department of highways,บ้านบ่อ - พระประโทน,private/passenger car,speeding,rollover/fallen on straight road,1,0,0,clear,13.62953925,100.09422000000001,straight road,no slope
7331216,2022-03-05T09:30:00Z,2022-03-28T10:03:00Z,นครปฐม,Nakhon Pathom,department of highways,พุทธมณฑลสาย 4 - นครชัยศรี,large truck with trailer,speeding,rear-end collision,2,1,0,clear,13.77349329,100.2122077,straight road,no slope
6016006,2022-03-05T09:32:00Z,2022-04-01T12:08:00Z,กรุงเทพมหานคร,Bangkok,expressway authority of thailand,แจ้งวัฒนะ-พญาไท,other,other,rear-end collision,3,0,0,clear,13.79299195,100.5388413,straight road,other
5855602,2022-03-05T11:29:00Z,2022-03-06T10:40:00Z,กรุงเทพมหานคร,Bangkok,department of highways,ถนนศรีนครินทร - แขวงคลองสองต้นนุ่น,private/passenger car,speeding,rear-end collision,2,0,0,clear,13.73261861,100.704039,straight road,no slope
6539802,2022-03-05T21:07:00Z,2022-07-12T14:45:00Z,กรุงเทพมหานคร,Bangkok,department of highways,แขวงรามอินทรา - บางพลี,4-wheel pickup truck,speeding,rear-end collision,2,0,2,clear,13.69278701,100.6994712,straight road,no slope
6566160,2022-03-06T13:28:00Z,2022-03-16T08:32:00Z,ปทุมธานี,Pathum Thani,department of rural roads,แยกทางหลวงหมายเลข 305 (กม.ที่ 34+150) - บ้านหนองหมู,motorcycle,speeding,other,2,1,2,clear,14.107395,100.913542,straight road,no slope
6539679,2022-03-06T14:38:00Z,2022-07-12T14:37:00Z,สมุทรปราการ,Samut Prakan,department of highways,แขวงคลองสองต้นนุ่น - พิมพา,private/passenger car,speeding,rear-end collision,3,0,1,clear,13.66841985,100.8463517,straight road,no slope
7331227,2022-03-06T15:25:00Z,2022-06-10T15:10:00Z,นนทบุรี,Nonthaburi,department of highways,คลองมหาสวัสดิ์ - คลองบางไผ่,private/passenger car,speeding,rear-end collision,5,0,1,clear,13.87897259,100.4094788,straight road,no slope
7518323,2022-03-06T20:54:00Z,2022-12-29T11:39:00Z,กรุงเทพมหานคร,Bangkok,expressway authority of thailand,แจ้งวัฒนะ-พญาไท,other,other,rear-end collision,2,0,3,clear,13.83320122,100.5393624,straight road,other
6539684,2022-03-06T21:30:00Z,2022-07-12T14:39:00Z,กรุงเทพมหานคร,Bangkok,department of highways,แขวงรามอินทรา - บางพลี,4-wheel pickup truck,speeding,rollover/fallen on straight road,2,0,0,clear,13.765229830000001,100.6941846,straight road,no slope
7446936,2022-03-07T05:30:00Z,2022-12-09T09:59:00Z,สมุทรสาคร,Samut Sakhon,department of highways,ไม่ทราบ,7-10-wheel truck,speeding,rear-end collision,2,0,2,clear,13.50234622,100.1262966,straight road,no slope
6539660,2022-03-07T06:50:00Z,2022-07-12T14:39:00Z,กรุงเทพมหานคร,Bangkok,department of highways,แขวงคลองสองต้นนุ่น - พิมพา,private/passenger car,speeding,rear-end collision,4,0,0,clear,13.73091718,100.7181984,straight road,no slope
7567919,2022-03-07T11:30:00Z,2023-01-24T07:32:00Z,สมุทรสาคร,Samut Sakhon,department of highways,บ้านบ่อ - พระประโทน,7-10-wheel truck,speeding,rear-end collision,2,0,1,clear,13.5918072,100.1048389,straight road,no slope
7444759,2022-03-07T12:30:00Z,2022-12-08T14:14:00Z,สมุทรปราการ,Samut Prakan,department of highways,ไม่ทราบ,private/passenger car,speeding,rear-end collision,2,0,1,clear,13.58940628,100.8301909,straight road,no slope
7518325,2022-03-07T14:27:00Z,2022-12-29T11:39:00Z,สมุทรปราการ,Samut Prakan,expressway authority of thailand,บางพลี-สุขสวัสดิ์,other,other,rear-end collision,3,0,0,clear,13.622656,100.604075,straight road,other
6031810,2022-03-07T15:01:00Z,2022-04-04T09:53:00Z,สมุทรปราการ,Samut Prakan,expressway authority of thailand,บางพลี-สุขสวัสดิ์,4-wheel pickup truck,other,rear-end collision,4,0,0,clear,13.628688,100.59168,straight road,other
6539682,2022-03-07T15:14:00Z,2022-07-12T14:38:00Z,ปทุมธานี,Pathum Thani,department of highways,บางปะอิน - แขวงรามอินทรา,4-wheel pickup truck,speeding,rollover/fallen on curved road,1,0,0,clear,13.93355173,100.7103771,wide curve,no slope
6590789,2022-03-07T22:00:00Z,2022-07-22T09:08:00Z,กรุงเทพมหานคร,Bangkok,department of highways,งามวงศ์วาน - ดอนเมือง,4-wheel pickup truck,speeding,collision with obstruction (on road surface),1,0,0,clear,13.88386006,100.5814192,other,other
7567909,2022-03-07T22:30:00Z,2023-01-24T07:27:00Z,นครปฐม,Nakhon Pathom,department of highways,ดอนตูม - ลำลูกบัว,4-wheel pickup truck,speeding,rollover/fallen on straight road,1,0,0,rainy,13.96491139,100.0847813,other,other
6539592,2022-03-07T22:50:00Z,2022-07-12T14:30:00Z,กรุงเทพมหานคร,Bangkok,department of highways,แขวงรามอินทรา - บางพลี,4-wheel pickup truck,speeding,rollover/fallen on straight road,1,0,0,clear,13.75407421,100.700292,straight road,no slope
7008517,2022-03-08T00:37:00Z,2022-09-30T13:16:00Z,นครปฐม,Nakhon Pathom,department of highways,พระประโทน - สระกระเทียม,4-wheel pickup truck,speeding,rear-end collision,2,1,1,clear,13.80374153,100.0202393,straight road,no slope
6566162,2022-03-08T01:44:00Z,2022-03-16T08:28:00Z,สมุทรปราการ,Samut Prakan,department of rural roads,สะพานภูมิพลที่ 1 ไปสะพานภูมิพลที่ 2,private/passenger car,speeding,other,2,0,1,rainy,13.652847,100.541226,straight road,slope area
5874233,2022-03-08T01:55:00Z,2022-03-09T09:23:00Z,ปทุมธานี,Pathum Thani,department of highways,บางปะอิน - แขวงรามอินทรา,private/passenger car,speeding,rear-end collision,2,0,0,clear,14.06989233,100.6961748,straight road,no slope
7567911,2022-03-08T05:30:00Z,2023-01-24T07:29:00Z,สมุทรสาคร,Samut Sakhon,department of highways,บ้านบ่อ - พระประโทน,van,speeding,rollover/fallen on straight road,2,0,1,clear,13.63298786,100.0935387,other,other
6539595,2022-03-08T11:20:00Z,2022-07-12T14:31:00Z,สมุทรปราการ,Samut Prakan,department of highways,แขวงคลองสองต้นนุ่น - พิมพา,private/passenger car,speeding,rear-end collision,2,0,0,clear,13.6197223,100.9221133,straight road,no slope
7446490,2022-03-08T14:00:00Z,2022-12-09T09:40:00Z,กรุงเทพมหานคร,Bangkok,department of highways,ไม่ทราบ,motorcycle,speeding,rear-end collision,2,0,2,clear,13.78898064,100.5614342,straight road,no slope
6585028,2022-03-08T17:00:00Z,2022-07-21T10:25:00Z,ปทุมธานี,Pathum Thani,department of highways,ลำลูกกา - คลอง 16,private/passenger car,cutting in closely by people/vehicles/animals,rear-end collision,2,0,1,clear,13.93745142,100.7554784,straight road,no slope
6566145,2022-03-08T22:11:00Z,2022-03-14T11:47:00Z,สมุทรปราการ,Samut Prakan,department of rural roads,สะพานภูมิพลที่ 2 ไปสะพานภูมิพลที่ 1,motorcycle,unfamiliarity with the route/unskilled driving,other,2,0,1,clear,13.652267,100.541063,straight road,slope area
6591027,2022-03-08T23:15:00Z,2022-07-22T09:57:00Z,สมุทรปราการ,Samut Prakan,department of highways,บางนา - ทางเข้าท่าอากาศยานสุวรรณภูมิ,motorcycle,speeding,rollover/fallen on curved road,1,1,0,clear,13.66272774,100.658412,other,other
7446981,2022-03-09T03:00:00Z,2022-12-09T09:41:00Z,กรุงเทพมหานคร,Bangkok,department of highways,ไม่ทราบ,private/passenger car,speeding,rollover/fallen on straight road,1,0,0,clear,13.82212538,100.5584426,straight road,no slope
5992127,2022-03-09T06:00:00Z,2022-03-28T10:03:00Z,นครปฐม,Nakhon Pathom,department of highways,พุทธมณฑลสาย 4 - นครชัยศรี,7-10-wheel truck,speeding,rollover/fallen on straight road,1,0,0,clear,13.78577332,100.2770796,straight road,no slope
5881750,2022-03-09T10:43:00Z,2022-03-10T10:55:00Z,กรุงเทพมหานคร,Bangkok,department of highways,ถนนศรีนครินทร - แขวงคลองสองต้นนุ่น,4-wheel pickup truck,speeding,rollover/fallen on straight road,1,0,0,clear,13.73979935,100.6506228,straight road,no slope
5876400,2022-03-09T13:35:00Z,2022-03-09T16:21:00Z,กรุงเทพมหานคร,Bangkok,expressway authority of thailand,บางนา-ท่าเรือ,4-wheel pickup truck,other,other,2,0,0,clear,13.70934312,100.5837487,straight road,other
6031864,2022-03-09T14:55:00Z,2022-04-04T10:07:00Z,กรุงเทพมหานคร,Bangkok,expressway authority of thailand,ดาวคะนอง-ท่าเรือ,other,other,rear-end collision,2,0,0,clear,13.68784571,100.5221303,straight road,other
6031867,2022-03-09T16:52:00Z,2022-04-04T10:08:00Z,กรุงเทพมหานคร,Bangkok,expressway authority of thailand,ดาวคะนอง-ท่าเรือ,other,other,rear-end collision,6,0,0,clear,13.6733038,100.5106965,straight road,other
5881836,2022-03-09T17:41:00Z,2022-03-10T11:13:00Z,กรุงเทพมหานคร,Bangkok,department of highways,ถนนศรีนครินทร - แขวงคลองสองต้นนุ่น,private/passenger car,speeding,rear-end collision,6,0,0,clear,13.73333773,100.6973871,straight road,no slope
6539517,2022-03-09T18:22:00Z,2022-07-12T14:27:00Z,กรุงเทพมหานคร,Bangkok,department of highways,แขวงรามอินทรา - บางพลี,private/passenger car,speeding,rear-end collision,3,0,0,clear,13.7499083,100.7020756,straight road,no slope
6031837,2022-03-09T22:19:00Z,2022-04-04T09:59:00Z,กรุงเทพมหานคร,Bangkok,expressway authority of thailand,รามอินทรา-อาจณรงค์,other,other,collision with obstruction (on road surface),2,0,0,clear,13.749654,100.603828,wide curve,other
5879829,2022-03-10T01:38:00Z,2022-03-10T02:50:00Z,กรุงเทพมหานคร,Bangkok,expressway authority of thailand,รามอินทรา-อาจณรงค์,6-wheel truck,other,rear-end collision,2,0,1,clear,NA,NA,straight road,other
7007765,2022-03-10T15:10:00Z,2022-09-30T10:47:00Z,ปทุมธานี,Pathum Thani,department of highways,ต่างระดับรังสิต - วัดนาบุญ,4-wheel pickup truck,speeding,head-on collision (not overtaking),4,0,0,rainy,14.02310301,100.741319,other,other
5894779,2022-03-10T15:43:00Z,2022-03-12T09:59:00Z,ปทุมธานี,Pathum Thani,department of highways,บางปะอิน - แขวงรามอินทรา,private/passenger car,speeding,rear-end collision,3,0,0,clear,14.00257275,100.7072201,straight road,no slope
5926285,2022-03-10T16:00:00Z,2022-03-17T11:50:00Z,นครปฐม,Nakhon Pathom,department of highways,บ้านบ่อ - พระประโทน,4-wheel pickup truck,vehicle equipment failure,rollover/fallen on straight road,1,0,0,clear,13.74495289,100.08513,straight road,no slope
6539351,2022-03-10T18:29:00Z,2022-07-12T14:18:00Z,ปทุมธานี,Pathum Thani,department of highways,บางปะอิน - แขวงรามอินทรา,4-wheel pickup truck,speeding,rear-end collision,4,0,0,clear,14.0680789,100.6966522,straight road,no slope
7564980,2022-03-10T18:54:00Z,2023-01-20T06:48:00Z,กรุงเทพมหานคร,Bangkok,department of highways,บางนา - ทางเข้าท่าอากาศยานสุวรรณภูมิ,private/passenger car,cutting in closely by people/vehicles/animals,rear-end collision,2,0,1,clear,13.66896065,100.6297365,straight road,no slope
6033105,2022-03-10T19:57:00Z,2022-04-04T14:39:00Z,กรุงเทพมหานคร,Bangkok,expressway authority of thailand,พญาไท-บางโคล่,other,other,side collision,2,0,2,clear,13.72872005,100.5175755,straight road,other
6590871,2022-03-10T23:30:00Z,2022-07-22T09:25:00Z,สมุทรสาคร,Samut Sakhon,department of highways,สมุทรสาคร - บางบอน,private/passenger car,speeding,rollover/fallen on straight road,1,0,0,clear,13.631867,100.364187,straight road,no slope
6590791,2022-03-11T01:00:00Z,2022-07-22T09:07:00Z,กรุงเทพมหานคร,Bangkok,department of highways,งามวงศ์วาน - ดอนเมือง,private/passenger car,speeding,rollover/fallen on straight road,1,0,0,clear,13.84753878,100.5615279,straight road,no slope
6586093,2022-03-11T04:10:00Z,2022-07-21T14:44:00Z,ปทุมธานี,Pathum Thani,department of highways,สนามกีฬาธูปะเตมีย์ - ต่างระดับคลองหลวง,large truck with trailer,speeding,rollover/fallen on straight road,1,0,0,clear,13.98831578,100.6156334,other,other
6590941,2022-03-11T05:40:00Z,2022-07-22T09:44:00Z,นนทบุรี,Nonthaburi,department of highways,บางบัวทอง - ไทรน้อย,private/passenger car,speeding,rollover/fallen on straight road,1,0,1,clear,13.92410161,100.4155969,straight road,no slope
6032810,2022-03-11T08:58:00Z,2022-04-04T13:45:00Z,กรุงเทพมหานคร,Bangkok,expressway authority of thailand,พญาไท-บางโคล่,4-wheel pickup truck,other,rear-end collision,4,0,0,clear,13.74813882,100.5210944,straight road,other
6591032,2022-03-11T15:30:00Z,2022-07-22T09:55:00Z,สมุทรสาคร,Samut Sakhon,department of highways,แสมดำ - สะพานข้ามแม่น้ำท่าจีนฝั่งตะวันตก,7-10-wheel truck,speeding,collision with obstruction (on road surface),1,0,0,clear,13.60184951,100.3694013,straight road,no slope
6539433,2022-03-11T16:30:00Z,2022-07-12T14:20:00Z,ปทุมธานี,Pathum Thani,department of highways,บางปะอิน - แขวงรามอินทรา,private/passenger car,speeding,rollover/fallen on straight road,1,0,0,clear,13.92095148,100.7049081,straight road,no slope
6590950,2022-03-11T16:30:00Z,2022-07-22T09:42:00Z,นนทบุรี,Nonthaburi,department of highways,คลองบางไผ่ - คลองบางหลวง,4-wheel pickup truck,speeding,rollover/fallen on straight road,1,0,0,clear,13.93290872,100.4156238,straight road,no slope
6148317,2022-03-12T00:10:00Z,2022-05-03T11:34:00Z,สมุทรสาคร,Samut Sakhon,department of highways,บ้านบ่อ - พระประโทน,4-wheel pickup truck,falling asleep,rollover/fallen on straight road,2,0,3,clear,13.54170141,100.1683161,straight road,no slope
5900278,2022-03-12T03:04:00Z,2022-03-13T09:06:00Z,กรุงเทพมหานคร,Bangkok,department of highways,แขวงรามอินทรา - บางพลี,large truck with trailer,speeding,collision with obstruction (on road surface),1,0,0,clear,13.75775547,100.6983018,straight road,no slope
5894959,2022-03-12T06:22:00Z,2022-03-12T10:49:00Z,กรุงเทพมหานคร,Bangkok,department of highways,บางปะอิน - แขวงรามอินทรา,large truck with trailer,speeding,rear-end collision,2,0,1,clear,13.84531994,100.672346,straight road,no slope
6539197,2022-03-12T07:26:00Z,2022-07-12T14:06:00Z,กรุงเทพมหานคร,Bangkok,department of highways,แขวงคลองสองต้นนุ่น - พิมพา,4-wheel pickup truck,running red lights/traffic signals,other,1,0,0,clear,13.73272283,100.7887968,other,other
6539347,2022-03-12T10:15:00Z,2022-07-12T14:16:00Z,สมุทรปราการ,Samut Prakan,department of highways,แขวงรามอินทรา - บางพลี,private/passenger car,speeding,rollover/fallen on curved road,1,0,2,clear,13.64943779,100.6872484,wide curve,no slope
6539270,2022-03-12T12:20:00Z,2022-07-12T14:14:00Z,กรุงเทพมหานคร,Bangkok,department of highways,แขวงคลองสองต้นนุ่น - พิมพา,4-wheel pickup truck,running red lights/traffic signals,other,1,0,0,clear,13.73244664,100.7860851,other,other
6538197,2022-03-12T15:25:00Z,2022-07-12T11:16:00Z,สมุทรปราการ,Samut Prakan,department of highways,แขวงคลองสองต้นนุ่น - พิมพา,4-wheel pickup truck,vehicle equipment failure,rollover/fallen on straight road,1,0,0,clear,13.69602621,100.8270424,straight road,no slope
6566148,2022-03-13T01:31:00Z,2022-03-16T08:26:00Z,สมุทรปราการ,Samut Prakan,department of rural roads,สะพานภูมิพลที่ 1 ไปสะพานภูมิพลที่ 2,motorcycle,speeding,other,1,0,1,clear,13.666386,100.538462,straight road,slope area
6539062,2022-03-13T11:20:00Z,2022-07-12T14:00:00Z,ปทุมธานี,Pathum Thani,department of highways,บางปะอิน - แขวงรามอินทรา,other,speeding,rollover/fallen on straight road,1,0,0,clear,14.11574083,100.6782898,straight road,no slope
6539268,2022-03-13T16:11:00Z,2022-07-12T14:14:00Z,สมุทรปราการ,Samut Prakan,department of highways,แขวงคลองสองต้นนุ่น - พิมพา,private/passenger car,speeding,rear-end collision,2,0,1,clear,13.65807282,100.8624127,straight road,no slope
5902146,2022-03-13T17:45:00Z,2022-03-13T18:15:00Z,กรุงเทพมหานคร,Bangkok,expressway authority of thailand,บางปะอิน-แจ้งวัฒนะ,4-wheel pickup truck,other,rear-end collision,2,0,0,clear,NA,NA,straight road,other
6585080,2022-03-13T17:50:00Z,2022-07-21T10:36:00Z,นนทบุรี,Nonthaburi,department of highways,คลองมหาสวัสดิ์ - คลองบางไผ่,private/passenger car,speeding,rollover/fallen on straight road,1,0,0,clear,13.87344965,100.4099965,straight road,no slope
6585000,2022-03-13T21:20:00Z,2022-07-21T10:24:00Z,ปทุมธานี,Pathum Thani,department of highways,ลำลูกกา - คลอง 16,4-wheel pickup truck,speeding,rear-end collision,2,0,0,clear,13.95073278,100.814605,straight road,no slope
5963238,2022-03-14T02:00:00Z,2022-03-23T13:20:00Z,กรุงเทพมหานคร,Bangkok,department of highways,บางปะอิน - แขวงรามอินทรา,large truck with trailer,falling asleep,rollover/fallen on straight road,1,0,0,clear,13.88528176,100.6867844,straight road,no slope
7564964,2022-03-14T12:30:00Z,2023-01-20T06:38:00Z,กรุงเทพมหานคร,Bangkok,department of highways,บางนา - ทางเข้าท่าอากาศยานสุวรรณภูมิ,6-wheel truck,speeding,rear-end collision,2,0,1,clear,13.66995754,100.6241535,straight road,no slope
6539288,2022-03-14T14:09:00Z,2022-07-12T14:12:00Z,กรุงเทพมหานคร,Bangkok,department of highways,แขวงคลองสองต้นนุ่น - พิมพา,private/passenger car,speeding,rear-end collision,2,0,3,clear,13.72968736,100.7526728,straight road,no slope
5909361,2022-03-15T00:12:00Z,2022-03-15T00:41:00Z,กรุงเทพมหานคร,Bangkok,expressway authority of thailand,ดินแดง-ท่าเรือ,other,other,other,1,0,0,clear,NA,NA,y-intersection,other
6031883,2022-03-15T09:45:00Z,2022-04-04T10:11:00Z,กรุงเทพมหานคร,Bangkok,expressway authority of thailand,ดินแดง-ท่าเรือ,other,other,rear-end collision,3,0,0,clear,NA,NA,straight road,other
6897506,2022-03-15T10:30:00Z,2022-09-13T15:08:00Z,นครปฐม,Nakhon Pathom,department of highways,พระประโทน - สระกระเทียม,4-wheel pickup truck,speeding,head-on collision (not overtaking),3,0,2,clear,13.81361851,100.0833168,straight road,no slope
6539191,2022-03-15T12:47:00Z,2022-07-12T14:07:00Z,กรุงเทพมหานคร,Bangkok,department of highways,แขวงคลองสองต้นนุ่น - พิมพา,4-wheel pickup truck,speeding,rear-end collision,3,0,0,clear,13.73081817,100.7190996,straight road,no slope
7446267,2022-03-15T12:50:00Z,2022-12-09T09:42:00Z,กรุงเทพมหานคร,Bangkok,department of highways,ไม่ทราบ,private/passenger car,speeding,rear-end collision,2,0,1,clear,13.8253523,100.5581025,straight road,no slope
5992307,2022-03-15T15:45:00Z,2022-03-28T10:33:00Z,สมุทรสาคร,Samut Sakhon,department of highways,สะพานข้ามแม่น้ำท่าจีนฝั่งตะวันตก - นาโคก,4-wheel pickup truck,cutting in closely by people/vehicles/animals,rear-end collision,2,0,0,clear,13.52982852,100.2002504,straight road,no slope
6031884,2022-03-15T16:30:00Z,2022-04-04T10:11:00Z,กรุงเทพมหานคร,Bangkok,expressway authority of thailand,ดินแดง-ท่าเรือ,4-wheel pickup truck,other,rear-end collision,2,0,0,clear,NA,NA,straight road,other