acc_code,incident_datetime,report_datetime,province_th,province_en,agency,route,vehicle_type,presumed_cause,accident_type,number_of_vehicles_involved,number_of_fatalities,number_of_injuries,weather_condition,latitude,longitude,road_description,slope_description
6031890,2022-03-16T07:08:00Z,2022-04-04T10:12:00Z,กรุงเทพมหานคร,Bangkok,expressway authority of thailand,ดินแดง-ท่าเรือ,other,other,rear-end collision,3,0,0,clear,NA,NA,grade-separated intersection/ramps,other
6590917,2022-03-16T10:00:00Z,2022-07-22T09:36:00Z,ปทุมธานี,Pathum Thani,department of highways,ต่างระดับลาดหลุมแก้ว - แยกนพวงศ์,other,speeding,rollover/fallen on straight road,1,0,0,clear,14.02865359,100.3568163,straight road,no slope
7446920,2022-03-16T11:00:00Z,2022-12-09T09:38:00Z,กรุงเทพมหานคร,Bangkok,department of highways,ไม่ทราบ,motorcycle,speeding,rear-end collision,2,0,0,clear,13.83487062,100.5571974,straight road,no slope
6031892,2022-03-16T15:07:00Z,2022-04-04T10:13:00Z,กรุงเทพมหานคร,Bangkok,expressway authority of thailand,ดินแดง-ท่าเรือ,other,other,rear-end collision,2,0,0,clear,13.71719812,100.5552771,grade-separated intersection/ramps,other
6539065,2022-03-16T16:08:00Z,2022-07-12T13:59:00Z,กรุงเทพมหานคร,Bangkok,department of highways,ถนนศรีนครินทร - แขวงคลองสองต้นนุ่น,4-wheel pickup truck,speeding,rear-end collision,4,0,0,clear,13.73191511,100.7103771,straight road,no slope
5921784,2022-03-16T18:34:00Z,2022-03-16T19:47:00Z,กรุงเทพมหานคร,Bangkok,expressway authority of thailand,ดินแดง-ท่าเรือ,other,other,rear-end collision,5,0,1,clear,13.74415536,100.55018,straight road,other
6590892,2022-03-16T20:30:00Z,2022-07-22T09:31:00Z,สมุทรปราการ,Samut Prakan,department of highways,บางปู - บางพลี,private/passenger car,speeding,rollover/fallen on straight road,1,0,1,clear,13.6022562,100.6993988,other,other
6566169,2022-03-17T01:00:00Z,2022-03-18T09:14:00Z,นนทบุรี,Nonthaburi,department of rural roads,ถนนราชพฤกษ์,private/passenger car,cutting in closely by people/vehicles/animals,pedestrian collision,1,1,0,clear,13.803041,100.449885,straight road,no slope
7513188,2022-03-17T11:18:00Z,2022-12-27T19:10:00Z,กรุงเทพมหานคร,Bangkok,department of highways,ไม่ทราบ,private/passenger car,speeding,rear-end collision,3,0,0,clear,13.84521447,100.5602203,straight road,no slope
6539130,2022-03-17T12:00:00Z,2022-07-12T14:00:00Z,กรุงเทพมหานคร,Bangkok,department of highways,แขวงคลองสองต้นนุ่น - พิมพา,7-10-wheel truck,running red lights/traffic signals,other,1,0,0,clear,13.73244664,100.7860851,other,other
6539054,2022-03-17T13:20:00Z,2022-07-12T13:57:00Z,สมุทรปราการ,Samut Prakan,department of highways,แขวงรามอินทรา - บางพลี,7-10-wheel truck,speeding,rear-end collision,2,0,0,clear,13.65358723,100.6891635,straight road,no slope
6566191,2022-03-17T16:50:00Z,2022-03-24T13:26:00Z,นนทบุรี,Nonthaburi,department of rural roads,แยกทางหลวงหมายเลข 340 (กม.ที่ 32+150) - บ้านคลองบางหลวง,private/passenger car,speeding,other,2,1,0,clear,13.993366,100.38114,straight road,no slope
7438796,2022-03-17T19:00:00Z,2022-12-07T10:10:00Z,ปทุมธานี,Pathum Thani,department of highways,ไม่ทราบ,4-wheel pickup truck,running red lights/traffic signals,head-on collision (not overtaking),2,0,0,clear,14.11844869,100.5698025,other,other
6538746,2022-03-17T19:55:00Z,2022-07-12T13:27:00Z,สมุทรปราการ,Samut Prakan,department of highways,แขวงคลองสองต้นนุ่น - พิมพา,private/passenger car,speeding,rear-end collision,2,0,0,clear,13.64479564,100.8830765,straight road,no slope
5930534,2022-03-17T22:08:00Z,2022-03-18T02:45:00Z,สมุทรปราการ,Samut Prakan,expressway authority of thailand,บางพลี-สุขสวัสดิ์,large truck with trailer,other,rear-end collision,2,0,1,clear,13.630982,100.532855,grade-separated intersection/ramps,other
6538735,2022-03-17T22:48:00Z,2022-07-12T13:26:00Z,สมุทรปราการ,Samut Prakan,department of highways,แขวงคลองสองต้นนุ่น - พิมพา,4-wheel pickup truck,vehicle equipment failure,rollover/fallen on straight road,1,0,0,clear,13.62021499,100.9213489,straight road,no slope
5962840,2022-03-18T08:30:00Z,2022-03-23T11:30:00Z,ปทุมธานี,Pathum Thani,department of highways,บางปะอิน - แขวงรามอินทรา,4-wheel pickup truck,speeding,rollover/fallen on straight road,1,0,0,clear,13.96004126,100.7129842,straight road,no slope
5969028,2022-03-18T16:15:00Z,2022-03-24T11:40:00Z,กรุงเทพมหานคร,Bangkok,department of highways,ถนนศรีนครินทร - แขวงคลองสองต้นนุ่น,private/passenger car,speeding,rear-end collision,2,0,0,clear,13.73198546,100.7100096,straight road,no slope
6580062,2022-03-18T16:16:00Z,2022-07-20T14:26:00Z,สมุทรปราการ,Samut Prakan,department of highways,บางพลี - กิ่งแก้ว,private/passenger car,speeding,rollover/fallen on straight road,1,0,0,clear,13.6169226,100.7035026,straight road,no slope
5943521,2022-03-18T17:21:00Z,2022-03-20T09:10:00Z,กรุงเทพมหานคร,Bangkok,department of highways,ถนนศรีนครินทร - แขวงคลองสองต้นนุ่น,large truck with trailer,speeding,rear-end collision,2,0,0,clear,13.73194638,100.7101974,straight road,no slope
6538741,2022-03-18T18:03:00Z,2022-07-12T13:28:00Z,สมุทรปราการ,Samut Prakan,department of highways,แขวงคลองสองต้นนุ่น - พิมพา,private/passenger car,speeding,rear-end collision,2,0,0,clear,13.67236568,100.8402336,straight road,no slope
6538773,2022-03-18T18:54:00Z,2022-07-12T13:31:00Z,กรุงเทพมหานคร,Bangkok,department of highways,แขวงคลองสองต้นนุ่น - พิมพา,private/passenger car,speeding,rear-end collision,3,0,0,clear,13.7293304,100.736298,straight road,no slope
6031843,2022-03-18T18:55:00Z,2022-04-04T10:01:00Z,กรุงเทพมหานคร,Bangkok,expressway authority of thailand,รามอินทรา-อาจณรงค์,4-wheel pickup truck,other,rear-end collision,2,0,0,clear,13.778288,100.60723,straight road,other
6538770,2022-03-18T20:19:00Z,2022-07-12T13:32:00Z,กรุงเทพมหานคร,Bangkok,department of highways,แขวงคลองสองต้นนุ่น - พิมพา,private/passenger car,speeding,rear-end collision,4,0,0,clear,13.72979419,100.7554006,straight road,no slope
6538975,2022-03-18T21:06:00Z,2022-07-12T13:51:00Z,กรุงเทพมหานคร,Bangkok,department of highways,แขวงรามอินทรา - บางพลี,4-wheel pickup truck,speeding,rear-end collision,3,0,4,clear,13.81224326,100.6774717,straight road,no slope
5943718,2022-03-19T00:33:00Z,2022-03-20T09:58:00Z,กรุงเทพมหานคร,Bangkok,department of highways,ถนนศรีนครินทร - แขวงคลองสองต้นนุ่น,van,speeding,rear-end collision,2,0,0,clear,13.73460923,100.6856552,straight road,no slope
6538869,2022-03-19T05:30:00Z,2022-07-12T13:45:00Z,ปทุมธานี,Pathum Thani,department of highways,บางปะอิน - แขวงรามอินทรา,7-10-wheel truck,falling asleep,collision with obstruction (on road surface),2,1,0,clear,13.95185471,100.7125524,straight road,no slope
7446513,2022-03-19T10:30:00Z,2022-12-09T09:56:00Z,กรุงเทพมหานคร,Bangkok,department of highways,ไม่ทราบ,4-wheel pickup truck,speeding,rollover/fallen on straight road,1,0,1,clear,13.67912868,100.4067269,straight road,no slope
7518348,2022-03-19T16:53:00Z,2022-12-29T11:39:00Z,สมุทรปราการ,Samut Prakan,expressway authority of thailand,บางพลี-สุขสวัสดิ์,6-wheel truck,other,side collision,2,1,0,clear,13.632354,100.577381,straight road,other
6584539,2022-03-19T20:00:00Z,2022-07-21T08:43:00Z,กรุงเทพมหานคร,Bangkok,department of highways,ดินแดง - งามวงศ์วาน,private/passenger car,speeding,rollover/fallen on straight road,1,0,1,clear,13.82999586,100.5576038,other,other
6585232,2022-03-19T21:20:00Z,2022-07-21T11:09:00Z,ปทุมธานี,Pathum Thani,department of highways,สะพานข้ามแม่น้ำเจ้าพระยาปทุมธานี - ต่างระดับลาดหลุมแก้ว,4-wheel pickup truck,speeding,rollover/fallen on straight road,1,0,0,clear,14.04649106,100.465824,straight road,no slope
6538870,2022-03-19T22:09:00Z,2022-07-12T13:49:00Z,กรุงเทพมหานคร,Bangkok,department of highways,ถนนศรีนครินทร - แขวงคลองสองต้นนุ่น,private/passenger car,speeding,rollover/fallen on straight road,1,0,0,clear,13.73760815,100.6595278,straight road,no slope
5941827,2022-03-20T00:14:00Z,2022-03-20T00:59:00Z,กรุงเทพมหานคร,Bangkok,expressway authority of thailand,ดินแดง-ท่าเรือ,other,other,collision with obstruction (on road surface),1,0,1,rainy,13.72626288,100.5524935,straight road,other
6538879,2022-03-20T00:55:00Z,2022-07-12T13:48:00Z,กรุงเทพมหานคร,Bangkok,department of highways,แขวงรามอินทรา - บางพลี,private/passenger car,speeding,rear-end collision,3,0,0,clear,13.81459264,100.6768441,straight road,no slope
6584996,2022-03-20T03:50:00Z,2022-07-21T10:20:00Z,สมุทรปราการ,Samut Prakan,department of highways,บางนา - ทางเข้าท่าอากาศยานสุวรรณภูมิ,private/passenger car,falling asleep,rollover/fallen on straight road,1,0,0,clear,13.62513653,100.7289058,straight road,no slope
7446523,2022-03-20T05:30:00Z,2022-12-09T09:49:00Z,กรุงเทพมหานคร,Bangkok,department of highways,ไม่ทราบ,4-wheel pickup truck,speeding,rear-end collision,2,0,0,clear,13.69358965,100.4076978,straight road,no slope
6585185,2022-03-20T06:00:00Z,2022-07-21T10:59:00Z,สมุทรปราการ,Samut Prakan,department of highways,คู้บอน - ประเวศ,4-wheel pickup truck,falling asleep,rollover/fallen on straight road,1,0,1,clear,13.65523969,100.6907728,straight road,no slope
7567868,2022-03-20T06:00:00Z,2023-01-24T06:55:00Z,นครปฐม,Nakhon Pathom,department of highways,นครปฐม - หนองปลาไหล,7-10-wheel truck,speeding,rollover/fallen on straight road,2,0,0,clear,13.83001292,100.0360566,straight road,no slope
6146427,2022-03-20T06:40:00Z,2022-04-28T14:19:00Z,นครปฐม,Nakhon Pathom,department of highways,อ้อมน้อย - ศาลายา,4-wheel pickup truck,speeding,rollover/fallen on straight road,1,0,1,clear,13.72357201,100.2988699,straight road,no slope
6538818,2022-03-20T15:10:00Z,2022-07-12T13:41:00Z,กรุงเทพมหานคร,Bangkok,department of highways,แขวงรามอินทรา - บางพลี,private/passenger car,speeding,rear-end collision,3,0,0,rainy,13.73705058,100.7028535,straight road,no slope
6538716,2022-03-20T16:45:00Z,2022-07-12T13:24:00Z,ปทุมธานี,Pathum Thani,department of highways,บางปะอิน - แขวงรามอินทรา,4-wheel pickup truck,falling asleep,rollover/fallen on straight road,1,0,0,clear,13.96826134,100.7128715,straight road,no slope
6538820,2022-03-20T17:13:00Z,2022-07-12T13:40:00Z,กรุงเทพมหานคร,Bangkok,department of highways,ถนนศรีนครินทร - แขวงคลองสองต้นนุ่น,4-wheel pickup truck,speeding,rear-end collision,5,0,4,rainy,13.74132875,100.6427774,straight road,no slope
6584998,2022-03-20T18:28:00Z,2022-07-21T10:22:00Z,ปทุมธานี,Pathum Thani,department of highways,ลำลูกกา - คลอง 16,private/passenger car,driving under the influence of alcohol,rear-end collision,2,0,1,clear,13.94059872,100.7651237,straight road,no slope
7446317,2022-03-20T19:10:00Z,2022-12-09T09:52:00Z,กรุงเทพมหานคร,Bangkok,department of highways,ไม่ทราบ,private/passenger car,speeding,rear-end collision,2,0,1,clear,13.69360789,100.4075798,straight road,no slope
6032819,2022-03-20T20:57:00Z,2022-04-04T13:48:00Z,กรุงเทพมหานคร,Bangkok,expressway authority of thailand,แจ้งวัฒนะ-พญาไท,other,other,rear-end collision,2,0,0,clear,13.81235232,100.5500908,straight road,other
6590840,2022-03-20T23:30:00Z,2022-07-22T09:23:00Z,สมุทรปราการ,Samut Prakan,department of highways,ทางเข้าท่าอากาศยานสุวรรณภูมิ - บางวัว,private/passenger car,falling asleep,rollover/fallen on straight road,1,0,1,clear,13.60731368,100.7699811,straight road,no slope
6566178,2022-03-21T02:00:00Z,2022-03-22T13:36:00Z,นนทบุรี,Nonthaburi,department of rural roads,ถนนราชพฤกษ์,motorcycle,abrupt lane change,other,1,1,0,clear,13.838876,100.447321,y-intersection,other
6585101,2022-03-21T03:00:00Z,2022-07-21T10:43:00Z,สมุทรปราการ,Samut Prakan,department of highways,คลองพระยาสุเรนทร์ - ประเวศ,private/passenger car,speeding,rollover/fallen on straight road,1,0,2,clear,13.65747857,100.6921112,straight road,no slope
6538794,2022-03-21T06:56:00Z,2022-07-12T13:35:00Z,กรุงเทพมหานคร,Bangkok,department of highways,แขวงคลองสองต้นนุ่น - พิมพา,4-wheel pickup truck,falling asleep,rollover/fallen on curved road,1,0,0,rainy,13.73014333,100.7597807,wide curve,no slope
6538793,2022-03-21T08:51:00Z,2022-07-12T13:36:00Z,สมุทรปราการ,Samut Prakan,department of highways,แขวงคลองสองต้นนุ่น - พิมพา,4-wheel pickup truck,speeding,rear-end collision,2,0,0,clear,13.67088535,100.8425242,straight road,no slope
6566190,2022-03-21T09:46:00Z,2022-03-24T11:21:00Z,กรุงเทพมหานคร,Bangkok,department of rural roads,สะพานภูมิพลที่ 2 ไปสะพานภูมิพลที่ 1,4-wheel pickup truck,no road divider lines,other,2,0,1,clear,13.669058,100.538321,straight road,slope area
6015944,2022-03-21T10:25:00Z,2022-04-01T11:51:00Z,สมุทรปราการ,Samut Prakan,expressway authority of thailand,บางพลี-สุขสวัสดิ์,4-wheel pickup truck,other,rear-end collision,2,0,1,clear,13.628232,100.592495,straight road,other
5950580,2022-03-21T11:30:00Z,2022-03-21T14:00:00Z,นนทบุรี,Nonthaburi,expressway authority of thailand,แจ้งวัฒนะ-พญาไท,4-wheel pickup truck,other,rear-end collision,2,0,0,clear,13.86099586,100.5332869,straight road,other
7455191,2022-03-21T18:15:00Z,2022-12-13T08:39:00Z,กรุงเทพมหานคร,Bangkok,department of highways,ไม่ทราบ,private/passenger car,illegal overtaking,rear-end collision,2,0,1,clear,13.80787839,100.5598766,straight road,no slope
5956029,2022-03-22T02:30:00Z,2022-03-22T10:21:00Z,สมุทรปราการ,Samut Prakan,department of highways,บางตำหรุ - คลองด่าน,large truck with trailer,speeding,head-on collision (not overtaking),2,2,0,clear,13.5037963,100.8348477,other,other
7564972,2022-03-22T09:33:00Z,2023-01-20T06:44:00Z,กรุงเทพมหานคร,Bangkok,department of highways,บางนา - ทางเข้าท่าอากาศยานสุวรรณภูมิ,motorcycle,speeding,rear-end collision,2,0,2,clear,13.66750636,100.6337973,other,other
6538787,2022-03-22T10:01:00Z,2022-07-12T13:36:00Z,สมุทรปราการ,Samut Prakan,department of highways,แขวงคลองสองต้นนุ่น - พิมพา,private/passenger car,falling asleep,rollover/fallen on straight road,1,0,0,clear,13.66891243,100.8455872,straight road,no slope
6032825,2022-03-22T12:20:00Z,2022-04-04T13:49:00Z,กรุงเทพมหานคร,Bangkok,expressway authority of thailand,พญาไท-ศรีนครินทร์,6-wheel truck,other,rear-end collision,2,0,1,clear,13.76586755,100.5396574,straight road,other
7446444,2022-03-22T15:40:00Z,2022-12-09T09:55:00Z,กรุงเทพมหานคร,Bangkok,department of highways,ไม่ทราบ,private/passenger car,speeding,rear-end collision,2,0,0,clear,13.67910262,100.4069039,straight road,no slope
7446386,2022-03-22T17:00:00Z,2022-12-09T09:45:00Z,กรุงเทพมหานคร,Bangkok,department of highways,ไม่ทราบ,private/passenger car,cutting in closely by people/vehicles/animals,rear-end collision,2,0,1,clear,13.77196645,100.5523905,straight road,no slope
6566194,2022-03-22T19:43:00Z,2022-03-24T11:21:00Z,สมุทรปราการ,Samut Prakan,department of rural roads,สะพานภูมิพลที่ 2 ไปสะพานภูมิพลที่ 1,motorcycle,speeding,other,2,0,1,clear,13.652074,100.541039,straight road,slope area
7447022,2022-03-22T23:30:00Z,2022-12-09T09:26:00Z,กรุงเทพมหานคร,Bangkok,department of highways,ไม่ทราบ,private/passenger car,speeding,rear-end collision,3,0,0,clear,13.66596215,100.5163193,straight road,no slope
7446631,2022-03-23T01:00:00Z,2022-12-09T09:34:00Z,กรุงเทพมหานคร,Bangkok,department of highways,ไม่ทราบ,motorcycle,speeding,rollover/fallen on straight road,1,0,1,other,13.79798557,100.5608985,straight road,no slope
6590808,2022-03-23T05:00:00Z,2022-07-22T09:10:00Z,กรุงเทพมหานคร,Bangkok,department of highways,อุดมสุข - สมุทรปราการ,private/passenger car,speeding,rear-end collision,2,1,1,clear,13.66128123,100.6434855,other,other
6538240,2022-03-23T09:00:00Z,2022-07-12T11:29:00Z,กรุงเทพมหานคร,Bangkok,department of highways,แขวงรามอินทรา - บางพลี,other,speeding,rollover/fallen on straight road,1,0,0,clear,13.76440399,100.6946325,straight road,no slope
6538587,2022-03-23T09:00:00Z,2022-07-12T12:46:00Z,ปทุมธานี,Pathum Thani,department of highways,บางปะอิน - แขวงรามอินทรา,4-wheel pickup truck,speeding,rollover/fallen on straight road,1,0,0,clear,13.94823901,100.7123136,straight road,no slope
6538738,2022-03-23T09:33:00Z,2022-07-12T13:26:00Z,กรุงเทพมหานคร,Bangkok,department of highways,แขวงรามอินทรา - บางพลี,4-wheel pickup truck,speeding,rollover/fallen on straight road,1,0,1,clear,13.80815132,100.6785983,straight road,no slope
5969316,2022-03-23T10:25:00Z,2022-03-24T13:07:00Z,กรุงเทพมหานคร,Bangkok,department of highways,แขวงรามอินทรา - บางพลี,private/passenger car,speeding,rear-end collision,2,0,1,clear,13.77481146,100.6889087,straight road,no slope
7446854,2022-03-23T18:00:00Z,2022-12-09T09:37:00Z,กรุงเทพมหานคร,Bangkok,department of highways,ไม่ทราบ,other,speeding,rear-end collision,2,0,0,clear,13.78987642,100.5615629,straight road,no slope
6585267,2022-03-23T20:13:00Z,2022-07-21T11:18:00Z,ปทุมธานี,Pathum Thani,department of highways,สะพานคลองเปรม - สะพานข้ามแม่น้ำเจ้าพระยาปทุมธานี,large passenger vehicle,speeding,rollover/fallen on curved road,1,0,0,clear,14.00555521,100.5641001,wide curve,slope area
6585059,2022-03-23T22:20:00Z,2022-07-21T10:33:00Z,ปทุมธานี,Pathum Thani,department of highways,ต่างระดับรังสิต - วัดนาบุญ,private/passenger car,speeding,rollover/fallen on straight road,1,0,0,clear,13.99722454,100.6742719,straight road,no slope
6590792,2022-03-23T23:20:00Z,2022-07-22T09:06:00Z,กรุงเทพมหานคร,Bangkok,department of highways,อุดมสุข - สมุทรปราการ,private/passenger car,vehicle equipment failure,other,1,0,0,clear,13.65945158,100.6431797,straight road,no slope
7446180,2022-03-23T23:30:00Z,2022-12-09T09:20:00Z,สมุทรปราการ,Samut Prakan,department of highways,ไม่ทราบ,large truck with trailer,speeding,collision with obstruction (on road surface),1,0,0,clear,13.61820254,100.7439127,straight road,no slope
6538586,2022-03-24T07:15:00Z,2022-07-12T12:48:00Z,ปทุมธานี,Pathum Thani,department of highways,บางปะอิน - แขวงรามอินทรา,private/passenger car,speeding,rollover/fallen on straight road,1,0,0,clear,13.99414568,100.7108036,straight road,no slope
6538581,2022-03-24T11:00:00Z,2022-07-12T12:47:00Z,กรุงเทพมหานคร,Bangkok,department of highways,บางปะอิน - แขวงรามอินทรา,4-wheel pickup truck,speeding,rollover/fallen on straight road,1,0,0,rainy,13.82347944,100.6748164,straight road,no slope
6584556,2022-03-24T12:30:00Z,2022-07-21T08:45:00Z,ปทุมธานี,Pathum Thani,department of highways,ลำลูกกา - คลอง 16,4-wheel pickup truck,speeding,rollover/fallen on straight road,1,0,0,rainy,13.95766472,100.8594462,straight road,no slope
7557980,2022-03-24T16:00:00Z,2023-01-12T12:07:00Z,กรุงเทพมหานคร,Bangkok,department of highways,ถนนศรีนครินทร - แขวงคลองสองต้นนุ่น,other,speeding,rollover/fallen on curved road,1,0,0,clear,13.74145902,100.641109,other,other
5987416,2022-03-24T16:10:00Z,2022-03-27T12:49:00Z,กรุงเทพมหานคร,Bangkok,department of highways,ถนนศรีนครินทร - แขวงคลองสองต้นนุ่น,private/passenger car,speeding,rear-end collision,2,0,0,clear,13.73312408,100.6996509,other,other
7446837,2022-03-24T22:40:00Z,2022-12-09T09:54:00Z,กรุงเทพมหานคร,Bangkok,department of highways,ไม่ทราบ,private/passenger car,speeding,rear-end collision,2,0,1,clear,13.68784602,100.4069549,straight road,no slope
6031822,2022-03-25T05:30:00Z,2022-04-04T09:56:00Z,สมุทรปราการ,Samut Prakan,expressway authority of thailand,บางนา-ชลบุรี,4-wheel pickup truck,other,rear-end collision,2,0,0,clear,13.621487,100.736491,straight road,other
6009337,2022-03-25T07:50:00Z,2022-03-31T08:25:00Z,กรุงเทพมหานคร,Bangkok,department of highways,บางปะอิน - แขวงรามอินทรา,van,speeding,rear-end collision,2,0,1,clear,13.85841128,100.6759617,straight road,no slope
5975177,2022-03-25T08:00:00Z,2022-03-25T09:54:00Z,สมุทรปราการ,Samut Prakan,department of highways,บางตำหรุ - คลองด่าน,private/passenger car,speeding,rear-end collision,2,1,0,clear,13.50835254,100.7194188,straight road,no slope
6538558,2022-03-25T08:06:00Z,2022-07-12T12:44:00Z,ปทุมธานี,Pathum Thani,department of highways,บางปะอิน - แขวงรามอินทรา,large truck with trailer,speeding,rollover/fallen on straight road,1,0,0,clear,13.9800938,100.7133221,straight road,no slope
6031814,2022-03-25T08:30:00Z,2022-04-04T09:54:00Z,สมุทรปราการ,Samut Prakan,expressway authority of thailand,บางพลี-สุขสวัสดิ์,4-wheel pickup truck,other,rear-end collision,2,0,0,rainy,13.61262,100.658905,straight road,other
5987496,2022-03-25T10:34:00Z,2022-03-27T13:05:00Z,กรุงเทพมหานคร,Bangkok,department of highways,ถนนศรีนครินทร - แขวงคลองสองต้นนุ่น,private/passenger car,speeding,rear-end collision,4,0,0,rainy,13.73372335,100.6932807,straight road,no slope
7446722,2022-03-25T14:00:00Z,2022-12-09T09:35:00Z,กรุงเทพมหานคร,Bangkok,department of highways,ไม่ทราบ,private/passenger car,illegal overtaking,rear-end collision,3,0,0,clear,13.78514357,100.5597704,straight road,no slope
6538641,2022-03-25T14:49:00Z,2022-07-12T13:03:00Z,กรุงเทพมหานคร,Bangkok,department of highways,แขวงคลองสองต้นนุ่น - พิมพา,private/passenger car,speeding,rear-end collision,3,0,0,clear,13.73062536,100.7209128,straight road,no slope
6033113,2022-03-25T18:19:00Z,2022-04-04T14:40:00Z,กรุงเทพมหานคร,Bangkok,expressway authority of thailand,แจ้งวัฒนะ-พญาไท,other,other,rear-end collision,3,0,0,clear,NA,NA,straight road,other
6538683,2022-03-25T20:49:00Z,2022-07-12T13:10:00Z,กรุงเทพมหานคร,Bangkok,department of highways,แขวงรามอินทรา - บางพลี,private/passenger car,speeding,rear-end collision,2,0,0,clear,13.79994899,100.6809586,straight road,no slope
5979775,2022-03-26T01:44:00Z,2022-03-26T02:47:00Z,กรุงเทพมหานคร,Bangkok,expressway authority of thailand,พญาไท-ศรีนครินทร์,other,other,rear-end collision,2,0,1,clear,13.75338992,100.5638621,y-intersection,other
7446212,2022-03-26T03:00:00Z,2022-12-09T09:23:00Z,ปทุมธานี,Pathum Thani,department of highways,ไม่ทราบ,6-wheel truck,falling asleep,rear-end collision,3,0,0,clear,14.08335855,100.570752,straight road,no slope
7446146,2022-03-26T09:30:00Z,2022-12-09T09:46:00Z,กรุงเทพมหานคร,Bangkok,department of highways,ไม่ทราบ,private/passenger car,speeding,rear-end collision,2,0,1,clear,13.82496602,100.5581499,straight road,no slope
6238636,2022-03-26T12:30:00Z,2022-05-20T09:56:00Z,สมุทรสาคร,Samut Sakhon,department of highways,นาโคก - แพรกหนามแดง,motorcycle,speeding,rear-end collision,2,0,1,clear,13.44720518,100.0759783,straight road,no slope
6538660,2022-03-26T16:23:00Z,2022-07-12T13:06:00Z,กรุงเทพมหานคร,Bangkok,department of highways,แขวงคลองสองต้นนุ่น - พิมพา,4-wheel pickup truck,speeding,rear-end collision,3,0,0,clear,13.73121422,100.715484,straight road,no slope
5987681,2022-03-26T17:44:00Z,2022-03-27T13:51:00Z,กรุงเทพมหานคร,Bangkok,department of highways,ถนนศรีนครินทร - แขวงคลองสองต้นนุ่น,6-wheel truck,speeding,rear-end collision,2,0,0,clear,13.73236847,100.7077727,straight road,no slope
6782629,2022-03-26T19:15:00Z,2022-08-25T09:05:00Z,ปทุมธานี,Pathum Thani,department of highways,คลองบางหลวง - ต่างระดับเชียงรากน้อย,large truck with trailer,speeding,rollover/fallen on straight road,1,0,0,rainy,14.07997386,100.5020687,straight road,no slope
7564970,2022-03-26T20:00:00Z,2023-01-20T06:43:00Z,กรุงเทพมหานคร,Bangkok,department of highways,บางนา - ทางเข้าท่าอากาศยานสุวรรณภูมิ,motorcycle,speeding,rear-end collision,2,0,1,clear,13.6658162,100.6461704,other,other
7331293,2022-03-27T02:00:00Z,2022-09-14T09:33:00Z,สมุทรปราการ,Samut Prakan,department of highways,ทางเข้าท่าอากาศยานสุวรรณภูมิ - บางวัว,large truck with trailer,speeding,rear-end collision,2,1,0,clear,13.57860712,100.8810514,straight road,no slope
6015764,2022-03-27T03:30:00Z,2022-04-01T11:12:00Z,กรุงเทพมหานคร,Bangkok,expressway authority of thailand,รามอินทรา-อาจณรงค์,large truck with trailer,other,rear-end collision,2,0,0,clear,13.803698,100.616663,straight road,other
6538665,2022-03-27T11:34:00Z,2022-07-12T13:06:00Z,กรุงเทพมหานคร,Bangkok,department of highways,แขวงคลองสองต้นนุ่น - พิมพา,private/passenger car,speeding,rollover/fallen on straight road,1,0,0,clear,13.72965349,100.749945,straight road,no slope
5988043,2022-03-27T14:49:00Z,2022-03-27T15:17:00Z,กรุงเทพมหานคร,Bangkok,expressway authority of thailand,ดาวคะนอง-ท่าเรือ,other,other,rear-end collision,2,0,0,clear,13.68787284,100.5217929,straight road,other
6242153,2022-03-27T19:00:00Z,2022-05-24T10:20:00Z,นครปฐม,Nakhon Pathom,department of highways,อ้อมใหญ่ - นครชัยศรี,private/passenger car,speeding,rollover/fallen on curved road,1,0,0,clear,13.74119848,100.2397325,wide curve,no slope
6538662,2022-03-27T19:12:00Z,2022-07-12T13:07:00Z,สมุทรปราการ,Samut Prakan,department of highways,แขวงคลองสองต้นนุ่น - พิมพา,private/passenger car,speeding,rear-end collision,3,0,0,clear,13.66644952,100.8494094,straight road,no slope
6009387,2022-03-27T22:24:00Z,2022-03-31T08:51:00Z,ปทุมธานี,Pathum Thani,department of highways,บางปะอิน - แขวงรามอินทรา,4-wheel pickup truck,speeding,rear-end collision,2,0,0,clear,13.96097052,100.7127508,straight road,no slope
6080991,2022-03-28T01:10:00Z,2022-04-12T14:48:00Z,นนทบุรี,Nonthaburi,department of highways,ปากเกร็ด -  คลองประปา,private/passenger car,speeding,rollover/fallen on straight road,1,0,0,clear,13.90665821,100.5133554,straight road,no slope