acc_code,incident_datetime,report_datetime,province_th,province_en,agency,route,vehicle_type,presumed_cause,accident_type,number_of_vehicles_involved,number_of_fatalities,number_of_injuries,weather_condition,latitude,longitude,road_description,slope_description
6782613,2022-03-28T03:40:00Z,2022-08-25T09:05:00Z,ปทุมธานี,Pathum Thani,department of highways,เทคโนโลยีปทุมธานี - ต่างระดับเชียงรากน้อย,large truck with trailer,falling asleep,rollover/fallen on straight road,1,0,2,clear,14.10818156,100.5701297,straight road,no slope
5992835,2022-03-28T10:13:00Z,2022-03-28T12:35:00Z,สมุทรปราการ,Samut Prakan,expressway authority of thailand,บางนา-ชลบุรี,4-wheel pickup truck,other,rear-end collision,3,0,0,clear,13.61013,100.762677,y-intersection,other
6003858,2022-03-28T12:40:00Z,2022-03-30T09:48:00Z,กรุงเทพมหานคร,Bangkok,department of highways,ถนนศรีนครินทร - แขวงคลองสองต้นนุ่น,private/passenger car,speeding,rear-end collision,2,0,0,clear,13.73151125,100.7136279,straight road,no slope
5993428,2022-03-28T14:15:00Z,2022-03-28T14:55:00Z,กรุงเทพมหานคร,Bangkok,expressway authority of thailand,รามอินทรา-อาจณรงค์,4-wheel pickup truck,other,rear-end collision,2,0,2,clear,13.802777,100.616013,straight road,other
6009523,2022-03-28T14:37:00Z,2022-03-31T09:33:00Z,ปทุมธานี,Pathum Thani,department of highways,บางปะอิน - แขวงรามอินทรา,private/passenger car,speeding,rear-end collision,3,0,2,clear,14.12837461,100.6709218,straight road,no slope
6538663,2022-03-28T16:38:00Z,2022-07-12T13:08:00Z,กรุงเทพมหานคร,Bangkok,department of highways,แขวงคลองสองต้นนุ่น - พิมพา,4-wheel pickup truck,overloaded vehicle,other,1,0,0,clear,13.73244664,100.7860851,straight road,no slope
6242154,2022-03-28T23:50:00Z,2022-05-24T10:22:00Z,กรุงเทพมหานคร,Bangkok,department of highways,มหาวิทยาลัยเกษตรศาสตร์ - คันนายาว,van,speeding,rollover/fallen on straight road,1,0,1,clear,13.82994898,100.6226688,other,other
5996871,2022-03-29T04:09:00Z,2022-03-29T05:06:00Z,กรุงเทพมหานคร,Bangkok,expressway authority of thailand,แจ้งวัฒนะ-พญาไท,other,other,collision with obstruction (on road surface),1,0,1,clear,13.84281473,100.5338762,wide curve,other
5997349,2022-03-29T05:33:00Z,2022-03-29T07:15:00Z,สมุทรปราการ,Samut Prakan,expressway authority of thailand,บางพลี-สุขสวัสดิ์,large truck with trailer,other,rear-end collision,2,0,1,clear,13.615367000000001,100.66066,straight road,other
6006152,2022-03-29T07:30:00Z,2022-03-30T18:35:00Z,ปทุมธานี,Pathum Thani,department of highways,บางปะอิน - แขวงรามอินทรา,large truck with trailer,speeding,rollover/fallen on straight road,1,0,0,clear,13.99581654,100.7101706,straight road,no slope
6003961,2022-03-29T07:46:00Z,2022-03-30T10:12:00Z,กรุงเทพมหานคร,Bangkok,department of highways,ถนนศรีนครินทร - แขวงคลองสองต้นนุ่น,van,speeding,rear-end collision,2,0,0,clear,13.73738408,100.6594419,straight road,no slope
6591417,2022-03-29T13:00:00Z,2022-07-22T11:24:00Z,นนทบุรี,Nonthaburi,department of highways,คลองบางไผ่ - คลองบางหลวง,7-10-wheel truck,speeding,rollover/fallen on straight road,1,0,0,clear,13.96752993,100.4323071,straight road,no slope
7567899,2022-03-29T13:30:00Z,2023-01-24T07:21:00Z,สมุทรสาคร,Samut Sakhon,department of highways,บ้านบ่อ - พระประโทน,4-wheel pickup truck,speeding,head-on collision (not overtaking),2,0,0,clear,13.63215374,100.0937399,other,other
6032840,2022-03-29T16:40:00Z,2022-04-04T13:51:00Z,กรุงเทพมหานคร,Bangkok,expressway authority of thailand,พญาไท-ศรีนครินทร์,other,other,rear-end collision,3,0,0,clear,13.76277293,100.5441376,wide curve,other
6033114,2022-03-29T18:00:00Z,2022-04-04T14:41:00Z,กรุงเทพมหานคร,Bangkok,expressway authority of thailand,แจ้งวัฒนะ-พญาไท,other,other,collision with obstruction (on road surface),1,0,1,clear,NA,NA,straight road,other
6538639,2022-03-29T18:22:00Z,2022-07-12T13:01:00Z,กรุงเทพมหานคร,Bangkok,department of highways,แขวงรามอินทรา - บางพลี,private/passenger car,speeding,rear-end collision,2,0,1,clear,13.73693594,100.7028964,straight road,no slope
6538638,2022-03-29T19:29:00Z,2022-07-12T13:00:00Z,กรุงเทพมหานคร,Bangkok,department of highways,ถนนศรีนครินทร - แขวงคลองสองต้นนุ่น,4-wheel pickup truck,speeding,rear-end collision,4,0,1,clear,13.73155294,100.7133329,straight road,no slope
6023474,2022-03-29T21:30:00Z,2022-04-02T18:49:00Z,กรุงเทพมหานคร,Bangkok,department of highways,บางปะอิน - แขวงรามอินทรา,4-wheel pickup truck,speeding,rollover/fallen on straight road,1,0,5,clear,13.83002191,100.6743684,straight road,no slope
6585078,2022-03-30T03:30:00Z,2022-07-21T10:39:00Z,กรุงเทพมหานคร,Bangkok,department of highways,งามวงศ์วาน - ดอนเมือง,4-wheel pickup truck,speeding,rollover/fallen on straight road,1,0,1,clear,13.91937119,100.601128,straight road,no slope
6538245,2022-03-30T08:51:00Z,2022-07-12T11:26:00Z,สมุทรปราการ,Samut Prakan,department of highways,แขวงคลองสองต้นนุ่น - พิมพา,private/passenger car,vehicle equipment failure,other,1,0,0,clear,13.61873954,100.9236422,straight road,no slope
6538243,2022-03-30T09:55:00Z,2022-07-12T11:27:00Z,สมุทรปราการ,Samut Prakan,department of highways,แขวงคลองสองต้นนุ่น - พิมพา,private/passenger car,speeding,rollover/fallen on straight road,1,0,0,clear,13.67088535,100.8425242,straight road,no slope
6004341,2022-03-30T10:00:00Z,2022-03-30T11:42:00Z,กรุงเทพมหานคร,Bangkok,department of highways,แขวงรามอินทรา - บางพลี,private/passenger car,speeding,rear-end collision,3,0,4,clear,13.77118778,100.6907058,straight road,no slope
6005614,2022-03-30T13:10:00Z,2022-03-30T16:20:00Z,กรุงเทพมหานคร,Bangkok,department of highways,แขวงรามอินทรา - บางพลี,7-10-wheel truck,speeding,rear-end collision,2,0,4,clear,13.77126593,100.6906763,straight road,no slope
6538241,2022-03-30T16:23:00Z,2022-07-12T11:28:00Z,กรุงเทพมหานคร,Bangkok,department of highways,แขวงคลองสองต้นนุ่น - พิมพา,private/passenger car,speeding,rollover/fallen on straight road,1,0,0,clear,13.71234145,100.8190012,straight road,no slope
6032844,2022-03-30T21:00:00Z,2022-04-04T13:52:00Z,กรุงเทพมหานคร,Bangkok,expressway authority of thailand,แจ้งวัฒนะ-พญาไท,other,other,other,1,0,1,clear,NA,NA,other,other
6566203,2022-03-30T22:00:00Z,2022-04-01T09:49:00Z,กรุงเทพมหานคร,Bangkok,department of rural roads,สะพานภูมิพลที่ 1 ไปสะพานภูมิพลที่ 2,motorcycle,unfamiliarity with the route/unskilled driving,other,2,0,1,clear,13.672136,100.538771,straight road,slope area
6009627,2022-03-30T23:23:00Z,2022-03-31T09:57:00Z,ปทุมธานี,Pathum Thani,department of highways,บางปะอิน - แขวงรามอินทรา,large truck with trailer,speeding,rear-end collision,2,0,0,clear,13.95822176,100.7126838,straight road,no slope
6011288,2022-03-30T23:45:00Z,2022-03-31T16:25:00Z,สมุทรปราการ,Samut Prakan,department of highways,บางปู - บางพลี,motorcycle,speeding,pedestrian collision,1,1,0,clear,13.59034462,100.6980631,straight road,no slope
6585294,2022-03-31T00:10:00Z,2022-07-21T11:20:00Z,นนทบุรี,Nonthaburi,department of highways,บางบัวทอง - ไทรน้อย,private/passenger car,speeding,rollover/fallen on straight road,2,0,1,clear,13.92703561,100.4104069,straight road,no slope
6009782,2022-03-31T00:15:00Z,2022-03-31T10:38:00Z,กรุงเทพมหานคร,Bangkok,department of highways,บางปะอิน - แขวงรามอินทรา,7-10-wheel truck,speeding,rear-end collision,2,0,1,clear,13.90631714,100.6976554,straight road,no slope
6566202,2022-03-31T05:00:00Z,2022-04-01T09:49:00Z,นนทบุรี,Nonthaburi,department of rural roads,ถนนราชพฤกษ์,large truck with trailer,falling asleep,other,1,1,2,clear,13.917567,100.451459,straight road,no slope
6566205,2022-03-31T07:00:00Z,2022-04-01T09:51:00Z,กรุงเทพมหานคร,Bangkok,department of rural roads,สะพานภูมิพลที่ 2 ไปสะพานภูมิพลที่ 1,7-10-wheel truck,brake/anti-lock brake system failure,other,1,0,0,clear,13.685499,100.544918,straight road,slope area
7446159,2022-03-31T07:30:00Z,2022-12-09T09:47:00Z,กรุงเทพมหานคร,Bangkok,department of highways,ไม่ทราบ,4-wheel pickup truck,speeding,rear-end collision,2,0,0,clear,13.70613184,100.4064453,straight road,no slope
6537444,2022-03-31T08:47:00Z,2022-07-12T08:15:00Z,กรุงเทพมหานคร,Bangkok,department of highways,แขวงรามอินทรา - บางพลี,large truck with trailer,speeding,rear-end collision,3,0,0,clear,13.72271736,100.7011208,other,other
6032883,2022-03-31T10:13:00Z,2022-04-04T13:59:00Z,กรุงเทพมหานคร,Bangkok,expressway authority of thailand,หมอชิต-กาญจนาฯ,other,other,side collision,0,0,1,clear,13.821571,100.536621,straight road,other
6585298,2022-03-31T14:00:00Z,2022-07-21T11:24:00Z,สมุทรปราการ,Samut Prakan,department of highways,บางปู - บางพลี,large truck with trailer,vehicle equipment failure,collision with obstruction (on road surface),1,0,0,clear,13.53851746,100.6892279,straight road,no slope
7446527,2022-03-31T19:10:00Z,2022-12-09T09:57:00Z,กรุงเทพมหานคร,Bangkok,department of highways,ไม่ทราบ,private/passenger car,speeding,rear-end collision,2,0,1,clear,13.67607428,100.4067027,straight road,no slope
7565205,2022-04-01T04:00:00Z,2023-01-20T09:22:00Z,นนทบุรี,Nonthaburi,department of highways,คลองมหาสวัสดิ์ - คลองบางไผ่,large truck with trailer,speeding,rollover/fallen on straight road,1,0,0,clear,13.83688974,100.4135129,other,other
6680150,2022-04-01T07:23:00Z,2022-08-08T10:12:00Z,กรุงเทพมหานคร,Bangkok,department of highways,แขวงคลองสองต้นนุ่น - พิมพา,4-wheel pickup truck,vehicle equipment failure,rollover/fallen on straight road,1,0,0,clear,13.72924962,100.7335701,straight road,no slope
6531232,2022-04-01T09:10:00Z,2022-07-11T08:41:00Z,นครปฐม,Nakhon Pathom,department of highways,พุทธมณฑลสาย 4 - นครชัยศรี,4-wheel pickup truck,speeding,rear-end collision,2,0,1,clear,13.78103748,100.2374554,straight road,no slope
6148932,2022-04-01T11:56:00Z,2022-05-04T14:17:00Z,กรุงเทพมหานคร,Bangkok,expressway authority of thailand,พญาไท-ศรีนครินทร์,other,other,rear-end collision,4,0,0,clear,NA,NA,straight road,other
6681001,2022-04-01T17:50:00Z,2022-08-08T13:31:00Z,กรุงเทพมหานคร,Bangkok,department of highways,บางปะอิน - แขวงรามอินทรา,6-wheel truck,speeding,rear-end collision,2,1,0,clear,13.90053449,100.6950188,straight road,no slope
6018091,2022-04-01T20:01:00Z,2022-04-01T20:42:00Z,สมุทรปราการ,Samut Prakan,expressway authority of thailand,บางพลี-สุขสวัสดิ์,other,other,side collision,2,0,0,clear,13.632193,100.578315,straight road,other
6566213,2022-04-01T20:59:00Z,2022-04-04T10:40:00Z,กรุงเทพมหานคร,Bangkok,department of rural roads,สะพานภูมิพลที่ 1 ไปสะพานภูมิพลที่ 2,motorcycle,speeding,other,2,0,1,clear,13.670768,100.538634,straight road,slope area
6681003,2022-04-02T11:48:00Z,2022-08-08T13:34:00Z,กรุงเทพมหานคร,Bangkok,department of highways,ถนนศรีนครินทร - แขวงคลองสองต้นนุ่น,private/passenger car,speeding,rear-end collision,3,0,0,clear,13.73329604,100.6973764,straight road,no slope
6032925,2022-04-02T13:18:00Z,2022-04-04T14:08:00Z,ปทุมธานี,Pathum Thani,department of highways,บางปะอิน - แขวงรามอินทรา,6-wheel truck,speeding,rear-end collision,2,0,0,clear,13.94652354,100.7116565,straight road,no slope
6566215,2022-04-02T13:30:00Z,2022-04-04T10:41:00Z,กรุงเทพมหานคร,Bangkok,department of rural roads,สะพานภูมิพลที่ 1 ไปสะพานภูมิพลที่ 2,4-wheel pickup truck,speeding,other,2,0,1,clear,13.671125,100.538667,straight road,slope area
6022694,2022-04-02T14:14:00Z,2022-04-02T15:16:00Z,กรุงเทพมหานคร,Bangkok,expressway authority of thailand,อาจณรงค์-บางนา,4-wheel pickup truck,other,rear-end collision,2,0,4,clear,13.678358,100.603695,wide curve,other
6149077,2022-04-02T17:00:00Z,2022-05-05T10:24:00Z,ปทุมธานี,Pathum Thani,department of highways,วัดนาบุญ - คลอง 14,large truck with trailer,speeding,rollover/fallen on straight road,1,0,0,clear,14.04997772,100.8160293,straight road,no slope
6028829,2022-04-03T01:04:00Z,2022-04-03T20:17:00Z,กรุงเทพมหานคร,Bangkok,expressway authority of thailand,ดาวคะนอง-ท่าเรือ,other,other,collision with obstruction (on road surface),1,0,1,clear,NA,NA,merge lane,other
6680537,2022-04-03T08:13:00Z,2022-08-08T11:48:00Z,ปทุมธานี,Pathum Thani,department of highways,บางปะอิน - แขวงรามอินทรา,4-wheel pickup truck,speeding,rollover/fallen on straight road,1,0,0,clear,14.01506705,100.7017135,straight road,no slope
6026649,2022-04-03T09:02:00Z,2022-04-03T10:30:00Z,กรุงเทพมหานคร,Bangkok,expressway authority of thailand,พญาไท-ศรีนครินทร์,van,other,rear-end collision,4,0,0,rainy,NA,NA,y-intersection,other
6680527,2022-04-03T09:20:00Z,2022-08-08T11:41:00Z,กรุงเทพมหานคร,Bangkok,department of highways,บางปะอิน - แขวงรามอินทรา,4-wheel pickup truck,speeding,rollover/fallen on straight road,1,0,0,clear,13.82894887,100.6740814,straight road,no slope
6680142,2022-04-03T10:06:00Z,2022-08-08T10:10:00Z,สมุทรปราการ,Samut Prakan,department of highways,แขวงคลองสองต้นนุ่น - พิมพา,private/passenger car,speeding,rollover/fallen on straight road,1,0,0,clear,13.65807282,100.8624127,straight road,no slope
6902658,2022-04-03T12:50:00Z,2022-09-14T09:31:00Z,สมุทรปราการ,Samut Prakan,department of highways,บางนา - ทางเข้าท่าอากาศยานสุวรรณภูมิ,private/passenger car,falling asleep,rollover/fallen on straight road,1,0,0,clear,13.66149495,100.6608689,straight road,no slope
7434199,2022-04-04T00:30:00Z,2022-12-06T10:12:00Z,นครปฐม,Nakhon Pathom,department of highways,ไม่ทราบ,4-wheel pickup truck,falling asleep,rollover/fallen on straight road,1,0,0,clear,13.75185449,100.1975253,other,other
6032274,2022-04-04T00:48:00Z,2022-04-04T11:32:00Z,นนทบุรี,Nonthaburi,expressway authority of thailand,บางปะอิน-แจ้งวัฒนะ,large truck with trailer,other,rear-end collision,2,0,1,clear,13.910951,100.544533,straight road,other
6950188,2022-04-04T03:30:00Z,2022-09-21T10:52:00Z,นนทบุรี,Nonthaburi,department of highways,คลองบางไผ่ - คลองบางหลวง,private/passenger car,speeding,rollover/fallen on straight road,1,1,0,clear,13.91426578,100.409849,straight road,no slope
7565191,2022-04-04T03:45:00Z,2023-01-20T09:17:00Z,นนทบุรี,Nonthaburi,department of highways,คลองบางไผ่ - คลองบางหลวง,7-10-wheel truck,speeding,rollover/fallen on straight road,1,0,1,clear,13.9750496,100.4363358,straight road,no slope
6566217,2022-04-04T05:57:00Z,2022-04-06T07:40:00Z,สมุทรปราการ,Samut Prakan,department of rural roads,ทางออกจากถนนวงแหวนอุตสาหกรรมสู่ถนนสุขสวัสดิ์,passenger pickup truck,falling asleep,other,1,0,1,clear,13.664527,100.519022,straight road,no slope
6138820,2022-04-04T06:53:00Z,2022-04-22T08:40:00Z,สมุทรปราการ,Samut Prakan,expressway authority of thailand,บางพลี-สุขสวัสดิ์,other,other,side collision,3,0,4,clear,13.638748,100.554405,merge lane,other
6149057,2022-04-04T07:02:00Z,2022-05-05T09:37:00Z,สมุทรปราการ,Samut Prakan,expressway authority of thailand,บางพลี-สุขสวัสดิ์,other,other,rear-end collision,6,0,0,clear,13.632387,100.57555,straight road,other
6031904,2022-04-04T07:35:00Z,2022-04-04T10:18:00Z,กรุงเทพมหานคร,Bangkok,department of highways,แขวงรามอินทรา - บางพลี,7-10-wheel truck,speeding,rear-end collision,3,0,0,clear,13.74251422,100.7028079,straight road,no slope
6681004,2022-04-04T07:40:00Z,2022-08-08T13:32:00Z,กรุงเทพมหานคร,Bangkok,department of highways,แขวงรามอินทรา - บางพลี,4-wheel pickup truck,speeding,rear-end collision,3,0,0,clear,13.69004029,100.6993854,straight road,no slope
6681006,2022-04-04T09:30:00Z,2022-08-08T13:30:00Z,กรุงเทพมหานคร,Bangkok,department of highways,แขวงรามอินทรา - บางพลี,private/passenger car,speeding,rear-end collision,3,0,0,clear,13.6883542,100.6993961,straight road,no slope
6032453,2022-04-04T11:13:00Z,2022-04-04T12:09:00Z,กรุงเทพมหานคร,Bangkok,expressway authority of thailand,รามอินทรา-อาจณรงค์,other,other,other,1,0,1,clear,NA,NA,wide curve,other
6680148,2022-04-04T11:55:00Z,2022-08-08T10:13:00Z,กรุงเทพมหานคร,Bangkok,department of highways,แขวงคลองสองต้นนุ่น - พิมพา,4-wheel pickup truck,speeding,rear-end collision,2,0,0,clear,13.73121422,100.715484,straight road,no slope
6680147,2022-04-04T12:37:00Z,2022-08-08T10:14:00Z,สมุทรปราการ,Samut Prakan,department of highways,แขวงคลองสองต้นนุ่น - พิมพา,4-wheel pickup truck,vehicle equipment failure,rollover/fallen on straight road,1,0,0,clear,13.65020669,100.8746543,straight road,no slope
6034524,2022-04-04T14:47:00Z,2022-04-04T20:14:00Z,กรุงเทพมหานคร,Bangkok,expressway authority of thailand,แจ้งวัฒนะ-พญาไท,other,other,collision with obstruction (on road surface),1,0,0,clear,NA,NA,other,other
6033777,2022-04-04T16:02:00Z,2022-04-04T16:52:00Z,กรุงเทพมหานคร,Bangkok,expressway authority of thailand,ดินแดง-ท่าเรือ,other,other,side collision,2,0,1,clear,NA,NA,straight road,other
6033798,2022-04-04T16:35:00Z,2022-04-04T16:58:00Z,กรุงเทพมหานคร,Bangkok,expressway authority of thailand,ดินแดง-ท่าเรือ,other,other,rear-end collision,3,0,0,clear,NA,NA,straight road,other
6680169,2022-04-04T17:32:00Z,2022-08-08T10:15:00Z,กรุงเทพมหานคร,Bangkok,department of highways,แขวงคลองสองต้นนุ่น - พิมพา,4-wheel pickup truck,speeding,rollover/fallen on straight road,1,0,0,clear,13.73042995,100.7227233,straight road,no slope
6680521,2022-04-04T21:35:00Z,2022-08-08T11:37:00Z,ปทุมธานี,Pathum Thani,department of highways,บางปะอิน - แขวงรามอินทรา,private/passenger car,speeding,rear-end collision,3,0,1,clear,13.93151595,100.7077244,straight road,no slope
7553834,2022-04-05T08:25:00Z,2023-01-07T16:00:00Z,กรุงเทพมหานคร,Bangkok,department of highways,ดินแดง - งามวงศ์วาน,motorcycle,inadequate visibility,rear-end collision,2,0,1,clear,13.81417875,100.5592636,wide curve,slope area
6149058,2022-04-05T12:27:00Z,2022-05-05T09:37:00Z,กรุงเทพมหานคร,Bangkok,expressway authority of thailand,แจ้งวัฒนะ-พญาไท,other,other,collision with obstruction (on road surface),1,0,0,clear,NA,NA,wide curve,other
6680193,2022-04-05T13:44:00Z,2022-08-08T10:22:00Z,กรุงเทพมหานคร,Bangkok,department of highways,แขวงคลองสองต้นนุ่น - พิมพา,private/passenger car,speeding,rollover/fallen on straight road,1,0,0,clear,13.72986975,100.7572111,straight road,no slope
6148935,2022-04-05T14:15:00Z,2022-05-04T15:36:00Z,กรุงเทพมหานคร,Bangkok,expressway authority of thailand,พญาไท-ศรีนครินทร์,4-wheel pickup truck,other,rear-end collision,3,0,0,clear,13.76459488,100.5409791,straight road,other
6038756,2022-04-05T14:23:00Z,2022-04-05T15:30:00Z,กรุงเทพมหานคร,Bangkok,expressway authority of thailand,ดาวคะนอง-ท่าเรือ,4-wheel pickup truck,other,rollover/fallen on straight road,3,0,0,clear,13.69592009,100.5359159,straight road,other
6680190,2022-04-05T17:19:00Z,2022-08-08T10:23:00Z,กรุงเทพมหานคร,Bangkok,department of highways,แขวงคลองสองต้นนุ่น - พิมพา,private/passenger car,speeding,rear-end collision,2,0,0,clear,13.72986975,100.7572138,straight road,no slope
7047734,2022-04-05T18:30:00Z,2022-10-06T11:21:00Z,กรุงเทพมหานคร,Bangkok,department of highways,บางแค - คลองมหาสวัสดิ์,4-wheel pickup truck,speeding,rear-end collision,2,0,1,clear,13.6830196,100.4066169,straight road,no slope
7565064,2022-04-05T21:00:00Z,2023-01-20T08:33:00Z,ปทุมธานี,Pathum Thani,department of highways,บางคูวัด - บางพูน,4-wheel pickup truck,speeding,rear-end collision,2,0,0,clear,13.96671782,100.5438656,wide curve,no slope
6680427,2022-04-05T23:10:00Z,2022-08-08T11:15:00Z,ปทุมธานี,Pathum Thani,department of highways,บางปะอิน - แขวงรามอินทรา,large truck with trailer,speeding,rollover/fallen on straight road,1,0,0,clear,13.94027332,100.7102644,straight road,no slope
6680435,2022-04-06T00:07:00Z,2022-08-08T11:19:00Z,ปทุมธานี,Pathum Thani,department of highways,บางปะอิน - แขวงรามอินทรา,large truck with trailer,vehicle equipment failure,other,1,0,0,clear,14.12121373,100.6749344,straight road,no slope
6680436,2022-04-06T08:30:00Z,2022-08-08T11:17:00Z,ปทุมธานี,Pathum Thani,department of highways,บางปะอิน - แขวงรามอินทรา,4-wheel pickup truck,speeding,rear-end collision,3,0,0,clear,13.95914062,100.7126999,straight road,no slope
6048525,2022-04-06T13:00:00Z,2022-04-07T08:13:00Z,ปทุมธานี,Pathum Thani,department of highways,บางปะอิน - แขวงรามอินทรา,4-wheel pickup truck,speeding,rear-end collision,2,0,1,clear,13.92796241,100.7070324,straight road,no slope
6062585,2022-04-06T21:47:00Z,2022-04-09T14:00:00Z,กรุงเทพมหานคร,Bangkok,department of highways,ถนนศรีนครินทร - แขวงคลองสองต้นนุ่น,private/passenger car,speeding,rear-end collision,2,0,0,clear,13.73194377,100.7101598,straight road,no slope
6047677,2022-04-06T22:10:00Z,2022-04-07T03:52:00Z,สมุทรปราการ,Samut Prakan,expressway authority of thailand,บางพลี-สุขสวัสดิ์,4-wheel pickup truck,other,rear-end collision,2,0,0,clear,13.63372,100.539657,grade-separated intersection/ramps,other
6047133,2022-04-06T23:45:00Z,2022-04-07T00:54:00Z,กรุงเทพมหานคร,Bangkok,expressway authority of thailand,พญาไท-ศรีนครินทร์,other,other,rear-end collision,2,0,0,clear,13.74849714,100.603302,grade-separated intersection/ramps,other
6055994,2022-04-07T02:00:00Z,2022-04-08T13:46:00Z,สมุทรปราการ,Samut Prakan,department of highways,ราษฎร์บูรณะ - พระสมุทรเจดีย์,motorcycle,speeding,rear-end collision,3,1,0,clear,13.64503023,100.5243578,straight road,no slope
6950085,2022-04-07T02:30:00Z,2022-09-21T10:33:00Z,นครปฐม,Nakhon Pathom,department of highways,ดอนตูม - บางเลน,private/passenger car,speeding,rollover/fallen on curved road,1,0,0,clear,13.96719155,100.1552215,wide curve,no slope
7564956,2022-04-07T09:19:00Z,2023-01-20T06:34:00Z,กรุงเทพมหานคร,Bangkok,department of highways,บางนา - ทางเข้าท่าอากาศยานสุวรรณภูมิ,4-wheel pickup truck,speeding,rear-end collision,2,0,1,clear,13.6733404,100.607568,straight road,no slope
6917242,2022-04-07T11:50:00Z,2022-09-16T11:50:00Z,ปทุมธานี,Pathum Thani,department of highways,บางบัวทอง -  ลาดบัวหลวง,large truck with trailer,speeding,rollover/fallen on straight road,1,0,0,clear,14.01686788,100.3614083,straight road,no slope
7331329,2022-04-07T12:40:00Z,2022-04-23T10:24:00Z,กรุงเทพมหานคร,Bangkok,department of highways,ถนนศรีนครินทร - แขวงคลองสองต้นนุ่น,private/passenger car,speeding,rear-end collision,2,0,3,clear,13.73933037,100.6515911,straight road,no slope
6056139,2022-04-07T13:30:00Z,2022-04-08T14:17:00Z,สมุทรปราการ,Samut Prakan,department of highways,ราษฎร์บูรณะ - พระสมุทรเจดีย์,6-wheel truck,speeding,rear-end collision,2,0,1,clear,13.64517619,100.5242693,straight road,no slope
6055992,2022-04-07T13:50:00Z,2022-04-08T13:48:00Z,สมุทรปราการ,Samut Prakan,department of highways,บางนา - ทางเข้าท่าอากาศยานสุวรรณภูมิ,motorcycle,speeding,rear-end collision,3,1,0,clear,13.65173928,100.6783864,straight road,no slope
6149054,2022-04-07T14:04:00Z,2022-05-05T09:36:00Z,สมุทรปราการ,Samut Prakan,expressway authority of thailand,บางพลี-สุขสวัสดิ์,4-wheel pickup truck,other,side collision,3,0,0,clear,13.625147,100.667528,straight road,other
7564950,2022-04-07T14:50:00Z,2023-01-20T06:28:00Z,กรุงเทพมหานคร,Bangkok,department of highways,บางนา - ทางเข้าท่าอากาศยานสุวรรณภูมิ,motorcycle,speeding,rear-end collision,2,0,1,clear,13.66640261,100.639379,straight road,no slope
7564946,2022-04-07T15:00:00Z,2023-01-20T06:23:00Z,สมุทรปราการ,Samut Prakan,department of highways,บางพลี - กิ่งแก้ว,motorcycle,cutting in closely by people/vehicles/animals,collision at intersection corner,2,0,1,clear,13.60782985,100.7003751,other,other
6680257,2022-04-07T15:29:00Z,2022-08-08T10:39:00Z,กรุงเทพมหานคร,Bangkok,department of highways,แขวงคลองสองต้นนุ่น - พิมพา,private/passenger car,speeding,rollover/fallen on straight road,1,0,0,clear,13.73086247,100.7616475,straight road,no slope
6149053,2022-04-07T16:20:00Z,2022-05-05T09:35:00Z,สมุทรปราการ,Samut Prakan,expressway authority of thailand,บางพลี-สุขสวัสดิ์,6-wheel truck,other,rear-end collision,2,0,0,clear,13.638624,100.550644,straight road,other
7561568,2022-04-07T18:52:00Z,2023-01-17T10:46:00Z,กรุงเทพมหานคร,Bangkok,department of highways,บางแค - คลองมหาสวัสดิ์,4-wheel pickup truck,speeding,rear-end collision,2,0,1,clear,13.68204492,100.406566,straight road,no slope
6259930,2022-04-07T23:00:00Z,2022-05-27T14:30:00Z,ปทุมธานี,Pathum Thani,department of highways,ต่างระดับรังสิต - วัดนาบุญ,private/passenger car,other,rollover/fallen on straight road,1,0,0,clear,14.02173421,100.7380923,straight road,no slope
6680236,2022-04-08T04:50:00Z,2022-08-08T10:32:00Z,กรุงเทพมหานคร,Bangkok,department of highways,แขวงรามอินทรา - บางพลี,6-wheel truck,speeding,rear-end collision,2,0,1,clear,13.80637491,100.6790247,straight road,no slope
7476771,2022-04-08T06:23:00Z,2022-12-21T10:06:00Z,นนทบุรี,Nonthaburi,department of highways,ไม่ทราบ,motorcycle,falling asleep,rear-end collision,3,0,0,clear,13.93160186,100.4025265,straight road,no slope
6566232,2022-04-08T10:25:00Z,2022-04-21T11:32:00Z,สมุทรปราการ,Samut Prakan,department of rural roads,สะพานภูมิพลที่ 1 ไปสะพานภูมิพลที่ 2,motorcycle,debris/obstruction on the road,other,1,0,1,clear,13.652425,100.541236,straight road,slope area
6056495,2022-04-08T13:40:00Z,2022-04-08T15:28:00Z,กรุงเทพมหานคร,Bangkok,expressway authority of thailand,ดาวคะนอง-ท่าเรือ,other,other,other,3,0,0,clear,13.68931278,100.5228741,straight road,other