acc_code,incident_datetime,report_datetime,province_th,province_en,agency,route,vehicle_type,presumed_cause,accident_type,number_of_vehicles_involved,number_of_fatalities,number_of_injuries,weather_condition,latitude,longitude,road_description,slope_description
6056598,2022-04-08T14:46:00Z,2022-04-08T15:47:00Z,กรุงเทพมหานคร,Bangkok,expressway authority of thailand,บางนา-ท่าเรือ,van,other,side collision,4,0,1,clear,13.71130891,100.5795732,straight road,other
6566528,2022-04-08T15:30:00Z,2022-04-21T11:32:00Z,กรุงเทพมหานคร,Bangkok,department of rural roads,สะพานภูมิพลที่ 2 ไปสะพานภูมิพลที่ 1,private/passenger car,speeding,other,1,0,0,clear,13.684622,100.543195,grade-separated intersection/ramps,other
6566530,2022-04-08T18:30:00Z,2022-04-21T11:32:00Z,สมุทรปราการ,Samut Prakan,department of rural roads,ทางเข้าถนนสุขสวัสดิ์สู่ถนนวงแหวนอุตสาหกรรม,passenger pickup truck,illegal overtaking,other,2,0,1,clear,13.665206,100.519322,straight road,no slope
7564181,2022-04-08T20:00:00Z,2023-01-19T11:04:00Z,สมุทรสาคร,Samut Sakhon,department of highways,สะพานข้ามแม่น้ำท่าจีนฝั่งตะวันตก - นาโคก,4-wheel pickup truck,speeding,rear-end collision,2,0,1,clear,13.53100462,100.2037319,straight road,no slope
6680192,2022-04-08T20:30:00Z,2022-08-08T10:24:00Z,กรุงเทพมหานคร,Bangkok,department of highways,แขวงคลองสองต้นนุ่น - พิมพา,4-wheel pickup truck,speeding,rollover/fallen on straight road,1,0,0,clear,13.73300422,100.7915112,straight road,no slope
7027111,2022-04-08T21:00:00Z,2022-10-03T10:43:00Z,สมุทรสาคร,Samut Sakhon,department of highways,แสมดำ - สะพานข้ามแม่น้ำท่าจีนฝั่งตะวันตก,7-10-wheel truck,speeding,rear-end collision,2,0,3,clear,13.59270404,100.3514761,straight road,no slope
6680238,2022-04-09T00:05:00Z,2022-08-08T10:30:00Z,กรุงเทพมหานคร,Bangkok,department of highways,แขวงรามอินทรา - บางพลี,other,speeding,rear-end collision,2,0,0,clear,13.7940595,100.6828523,straight road,no slope
6566533,2022-04-09T01:37:00Z,2022-04-22T09:45:00Z,กรุงเทพมหานคร,Bangkok,department of rural roads,สะพานภูมิพลที่ 1 ไปสะพานภูมิพลที่ 2,motorcycle,speeding,other,2,0,1,clear,13.676009,100.539393,straight road,slope area
6680213,2022-04-09T11:06:00Z,2022-08-08T10:28:00Z,สมุทรปราการ,Samut Prakan,department of highways,แขวงคลองสองต้นนุ่น - พิมพา,private/passenger car,speeding,rear-end collision,5,0,0,clear,13.66841985,100.8463517,straight road,no slope
6680255,2022-04-09T11:14:00Z,2022-08-08T10:35:00Z,ปทุมธานี,Pathum Thani,department of highways,บางปะอิน - แขวงรามอินทรา,large truck with trailer,speeding,rear-end collision,3,0,1,clear,13.98287874,100.7133007,straight road,no slope
7565015,2022-04-09T15:00:00Z,2023-01-20T07:07:00Z,สมุทรปราการ,Samut Prakan,department of highways,บางเมือง - บางพลี,7-10-wheel truck,speeding,rollover/fallen on straight road,1,0,0,clear,13.60620313,100.6912663,other,other
6063784,2022-04-09T16:45:00Z,2022-04-09T18:57:00Z,กรุงเทพมหานคร,Bangkok,expressway authority of thailand,บางนา-ท่าเรือ,4-wheel pickup truck,other,rear-end collision,2,0,1,clear,NA,NA,grade-separated intersection/ramps,other
6680215,2022-04-09T16:54:00Z,2022-08-08T10:26:00Z,สมุทรปราการ,Samut Prakan,department of highways,แขวงคลองสองต้นนุ่น - พิมพา,private/passenger car,speeding,rear-end collision,6,0,0,clear,13.66595694,100.8501765,straight road,no slope
7518371,2022-04-09T23:11:00Z,2022-12-29T11:39:00Z,กรุงเทพมหานคร,Bangkok,expressway authority of thailand,แจ้งวัฒนะ-พญาไท,other,other,rollover/fallen on straight road,2,0,1,clear,13.81235232,100.5500908,straight road,other
6680218,2022-04-10T00:01:00Z,2022-08-08T10:29:00Z,สมุทรปราการ,Samut Prakan,department of highways,แขวงคลองสองต้นนุ่น - พิมพา,4-wheel pickup truck,speeding,rear-end collision,2,0,2,clear,13.6935714,100.8282494,straight road,no slope
6148936,2022-04-10T00:48:00Z,2022-05-04T15:58:00Z,กรุงเทพมหานคร,Bangkok,expressway authority of thailand,พญาไท-บางโคล่,other,other,collision with obstruction (on road surface),1,0,0,clear,NA,NA,wide curve,other
6680239,2022-04-10T03:14:00Z,2022-08-08T10:34:00Z,กรุงเทพมหานคร,Bangkok,department of highways,บางปะอิน - แขวงรามอินทรา,private/passenger car,speeding,rear-end collision,2,0,3,clear,13.85841388,100.6757927,straight road,no slope
6068163,2022-04-10T12:40:00Z,2022-04-10T13:42:00Z,กรุงเทพมหานคร,Bangkok,expressway authority of thailand,พญาไท-ศรีนครินทร์,other,other,rear-end collision,2,0,0,clear,13.75276784,100.5901399,straight road,other
7027435,2022-04-10T16:00:00Z,2022-10-03T11:49:00Z,ปทุมธานี,Pathum Thani,department of highways,วัดนาบุญ - คลอง 14,private/passenger car,speeding,rear-end collision,3,0,0,clear,14.06035674,100.845826,straight road,no slope
7564192,2022-04-10T16:05:00Z,2023-01-19T11:06:00Z,สมุทรสาคร,Samut Sakhon,department of highways,แสมดำ - สะพานข้ามแม่น้ำท่าจีนฝั่งตะวันตก,4-wheel pickup truck,speeding,rollover/fallen on straight road,1,0,2,clear,13.57818736,100.3038534,straight road,no slope
6073445,2022-04-10T16:37:00Z,2022-04-11T09:50:00Z,ปทุมธานี,Pathum Thani,department of highways,บางปะอิน - แขวงรามอินทรา,4-wheel pickup truck,speeding,rear-end collision,2,0,1,clear,13.9288944,100.7070082,straight road,no slope
7565014,2022-04-10T20:00:00Z,2023-01-20T07:06:00Z,สมุทรปราการ,Samut Prakan,department of highways,ทางเข้าท่าอากาศยานสุวรรณภูมิด้านถนนบางนา - บางวัว,large truck with trailer,speeding,rear-end collision,2,0,1,clear,13.63437459,100.7406565,straight road,no slope
6680116,2022-04-10T21:30:00Z,2022-08-08T10:08:00Z,กรุงเทพมหานคร,Bangkok,department of highways,บางปะอิน - แขวงรามอินทรา,private/passenger car,vehicle equipment failure,rear-end collision,3,0,6,clear,13.88857818,100.6884098,straight road,no slope
6942926,2022-04-10T23:00:00Z,2022-09-20T07:59:00Z,ปทุมธานี,Pathum Thani,department of highways,วัดนาบุญ - คลอง 14,motorcycle,speeding,rear-end collision,2,0,1,clear,14.0767192,100.8923757,other,other
6074934,2022-04-11T05:00:00Z,2022-04-11T15:03:00Z,กรุงเทพมหานคร,Bangkok,department of highways,บางบอน - โรงพยาบาลบางปะกอก 8,4-wheel pickup truck,speeding,rollover/fallen on straight road,1,0,1,clear,13.66191718,100.4037094,straight road,no slope
6566261,2022-04-11T06:05:00Z,2022-04-12T15:00:00Z,นครปฐม,Nakhon Pathom,department of rural roads,แยกทางหลวงหมายเลข 346 (กม.ที่ 47+500) - บ้านศาลายา,private/passenger car,falling asleep,other,1,0,1,clear,13.848579,100.304328,straight road,no slope
6076180,2022-04-11T07:16:00Z,2022-04-11T19:45:00Z,กรุงเทพมหานคร,Bangkok,department of highways,แยกเข้ามีนบุรี - คลองหลวงแพ่ง,private/passenger car,falling asleep,rollover/fallen on straight road,1,0,0,clear,13.81385292,100.7659229,straight road,no slope
6073507,2022-04-11T07:40:00Z,2022-04-11T10:02:00Z,กรุงเทพมหานคร,Bangkok,department of highways,อรุณอมรินทร์ - พุทธมณฑลสาย 4,private/passenger car,speeding,rear-end collision,3,0,0,clear,13.78716696,100.3684652,straight road,no slope
6075388,2022-04-11T10:36:00Z,2022-04-11T16:35:00Z,สมุทรปราการ,Samut Prakan,expressway authority of thailand,บางพลี-สุขสวัสดิ์,6-wheel truck,other,rear-end collision,2,0,1,clear,13.606834,100.626326,straight road,other
6566237,2022-04-11T10:50:00Z,2022-04-11T16:28:00Z,สมุทรปราการ,Samut Prakan,department of rural roads,ทางเข้าถนนปู่เจ้าสมิงพรายสู่ถนนวงแหวนอุตสาหกรรม,motorcycle,speeding,other,2,0,2,clear,13.650172,100.541481,straight road,no slope
6149050,2022-04-11T12:41:00Z,2022-05-05T09:34:00Z,สมุทรปราการ,Samut Prakan,expressway authority of thailand,บางพลี-สุขสวัสดิ์,4-wheel pickup truck,other,rear-end collision,2,0,0,clear,13.616158,100.661124,straight road,other
7560808,2022-04-11T14:00:00Z,2023-01-16T14:24:00Z,กรุงเทพมหานคร,Bangkok,department of highways,ดินแดง - งามวงศ์วาน,private/passenger car,cutting in closely by people/vehicles/animals,rear-end collision,2,0,0,clear,13.8435508,100.5593875,straight road,no slope
6079001,2022-04-11T15:40:00Z,2022-04-12T07:16:00Z,กรุงเทพมหานคร,Bangkok,department of highways,พระประแดง - บางแค,4-wheel pickup truck,vehicle equipment failure,rollover/fallen on straight road,1,0,0,clear,13.62584296,100.4644346,straight road,no slope
6566241,2022-04-11T15:50:00Z,2022-04-11T16:51:00Z,นนทบุรี,Nonthaburi,department of rural roads,ถนนนครอินทร์,passenger pickup truck,abrupt lane change,other,2,0,1,clear,13.822426,100.428091,straight road,no slope
6149049,2022-04-11T15:56:00Z,2022-05-05T09:33:00Z,สมุทรปราการ,Samut Prakan,expressway authority of thailand,บางพลี-สุขสวัสดิ์,7-10-wheel truck,other,rear-end collision,2,0,0,clear,13.614401,100.618416,straight road,other
6079873,2022-04-11T17:18:00Z,2022-04-12T11:23:00Z,กรุงเทพมหานคร,Bangkok,department of highways,ถนนศรีนครินทร - แขวงคลองสองต้นนุ่น,4-wheel pickup truck,speeding,rear-end collision,2,0,0,clear,13.74147987,100.642021,straight road,no slope
6078375,2022-04-11T22:00:00Z,2022-04-12T02:34:00Z,สมุทรปราการ,Samut Prakan,department of highways,สำโรง - สะพานภูมิพล,motorcycle,speeding,rear-end collision,2,0,1,clear,13.64482692,100.5845466,straight road,no slope
6242120,2022-04-11T22:05:00Z,2022-05-24T09:59:00Z,นครปฐม,Nakhon Pathom,department of highways,อ้อมน้อย - ศาลายา,private/passenger car,speeding,collision with obstruction (on road surface),1,0,0,clear,13.7833481,100.3026652,other,other
6078986,2022-04-11T23:50:00Z,2022-04-12T07:13:00Z,กรุงเทพมหานคร,Bangkok,department of highways,บางบอน - โรงพยาบาลบางปะกอก 8,4-wheel pickup truck,speeding,rollover/fallen on straight road,1,0,1,clear,13.66199276,100.4040313,straight road,no slope
6566315,2022-04-12T02:50:00Z,2022-04-18T13:47:00Z,นนทบุรี,Nonthaburi,department of rural roads,ถนนนครอินทร์,motorcycle,driving under the influence of alcohol,other,1,0,1,clear,13.82421,100.458778,straight road,no slope
6080515,2022-04-12T04:10:00Z,2022-04-12T13:43:00Z,ปทุมธานี,Pathum Thani,department of highways,บางคูวัด - บางพูน,motorcycle,speeding,rollover/fallen on curved road,1,1,1,clear,13.96671782,100.54555,wide curve,no slope
6079833,2022-04-12T05:35:00Z,2022-04-12T11:14:00Z,กรุงเทพมหานคร,Bangkok,department of highways,บางปะอิน - แขวงรามอินทรา,large truck with trailer,speeding,rear-end collision,2,0,1,clear,13.83633501,100.6736415,straight road,no slope
6086703,2022-04-12T06:00:00Z,2022-04-13T12:03:00Z,นครปฐม,Nakhon Pathom,department of highways,อ้อมน้อย - ศาลายา,motorcycle,speeding,rear-end collision,2,0,1,clear,13.74330106,100.3001198,straight road,no slope
6079850,2022-04-12T10:14:00Z,2022-04-12T11:19:00Z,กรุงเทพมหานคร,Bangkok,department of highways,ถนนศรีนครินทร - แขวงคลองสองต้นนุ่น,4-wheel pickup truck,speeding,rear-end collision,2,0,1,clear,13.74139128,100.6424367,straight road,no slope
6081091,2022-04-12T11:03:00Z,2022-04-12T14:58:00Z,กรุงเทพมหานคร,Bangkok,department of highways,บางปะอิน - แขวงรามอินทรา,4-wheel pickup truck,speeding,rear-end collision,4,0,2,clear,13.87547292,100.6817928,straight road,no slope
6080977,2022-04-12T11:20:00Z,2022-04-12T14:49:00Z,ปทุมธานี,Pathum Thani,department of highways,ลำลูกกา - คลอง 16,4-wheel pickup truck,speeding,rollover/fallen on straight road,1,0,1,rainy,13.94336852,100.771341,straight road,no slope
6145651,2022-04-12T11:27:00Z,2022-04-27T15:38:00Z,สมุทรปราการ,Samut Prakan,expressway authority of thailand,บางพลี-สุขสวัสดิ์,other,other,rollover/fallen on straight road,2,0,1,clear,13.633934,100.569287,straight road,other
6080973,2022-04-12T13:00:00Z,2022-04-12T14:48:00Z,กรุงเทพมหานคร,Bangkok,department of highways,ดินแดง - งามวงศ์วาน,private/passenger car,speeding,rollover/fallen on straight road,1,0,2,clear,13.79830276,100.5608493,straight road,no slope
7560777,2022-04-12T13:10:00Z,2023-01-16T13:55:00Z,กรุงเทพมหานคร,Bangkok,department of highways,ดินแดง - งามวงศ์วาน,private/passenger car,speeding,rollover/fallen on straight road,1,0,1,clear,13.79829887,100.5608546,straight road,no slope
6085630,2022-04-12T14:00:00Z,2022-04-13T05:51:00Z,ปทุมธานี,Pathum Thani,department of highways,คลองบางไผ่ - คลองบางหลวง,motorcycle,speeding,rear-end collision,2,0,4,clear,14.01299035,100.4519677,straight road,no slope
6566282,2022-04-12T15:13:00Z,2022-04-13T05:59:00Z,สมุทรสาคร,Samut Sakhon,department of rural roads,แยกทางหลวงหมายเลข 3091 (กม.ที่ 5+600) - วัดหนองพะอง,motorcycle,illegal overtaking,other,2,1,0,clear,13.67256,100.314558,straight road,no slope
7414571,2022-04-12T16:00:00Z,2022-11-29T13:31:00Z,สมุทรปราการ,Samut Prakan,department of highways,บางตำหรุ - คลองด่าน,4-wheel pickup truck,speeding,rear-end collision,2,0,1,clear,13.50951049,100.7108679,connecting to school area,other
6086079,2022-04-12T16:05:00Z,2022-04-13T09:43:00Z,กรุงเทพมหานคร,Bangkok,department of highways,บางปะอิน - แขวงรามอินทรา,4-wheel pickup truck,speeding,rear-end collision,4,0,1,clear,13.90949871,100.6993988,straight road,no slope
6086249,2022-04-12T17:12:00Z,2022-04-13T10:23:00Z,กรุงเทพมหานคร,Bangkok,department of highways,แขวงคลองสองต้นนุ่น - พิมพา,private/passenger car,speeding,rear-end collision,3,0,0,clear,13.73014073,100.7254135,straight road,no slope
6566313,2022-04-12T18:00:00Z,2022-04-13T13:41:00Z,นนทบุรี,Nonthaburi,department of rural roads,ถนนราชพฤกษ์,motorcycle,speeding,other,1,0,1,clear,13.947462,100.459443,straight road,no slope
6085725,2022-04-12T18:15:00Z,2022-04-13T08:45:00Z,กรุงเทพมหานคร,Bangkok,department of highways,งามวงศ์วาน - ดอนเมือง,private/passenger car,speeding,rear-end collision,2,0,0,clear,13.89424397,100.5871296,straight road,no slope
6083606,2022-04-12T19:00:00Z,2022-04-12T20:22:00Z,กรุงเทพมหานคร,Bangkok,department of highways,บางพลัด - บางบำหรุ,motorcycle,speeding,rear-end collision,2,0,1,clear,13.78838085,100.4705179,straight road,no slope
6085704,2022-04-12T20:30:00Z,2022-04-13T08:15:00Z,นครปฐม,Nakhon Pathom,department of highways,กระทุ่มล้ม - พุทธมณฑล,motorcycle,speeding,rear-end collision,2,0,1,clear,13.79638822,100.3273469,other,other
6085728,2022-04-12T21:00:00Z,2022-04-13T08:49:00Z,สมุทรปราการ,Samut Prakan,department of highways,บางนา - ทางเข้าท่าอากาศยานสุวรรณภูมิ,motorcycle,speeding,rear-end collision,2,0,1,clear,13.6600745,100.6643638,straight road,no slope
6085766,2022-04-12T21:00:00Z,2022-04-13T08:54:00Z,นนทบุรี,Nonthaburi,department of highways,บางบัวทอง - บางคูวัด,private/passenger car,speeding,rear-end collision,2,0,1,clear,13.94325398,100.4265296,straight road,no slope
6086205,2022-04-12T21:00:00Z,2022-04-13T10:11:00Z,สมุทรปราการ,Samut Prakan,department of highways,แขวงคลองสองต้นนุ่น - พิมพา,private/passenger car,speeding,rear-end collision,6,0,0,clear,13.65758283,100.8631772,straight road,no slope
7511287,2022-04-12T22:08:00Z,2022-12-27T09:03:00Z,สมุทรสาคร,Samut Sakhon,department of highways,ไม่ทราบ,motorcycle,speeding,pedestrian collision,1,1,0,clear,13.58287253,100.2778146,wide curve,no slope
6091681,2022-04-12T23:42:00Z,2022-04-14T05:58:00Z,ปทุมธานี,Pathum Thani,department of highways,วัดนาบุญ - คลอง 14,4-wheel pickup truck,speeding,rear-end collision,2,2,0,clear,14.05024312,100.8168635,straight road,no slope
6566327,2022-04-13T02:16:00Z,2022-04-13T21:42:00Z,สมุทรสาคร,Samut Sakhon,department of rural roads,แยกทางหลวงหมายเลข 4 (กม.ที่ 21+000) - บ้านคลองมะเดื่อ,motorcycle,driving under the influence of alcohol,other,2,1,0,clear,13.662462,100.313336,straight road,no slope
6086910,2022-04-13T03:00:00Z,2022-04-13T12:47:00Z,ปทุมธานี,Pathum Thani,department of highways,บางคูวัด - แยกปทุมวิไล,private/passenger car,speeding,collision with obstruction (on road surface),2,0,0,clear,13.96118657,100.5133179,straight road,no slope
6094630,2022-04-13T04:00:00Z,2022-04-14T17:34:00Z,นนทบุรี,Nonthaburi,department of highways,บางบัวทอง - ไทรน้อย,6-wheel truck,speeding,rear-end collision,2,0,1,clear,13.97418546,100.3359568,straight road,no slope
7560788,2022-04-13T04:30:00Z,2023-01-16T14:00:00Z,กรุงเทพมหานคร,Bangkok,department of highways,ดินแดง - งามวงศ์วาน,private/passenger car,falling asleep,rear-end collision,2,0,0,clear,13.82856225,100.5577697,other,other
6950215,2022-04-13T05:20:00Z,2022-09-21T10:59:00Z,นนทบุรี,Nonthaburi,department of highways,คลองมหาสวัสดิ์ - คลองบางไผ่,motorcycle,speeding,rollover/fallen on straight road,1,1,1,clear,13.85974199,100.4113644,straight road,no slope
6086274,2022-04-13T08:41:00Z,2022-04-13T10:27:00Z,กรุงเทพมหานคร,Bangkok,department of highways,บางปะอิน - แขวงรามอินทรา,4-wheel pickup truck,speeding,rear-end collision,4,0,0,clear,13.88847663,100.6884929,straight road,no slope
6086705,2022-04-13T09:10:00Z,2022-04-13T12:04:00Z,กรุงเทพมหานคร,Bangkok,department of highways,อรุณอมรินทร์ - พุทธมณฑลสาย 4,4-wheel pickup truck,speeding,rear-end collision,2,0,0,clear,13.78716696,100.3684652,straight road,no slope
6091982,2022-04-13T09:15:00Z,2022-04-14T06:51:00Z,สมุทรสาคร,Samut Sakhon,department of highways,แสมดำ - สะพานข้ามแม่น้ำท่าจีนฝั่งตะวันตก,4-wheel pickup truck,speeding,rear-end collision,2,1,0,clear,13.55789171,100.2715918,straight road,no slope
6566364,2022-04-13T11:20:00Z,2022-04-18T14:01:00Z,นครปฐม,Nakhon Pathom,department of rural roads,แยกทางหลวงชนบท นฐ.4014 (กม.ที่ 4+500) - แยกทางหลวงชนบท นฐ.4006 (กม.ที่ 11+200),motorcycle,driving under the influence of alcohol,other,1,0,1,clear,13.814616,100.226862,straight road,no slope
6091955,2022-04-13T12:00:00Z,2022-04-14T06:49:00Z,กรุงเทพมหานคร,Bangkok,department of highways,แยกมหาวิทยาลัยเกษตรศาสตร์ - สี่แยกแคราย,private/passenger car,speeding,rear-end collision,2,0,0,clear,13.83980662,100.575462,other,other
6091923,2022-04-13T12:30:00Z,2022-04-14T06:44:00Z,กรุงเทพมหานคร,Bangkok,department of highways,อรุณอมรินทร์ - พุทธมณฑลสาย 4,private/passenger car,speeding,rear-end collision,2,0,0,clear,13.78548156,100.3877422,straight road,no slope
6091951,2022-04-13T14:00:00Z,2022-04-14T06:47:00Z,กรุงเทพมหานคร,Bangkok,department of highways,งามวงศ์วาน - ดอนเมือง,motorcycle,cutting in closely by people/vehicles/animals,rear-end collision,2,0,1,clear,13.89377269,100.5869713,straight road,no slope
6091948,2022-04-13T14:30:00Z,2022-04-14T06:46:00Z,นครปฐม,Nakhon Pathom,department of highways,ลาดบัวหลวง - สองพี่น้อง,6-wheel truck,speeding,rear-end collision,2,0,1,clear,14.16064126,100.2472857,straight road,no slope
6566363,2022-04-13T19:20:00Z,2022-04-14T15:47:00Z,นครปฐม,Nakhon Pathom,department of rural roads,แยกทางหลวงหมายเลข 346 (กม.ที่ 63+850) - บ้านไผ่คอกเนื้อ,motorcycle,speeding,pedestrian collision,1,0,1,clear,14.074306,100.082795,four-way intersection,other
6566492,2022-04-13T19:20:00Z,2022-04-17T15:08:00Z,นนทบุรี,Nonthaburi,department of rural roads,ถนนราชพฤกษ์,motorcycle,speeding,other,2,0,2,clear,13.80721,100.449858,straight road,no slope
6091981,2022-04-13T20:00:00Z,2022-04-14T06:54:00Z,นนทบุรี,Nonthaburi,department of highways,พระราม 7 - แคราย,motorcycle,cutting in closely by people/vehicles/animals,other,2,0,1,clear,13.84385112,100.5070469,connecting to public/commercial area,other
6092695,2022-04-13T20:00:00Z,2022-04-14T09:55:00Z,สมุทรสาคร,Samut Sakhon,department of highways,แสมดำ - สะพานข้ามแม่น้ำท่าจีนฝั่งตะวันตก,motorcycle,speeding,rollover/fallen on straight road,1,1,0,clear,13.59311596,100.3401813,straight road,no slope
6092911,2022-04-13T20:20:00Z,2022-04-14T10:52:00Z,สมุทรสาคร,Samut Sakhon,department of highways,แสมดำ - สะพานข้ามแม่น้ำท่าจีนฝั่งตะวันตก,private/passenger car,cutting in closely by people/vehicles/animals,rear-end collision,3,0,1,clear,13.59729507,100.3649112,other,other
7331382,2022-04-13T20:40:00Z,2022-04-14T10:15:00Z,สมุทรปราการ,Samut Prakan,department of highways,แบริ่ง - ท้ายบ้าน,pedestrian,cutting in closely by people/vehicles/animals,pedestrian collision,1,1,0,clear,13.64158961,100.5938995,straight road,no slope
6093264,2022-04-13T21:00:00Z,2022-04-14T12:20:00Z,สมุทรปราการ,Samut Prakan,department of highways,บางเมือง - บางพลี,private/passenger car,speeding,head-on collision (not overtaking),2,0,0,clear,13.61202956,100.6674644,straight road,no slope
6566382,2022-04-13T21:10:00Z,2022-04-15T05:06:00Z,นนทบุรี,Nonthaburi,department of rural roads,เลี่ยงเมืองปากเกร็ด,motorcycle,speeding,other,2,0,1,clear,13.894547,100.515944,straight road,no slope
6566510,2022-04-13T21:58:00Z,2022-04-19T09:02:00Z,สมุทรปราการ,Samut Prakan,department of rural roads,แยกทางหลวงหมายเลข 34 (กม.ที่ 18+165) - บ้านลาดกระบัง,motorcycle,cutting in closely by people/vehicles/animals,other,1,0,1,clear,13.638446,100.773665,straight road,no slope
6918713,2022-04-13T22:00:00Z,2022-09-16T14:23:00Z,สมุทรปราการ,Samut Prakan,department of highways,แบริ่ง - ท้ายบ้าน,motorcycle,running red lights/traffic signals,rear-end collision,2,0,2,clear,13.64281208,100.5941087,other,other
6092795,2022-04-13T23:20:00Z,2022-04-14T10:17:00Z,สมุทรปราการ,Samut Prakan,department of highways,บางพลี - บางบ่อ,motorcycle,speeding,rear-end collision,2,0,1,clear,13.60066333,100.7141831,straight road,no slope
6099146,2022-04-14T01:15:00Z,2022-04-15T10:44:00Z,นนทบุรี,Nonthaburi,department of highways,พระราม 7 - แคราย,motorcycle,speeding,rollover/fallen on straight road,1,0,1,clear,13.85000759,100.515866,straight road,no slope
6121884,2022-04-14T01:35:00Z,2022-04-19T09:29:00Z,สมุทรปราการ,Samut Prakan,expressway authority of thailand,บางนา-ชลบุรี,other,other,side collision,2,0,0,clear,13.603377,100.780842,straight road,other
6092693,2022-04-14T02:00:00Z,2022-04-14T09:59:00Z,กรุงเทพมหานคร,Bangkok,department of highways,ดินแดง - งามวงศ์วาน,private/passenger car,speeding,rollover/fallen on straight road,1,0,0,clear,13.78588533,100.5602056,straight road,no slope
7331395,2022-04-14T03:30:00Z,2022-04-14T17:37:00Z,ปทุมธานี,Pathum Thani,department of highways,สนามกีฬาธูปเตมีย์ - ลำลูกกา,motorcycle,speeding,rollover/fallen on curved road,1,1,0,clear,13.95029026,100.6418037,wide curve,no slope
6092628,2022-04-14T06:30:00Z,2022-04-14T09:42:00Z,กรุงเทพมหานคร,Bangkok,department of highways,แยก คปอ. - สนามกีฬาธูปะเตมีย์,private/passenger car,speeding,rollover/fallen on straight road,1,0,1,clear,13.94842123,100.6226554,straight road,no slope
6098332,2022-04-14T06:34:00Z,2022-04-15T06:42:00Z,สมุทรปราการ,Samut Prakan,department of highways,แขวงคลองสองต้นนุ่น - พิมพา,van,speeding,rollover/fallen on straight road,1,0,0,clear,13.67138053,100.8417597,straight road,no slope
6098333,2022-04-14T07:33:00Z,2022-04-15T06:42:00Z,กรุงเทพมหานคร,Bangkok,department of highways,แขวงคลองสองต้นนุ่น - พิมพา,private/passenger car,speeding,rollover/fallen on straight road,1,0,0,clear,13.73013812,100.725435,straight road,no slope
6094778,2022-04-14T07:40:00Z,2022-04-14T18:00:00Z,นครปฐม,Nakhon Pathom,department of highways,ลำลูกบัว - หนองกระทุ่ม,private/passenger car,speeding,rollover/fallen on straight road,1,0,2,clear,14.03640025,100.055556,straight road,no slope
6566378,2022-04-14T11:30:00Z,2022-04-14T23:30:00Z,นนทบุรี,Nonthaburi,department of rural roads,ถนนราชพฤกษ์,private/passenger car,vehicle equipment failure,other,2,0,1,clear,13.822487,100.448843,straight road,other
6098335,2022-04-14T14:00:00Z,2022-04-15T06:42:00Z,ปทุมธานี,Pathum Thani,department of highways,บางบัวทอง -  ลาดบัวหลวง,4-wheel pickup truck,speeding,rear-end collision,2,0,4,clear,14.00201581,100.3723222,straight road,no slope
6094675,2022-04-14T14:30:00Z,2022-04-14T17:41:00Z,กรุงเทพมหานคร,Bangkok,department of highways,งามวงศ์วาน - ดอนเมือง,4-wheel pickup truck,speeding,rear-end collision,2,0,0,clear,13.92155547,100.6024209,straight road,no slope
6099044,2022-04-14T15:20:00Z,2022-04-15T10:19:00Z,สมุทรปราการ,Samut Prakan,department of highways,บางนา - ทางเข้าท่าอากาศยานสุวรรณภูมิ,6-wheel truck,speeding,rear-end collision,3,0,0,clear,13.66388494,100.6523529,other,other
6098348,2022-04-14T15:30:00Z,2022-04-15T06:49:00Z,สมุทรสาคร,Samut Sakhon,department of highways,แสมดำ - สะพานข้ามแม่น้ำท่าจีนฝั่งตะวันตก,4-wheel pickup truck,speeding,rollover/fallen on straight road,1,0,3,clear,13.56556797,100.2800274,straight road,no slope
6566430,2022-04-14T18:28:00Z,2022-04-15T14:08:00Z,นครปฐม,Nakhon Pathom,department of rural roads,แยกทางหลวงหมายเลข 4 (กม.ที่ 59+720) - บ้านองครักษ์,motorcycle,driving under the influence of alcohol,other,1,1,0,clear,13.835758,100.024676,straight road,no slope
6950177,2022-04-14T19:00:00Z,2022-09-21T10:49:00Z,นนทบุรี,Nonthaburi,department of highways,คลองมหาสวัสดิ์ - คลองบางไผ่,motorcycle,speeding,rollover/fallen on straight road,1,0,1,clear,13.85240868,100.4118821,straight road,no slope
6099099,2022-04-14T19:30:00Z,2022-04-15T10:33:00Z,นนทบุรี,Nonthaburi,department of highways,สะพานพระนั่งเกล้า - ต่างระดับบางใหญ่,private/passenger car,speeding,rear-end collision,2,0,1,clear,13.87666552,100.4510182,straight road,no slope
6566404,2022-04-14T19:51:00Z,2022-04-15T12:35:00Z,นครปฐม,Nakhon Pathom,department of rural roads,แยกทางหลวงหมายเลข 3310 (กม.ที่ 10+700) - บ้านกลาง,motorcycle,driving under the influence of alcohol,other,1,0,1,clear,13.806099,100.251092,straight road,other