acc_code,incident_datetime,report_datetime,province_th,province_en,agency,route,vehicle_type,presumed_cause,accident_type,number_of_vehicles_involved,number_of_fatalities,number_of_injuries,weather_condition,latitude,longitude,road_description,slope_description
6098311,2022-04-14T20:00:00Z,2022-04-15T06:32:00Z,ปทุมธานี,Pathum Thani,department of highways,วัดนาบุญ - คลอง 14,motorcycle,speeding,rear-end collision,2,0,0,clear,14.03253606,100.7651397,straight road,no slope
6099143,2022-04-14T20:00:00Z,2022-04-15T10:43:00Z,นนทบุรี,Nonthaburi,department of highways,สะพานพระนั่งเกล้า - ต่างระดับบางใหญ่,private/passenger car,speeding,rear-end collision,3,0,2,clear,13.87278043,100.4605079,straight road,no slope
6566389,2022-04-14T20:00:00Z,2022-04-15T05:05:00Z,สมุทรสาคร,Samut Sakhon,department of rural roads,แยกทางหลวงชนบท สค.4002 (กม.ที่ 9+900) - บ้านบางยาง,motorcycle,driving under the influence of alcohol,other,1,0,1,clear,13.650228,100.19848,y-intersection,other
6950213,2022-04-14T20:00:00Z,2022-09-21T10:58:00Z,นนทบุรี,Nonthaburi,department of highways,คลองมหาสวัสดิ์ - คลองบางไผ่,motorcycle,speeding,rear-end collision,2,0,2,clear,13.81127432,100.4116487,straight road,no slope
6099120,2022-04-14T21:00:00Z,2022-04-15T10:38:00Z,นนทบุรี,Nonthaburi,department of highways,สะพานพระนั่งเกล้า - ต่างระดับบางใหญ่,large passenger vehicle,speeding,rear-end collision,2,0,2,clear,13.872106,100.462034,straight road,no slope
6099072,2022-04-14T21:15:00Z,2022-04-15T10:23:00Z,กรุงเทพมหานคร,Bangkok,department of highways,บางบอน - โรงพยาบาลบางปะกอก 8,4-wheel pickup truck,speeding,rear-end collision,2,0,2,clear,13.64656545,100.3818843,straight road,no slope
6105712,2022-04-15T00:01:00Z,2022-04-16T11:52:00Z,นครปฐม,Nakhon Pathom,department of highways,นครปฐม - หนองปลาไหล,private/passenger car,speeding,rear-end collision,2,0,1,clear,13.9083948,99.98077332,wide curve,no slope
6566433,2022-04-15T03:00:00Z,2022-04-16T06:38:00Z,สมุทรสาคร,Samut Sakhon,department of rural roads,แยกทางหลวงหมายเลข 35 (กม.ที่ 35+000) - บ้านบางยาง,motorcycle,using psychoactive substances,other,1,0,1,clear,13.610025,100.210275,straight road,no slope
6099290,2022-04-15T03:50:00Z,2022-04-15T11:25:00Z,กรุงเทพมหานคร,Bangkok,department of highways,อรุณอมรินทร์ - พุทธมณฑลสาย 4,private/passenger car,driving under the influence of alcohol,rollover/fallen on straight road,1,0,0,clear,13.78083169,100.4307622,straight road,no slope
7560784,2022-04-15T04:30:00Z,2023-01-16T13:58:00Z,กรุงเทพมหานคร,Bangkok,department of highways,ดินแดง - งามวงศ์วาน,4-wheel pickup truck,falling asleep,rear-end collision,2,0,0,clear,13.82856225,100.5577697,straight road,no slope
6104374,2022-04-15T06:30:00Z,2022-04-16T06:08:00Z,ปทุมธานี,Pathum Thani,department of highways,วัดนาบุญ - คลอง 14,6-wheel truck,vehicle equipment failure,rollover/fallen on straight road,1,0,4,clear,14.03089929,100.7603145,other,other
6104527,2022-04-15T07:40:00Z,2022-04-16T06:37:00Z,ปทุมธานี,Pathum Thani,department of highways,วัดนาบุญ - คลอง 14,private/passenger car,speeding,rear-end collision,2,0,0,clear,14.03063907,100.7601562,straight road,no slope
6101284,2022-04-15T10:30:00Z,2022-04-15T18:58:00Z,กรุงเทพมหานคร,Bangkok,department of highways,รัชดาภิเษก - รามอินทรา,private/passenger car,speeding,rear-end collision,2,0,0,clear,13.8192757,100.6547078,other,other
6100088,2022-04-15T10:55:00Z,2022-04-15T14:37:00Z,สมุทรปราการ,Samut Prakan,department of highways,แขวงคลองสองต้นนุ่น - พิมพา,private/passenger car,speeding,rollover/fallen on straight road,1,0,0,clear,13.67351501,100.8388254,straight road,no slope
6100554,2022-04-15T13:58:00Z,2022-04-15T16:24:00Z,กรุงเทพมหานคร,Bangkok,department of highways,แขวงคลองสองต้นนุ่น - พิมพา,private/passenger car,speeding,rear-end collision,2,0,2,clear,13.73111,100.7163906,straight road,no slope
6101845,2022-04-15T16:30:00Z,2022-04-15T20:53:00Z,กรุงเทพมหานคร,Bangkok,department of highways,ดาวคะนอง -  แสมดำ,4-wheel pickup truck,vehicle equipment failure,rollover/fallen on straight road,1,0,0,clear,13.6522762,100.423893,straight road,no slope
7518378,2022-04-15T16:46:00Z,2022-12-29T11:39:00Z,สมุทรปราการ,Samut Prakan,expressway authority of thailand,บางนา-ชลบุรี,4-wheel pickup truck,other,rear-end collision,3,0,0,clear,13.643628,100.693142,straight road,other
6107746,2022-04-15T18:45:00Z,2022-04-16T20:02:00Z,กรุงเทพมหานคร,Bangkok,expressway authority of thailand,รามอินทรา-อาจณรงค์,other,other,collision with obstruction (on road surface),1,0,1,clear,13.838589,100.633705,straight road,other
6107837,2022-04-15T21:30:00Z,2022-04-16T20:23:00Z,นครปฐม,Nakhon Pathom,department of highways,พระประโทน - สระกระเทียม,private/passenger car,speeding,rollover/fallen on straight road,1,0,1,clear,13.8052653,100.0420698,straight road,no slope
6104490,2022-04-15T22:26:00Z,2022-04-16T06:33:00Z,กรุงเทพมหานคร,Bangkok,department of highways,ดาวคะนอง -  แสมดำ,4-wheel pickup truck,speeding,rollover/fallen on straight road,1,0,1,clear,13.66245929,100.4394123,other,other
6104493,2022-04-15T23:45:00Z,2022-04-16T06:32:00Z,กรุงเทพมหานคร,Bangkok,department of highways,บางแค - คลองมหาสวัสดิ์,private/passenger car,speeding,rear-end collision,2,0,1,clear,13.72833767,100.4058605,straight road,no slope
6107702,2022-04-16T01:30:00Z,2022-04-16T19:57:00Z,สมุทรปราการ,Samut Prakan,department of highways,ราษฎร์บูรณะ - พระสมุทรเจดีย์,private/passenger car,speeding,pedestrian collision,1,1,0,clear,13.64541599,100.5243659,other,other
6950186,2022-04-16T01:30:00Z,2022-09-21T10:50:00Z,นนทบุรี,Nonthaburi,department of highways,คลองมหาสวัสดิ์ - คลองบางไผ่,motorcycle,speeding,rollover/fallen on straight road,1,0,1,clear,13.88306068,100.4089424,straight road,no slope
6107749,2022-04-16T06:56:00Z,2022-04-16T20:09:00Z,กรุงเทพมหานคร,Bangkok,department of highways,ดาวคะนอง -  แสมดำ,4-wheel pickup truck,speeding,rear-end collision,2,0,0,clear,13.64052614,100.4085561,straight road,no slope
6105392,2022-04-16T08:30:00Z,2022-04-16T10:33:00Z,นนทบุรี,Nonthaburi,department of highways,บางบัวทอง - บางคูวัด,4-wheel pickup truck,speeding,rollover/fallen on straight road,1,0,1,clear,13.94351169,100.4275891,straight road,no slope
6107729,2022-04-16T09:30:00Z,2022-04-16T20:04:00Z,สมุทรปราการ,Samut Prakan,department of highways,บางนา - ทางเข้าท่าอากาศยานสุวรรณภูมิ,private/passenger car,vehicle equipment failure,rear-end collision,2,0,1,clear,13.65473666,100.6723863,straight road,no slope
6145650,2022-04-16T15:30:00Z,2022-04-27T15:37:00Z,สมุทรปราการ,Samut Prakan,expressway authority of thailand,บางนา-ชลบุรี,4-wheel pickup truck,other,rear-end collision,2,0,0,clear,13.594232,100.806974,straight road,other
6110009,2022-04-16T15:47:00Z,2022-04-17T06:11:00Z,กรุงเทพมหานคร,Bangkok,department of highways,แขวงคลองสองต้นนุ่น - พิมพา,4-wheel pickup truck,vehicle equipment failure,rollover/fallen on straight road,1,0,0,clear,13.72458039,100.8129582,straight road,no slope
6107748,2022-04-16T15:50:00Z,2022-04-16T20:06:00Z,กรุงเทพมหานคร,Bangkok,department of highways,บางบอน - โรงพยาบาลบางปะกอก 8,private/passenger car,speeding,rear-end collision,2,0,1,clear,13.6496437,100.3857627,straight road,no slope
6566485,2022-04-16T15:50:00Z,2022-04-17T13:47:00Z,นครปฐม,Nakhon Pathom,department of rural roads,แยกทางหลวงหมายเลข 4 (กม.ที่ 59+720) - บ้านองครักษ์,motorcycle,driving under the influence of alcohol,other,1,0,1,clear,13.830311,100.029891,straight road,no slope
6110011,2022-04-16T16:30:00Z,2022-04-17T06:11:00Z,กรุงเทพมหานคร,Bangkok,department of highways,บางปะอิน - แขวงรามอินทรา,large truck with trailer,speeding,rear-end collision,2,0,0,clear,13.91353159,100.7017591,straight road,no slope
6107220,2022-04-16T16:34:00Z,2022-04-16T18:05:00Z,กรุงเทพมหานคร,Bangkok,department of highways,แขวงคลองสองต้นนุ่น - พิมพา,4-wheel pickup truck,speeding,rear-end collision,5,0,0,clear,13.71805581,100.8161849,straight road,no slope
6115484,2022-04-16T17:00:00Z,2022-04-18T06:39:00Z,นนทบุรี,Nonthaburi,department of highways,บางบัวทอง -  ลาดบัวหลวง,motorcycle,speeding,collision with obstruction (on road surface),2,0,1,clear,13.97637963,100.3913873,straight road,no slope
6110081,2022-04-16T17:40:00Z,2022-04-17T06:43:00Z,สมุทรปราการ,Samut Prakan,department of highways,สำโรง - สะพานภูมิพล,4-wheel pickup truck,speeding,rear-end collision,3,0,1,clear,13.64939087,100.5622414,straight road,no slope
7510986,2022-04-16T19:20:00Z,2022-12-27T09:09:00Z,นนทบุรี,Nonthaburi,department of highways,ไม่ทราบ,private/passenger car,cutting in closely by people/vehicles/animals,pedestrian collision,1,1,0,clear,13.8488409,100.4360247,straight road,no slope
6111061,2022-04-16T19:30:00Z,2022-04-17T11:25:00Z,สมุทรปราการ,Samut Prakan,department of highways,สำโรง - สะพานภูมิพล,motorcycle,speeding,rear-end collision,2,0,1,clear,13.64485038,100.5851179,straight road,no slope
6566467,2022-04-16T20:07:00Z,2022-04-17T06:40:00Z,สมุทรสาคร,Samut Sakhon,department of rural roads,แยกทางหลวงหมายเลข 35 (กม.ที่ 35+000) - บ้านบางยาง,motorcycle,cutting in closely by people/vehicles/animals,other,2,1,0,clear,13.553188,100.212087,straight road,no slope
6110076,2022-04-16T20:10:00Z,2022-04-17T06:40:00Z,นนทบุรี,Nonthaburi,department of highways,สะพานพระนั่งเกล้า - ต่างระดับบางใหญ่,motorcycle,speeding,rear-end collision,2,0,4,clear,13.87543126,100.4290268,straight road,no slope
6566497,2022-04-17T02:15:00Z,2022-04-18T06:40:00Z,สมุทรสาคร,Samut Sakhon,department of rural roads,แยกทางหลวงหมายเลข 375 (กม.ที่ 12+000) - บ้านโคกวัด (ตอนสมุทรสาคร),motorcycle,speeding,other,1,1,0,clear,13.590201,100.099727,straight road,no slope
6566509,2022-04-17T05:40:00Z,2022-04-18T12:35:00Z,นครปฐม,Nakhon Pathom,department of rural roads,เทพนิมิต - บ้านลานตากฟ้า,motorcycle,abrupt lane change,other,2,0,1,clear,13.829307,100.295514,straight road,no slope
6115500,2022-04-17T11:45:00Z,2022-04-18T06:41:00Z,สมุทรปราการ,Samut Prakan,department of highways,ท้ายบ้าน - บางตำหรุ,motorcycle,cutting in closely by people/vehicles/animals,rear-end collision,2,0,1,clear,13.52146263,100.6560141,straight road,no slope
6566537,2022-04-17T13:10:00Z,2022-04-18T12:36:00Z,นนทบุรี,Nonthaburi,department of rural roads,แยกทางหลวงหมายเลข 9 (กม.ที่ 36+900) - คลองกำนันจิตร,motorcycle,speeding,other,1,0,1,rainy,13.879447,100.37524,sharp curve,no slope
6122570,2022-04-17T13:19:00Z,2022-04-19T12:16:00Z,กรุงเทพมหานคร,Bangkok,department of highways,บางปะอิน - แขวงรามอินทรา,private/passenger car,speeding,rear-end collision,3,0,0,clear,13.89083045,100.689598,straight road,no slope
6566498,2022-04-17T16:40:00Z,2022-04-18T06:36:00Z,สมุทรสาคร,Samut Sakhon,department of rural roads,แยกทางหลวงหมายเลข 35 (กม.ที่ 46+300) - เมืองสมุทรสงคราม (ตอนสมุทรสาคร),motorcycle,driving under the influence of alcohol,other,2,0,2,clear,13.485453,100.088854,straight road,no slope
6566505,2022-04-17T17:00:00Z,2022-04-18T14:31:00Z,ปทุมธานี,Pathum Thani,department of rural roads,แยกทางหลวงหมายเลข 305 (กม.ที่ 26+350) - เลียบคลอง 11 ฝั่งตะวันตก,motorcycle,driving under the influence of alcohol,other,1,0,1,rainy,14.095034,100.84609,straight road,no slope
6950237,2022-04-17T19:20:00Z,2022-09-21T11:01:00Z,นนทบุรี,Nonthaburi,department of highways,คลองบางไผ่ - คลองบางหลวง,private/passenger car,cutting in closely by people/vehicles/animals,rear-end collision,2,0,1,clear,13.93353611,100.4160717,straight road,no slope
6115506,2022-04-17T19:30:00Z,2022-04-18T06:43:00Z,ปทุมธานี,Pathum Thani,department of highways,วัดนาบุญ - คลอง 14,private/passenger car,speeding,rear-end collision,3,0,0,clear,14.06181637,100.8500263,straight road,no slope
7414760,2022-04-17T20:45:00Z,2022-11-29T13:47:00Z,สมุทรปราการ,Samut Prakan,department of highways,บางตำหรุ - คลองด่าน,motorcycle,speeding,rear-end collision,2,0,0,clear,13.50957569,100.711112,straight road,no slope
7560785,2022-04-17T20:50:00Z,2023-01-16T13:57:00Z,กรุงเทพมหานคร,Bangkok,department of highways,ดินแดง - งามวงศ์วาน,private/passenger car,speeding,rear-end collision,3,0,0,clear,13.77459739,100.5538801,straight road,no slope
6122041,2022-04-17T21:30:00Z,2022-04-19T10:13:00Z,กรุงเทพมหานคร,Bangkok,department of highways,งามวงศ์วาน - ดอนเมือง,motorcycle,speeding,rear-end collision,2,0,2,clear,13.91263598,100.5973568,straight road,no slope
7007789,2022-04-18T06:00:00Z,2022-09-30T10:51:00Z,สมุทรสาคร,Samut Sakhon,department of highways,บ้านบ่อ - พระประโทน,4-wheel pickup truck,speeding,rollover/fallen on straight road,1,0,0,clear,13.64166781,100.0919643,other,other
6566519,2022-04-18T09:47:00Z,2022-04-19T08:53:00Z,นนทบุรี,Nonthaburi,department of rural roads,ถนนราชพฤกษ์,6-wheel truck,speeding,other,1,1,0,clear,13.888076,100.450259,straight road,no slope
6679633,2022-04-18T11:00:00Z,2022-08-08T08:50:00Z,กรุงเทพมหานคร,Bangkok,department of highways,แขวงรามอินทรา - บางพลี,6-wheel truck,speeding,rear-end collision,2,0,0,clear,13.81344921,100.6774369,straight road,no slope
6143798,2022-04-18T11:28:00Z,2022-04-23T10:33:00Z,กรุงเทพมหานคร,Bangkok,department of highways,แขวงรามอินทรา - บางพลี,private/passenger car,speeding,rear-end collision,2,0,0,clear,13.81437124,100.6771794,straight road,no slope
7414814,2022-04-18T13:00:00Z,2022-11-29T13:50:00Z,สมุทรปราการ,Samut Prakan,department of highways,บางตำหรุ - คลองด่าน,private/passenger car,cutting in closely by people/vehicles/animals,rear-end collision,2,0,3,clear,13.50680859,100.7299277,straight road,no slope
6143801,2022-04-18T15:05:00Z,2022-04-23T11:23:00Z,กรุงเทพมหานคร,Bangkok,department of highways,ถนนศรีนครินทร - แขวงคลองสองต้นนุ่น,6-wheel truck,speeding,rear-end collision,2,0,0,clear,13.73187342,100.7107928,straight road,no slope
6943060,2022-04-18T16:45:00Z,2022-09-20T08:32:00Z,กรุงเทพมหานคร,Bangkok,department of highways,รัชดาภิเษก - รามอินทรา,private/passenger car,speeding,rear-end collision,7,0,0,rainy,13.81909078,100.6802854,other,other
7565195,2022-04-18T17:50:00Z,2023-01-20T09:19:00Z,นนทบุรี,Nonthaburi,department of highways,คลองมหาสวัสดิ์ - คลองบางไผ่,private/passenger car,speeding,rollover/fallen on straight road,1,0,1,clear,13.87344965,100.4099965,straight road,no slope
6143803,2022-04-18T18:12:00Z,2022-04-23T12:00:00Z,กรุงเทพมหานคร,Bangkok,department of highways,ถนนศรีนครินทร - แขวงคลองสองต้นนุ่น,private/passenger car,speeding,rear-end collision,2,0,0,rainy,13.73200109,100.7099265,straight road,no slope
6679961,2022-04-18T19:10:00Z,2022-08-08T09:28:00Z,กรุงเทพมหานคร,Bangkok,department of highways,แขวงคลองสองต้นนุ่น - พิมพา,private/passenger car,speeding,rear-end collision,3,0,0,clear,13.7293799,100.7326126,straight road,no slope
6241402,2022-04-18T19:30:00Z,2022-05-23T09:00:00Z,นครปฐม,Nakhon Pathom,department of highways,อ้อมน้อย - ศาลายา,4-wheel pickup truck,speeding,rollover/fallen on straight road,1,0,0,rainy,13.73402038,100.2995324,straight road,no slope
7561540,2022-04-18T19:45:00Z,2023-01-17T10:28:00Z,กรุงเทพมหานคร,Bangkok,department of highways,บางบอน - โรงพยาบาลบางปะกอก 8,4-wheel pickup truck,speeding,rear-end collision,2,0,1,rainy,13.64713367,100.3827023,straight road,no slope
6680099,2022-04-18T19:55:00Z,2022-08-08T10:02:00Z,ปทุมธานี,Pathum Thani,department of highways,บางปะอิน - แขวงรามอินทรา,4-wheel pickup truck,speeding,rollover/fallen on straight road,1,0,0,rainy,14.05183032,100.6980228,straight road,no slope
6118940,2022-04-18T20:00:00Z,2022-04-18T21:03:00Z,สมุทรปราการ,Samut Prakan,department of highways,ทางเข้าท่าอากาศยานสุวรรณภูมิ - บางวัว,large passenger vehicle,speeding,rear-end collision,2,0,2,clear,13.622295190000001,100.7352438,straight road,no slope
7561542,2022-04-18T20:20:00Z,2023-01-17T10:26:00Z,กรุงเทพมหานคร,Bangkok,department of highways,บางบอน - โรงพยาบาลบางปะกอก 8,4-wheel pickup truck,speeding,rollover/fallen on straight road,1,0,2,rainy,13.64731612,100.3828391,straight road,no slope
6531290,2022-04-18T20:30:00Z,2022-07-11T08:54:00Z,นครปฐม,Nakhon Pathom,department of highways,พระประโทน - สระกระเทียม,4-wheel pickup truck,speeding,rollover/fallen on straight road,1,0,0,clear,13.79806572,99.97282057,straight road,no slope
6147888,2022-04-18T21:00:00Z,2022-05-01T15:43:00Z,ปทุมธานี,Pathum Thani,department of highways,สนามกีฬาธูปะเตมีย์ - ต่างระดับคลองหลวง,4-wheel pickup truck,speeding,rear-end collision,2,0,0,rainy,14.04648325,100.6166178,straight road,no slope
6918789,2022-04-18T21:51:00Z,2022-09-16T14:39:00Z,กรุงเทพมหานคร,Bangkok,department of highways,บางแค - คลองมหาสวัสดิ์,4-wheel pickup truck,speeding,rear-end collision,2,0,1,rainy,13.69360789,100.4075798,straight road,no slope
7561769,2022-04-18T22:30:00Z,2023-01-17T14:25:00Z,ปทุมธานี,Pathum Thani,department of highways,วัดนาบุญ - คลอง 14,4-wheel pickup truck,speeding,rollover/fallen on straight road,1,0,3,rainy,14.05084678,100.8179659,straight road,no slope
6143799,2022-04-19T00:07:00Z,2022-04-23T10:40:00Z,ปทุมธานี,Pathum Thani,department of highways,บางปะอิน - แขวงรามอินทรา,4-wheel pickup truck,speeding,rollover/fallen on straight road,1,0,0,clear,13.9455812,100.7116833,straight road,no slope
7554568,2022-04-19T04:00:00Z,2023-01-09T13:29:00Z,นนทบุรี,Nonthaburi,department of highways,บางบัวทอง - ไทรน้อย,motorcycle,speeding,rollover/fallen on straight road,1,0,0,clear,13.96073365,100.3568244,straight road,no slope
6680040,2022-04-19T09:52:00Z,2022-08-08T09:47:00Z,กรุงเทพมหานคร,Bangkok,department of highways,แขวงรามอินทรา - บางพลี,4-wheel pickup truck,speeding,rear-end collision,2,0,0,clear,13.76831433,100.6925297,straight road,no slope
7565203,2022-04-19T10:00:00Z,2023-01-20T09:21:00Z,ปทุมธานี,Pathum Thani,department of highways,ต่างระดับลาดหลุมแก้ว - แยกนพวงศ์,other,speeding,rollover/fallen on straight road,1,0,0,clear,14.03067811,100.3858083,straight road,no slope
6238881,2022-04-19T11:15:00Z,2022-05-20T10:39:00Z,ปทุมธานี,Pathum Thani,department of highways,ลำลูกกา - คลอง 16,4-wheel pickup truck,speeding,head-on collision (not overtaking),2,0,1,clear,13.95383305,100.8379617,straight road,no slope
6680073,2022-04-19T12:29:00Z,2022-08-08T09:57:00Z,กรุงเทพมหานคร,Bangkok,department of highways,บางปะอิน - แขวงรามอินทรา,private/passenger car,speeding,rollover/fallen on straight road,1,0,0,clear,13.90782462,100.6987524,straight road,no slope
7564958,2022-04-19T12:40:00Z,2023-01-20T06:30:00Z,กรุงเทพมหานคร,Bangkok,department of highways,บางนา - ทางเข้าท่าอากาศยานสุวรรณภูมิ,private/passenger car,speeding,rear-end collision,2,0,1,clear,13.66838467,100.6334017,other,other
7567907,2022-04-19T15:40:00Z,2023-01-24T07:25:00Z,นครปฐม,Nakhon Pathom,department of highways,ดอนตูม - ลำลูกบัว,4-wheel pickup truck,speeding,collision with obstruction (on road surface),2,0,0,rainy,13.96573132,100.0863612,other,other
6143800,2022-04-19T19:08:00Z,2022-04-23T10:53:00Z,ปทุมธานี,Pathum Thani,department of highways,บางปะอิน - แขวงรามอินทรา,private/passenger car,speeding,rear-end collision,2,0,1,clear,14.02099516,100.6994203,straight road,no slope
7008863,2022-04-20T07:00:00Z,2022-09-30T14:16:00Z,สมุทรปราการ,Samut Prakan,department of highways,ทางเข้าท่าอากาศยานสุวรรณภูมิ - บางวัว,large passenger vehicle,speeding,rear-end collision,3,0,0,clear,13.6076213,100.7691255,straight road,no slope
7564188,2022-04-20T07:40:00Z,2023-01-19T11:07:00Z,สมุทรสาคร,Samut Sakhon,department of highways,แสมดำ - สะพานข้ามแม่น้ำท่าจีนฝั่งตะวันตก,4-wheel pickup truck,vehicle equipment failure,rollover/fallen on straight road,1,0,0,clear,13.56176377,100.2757922,straight road,no slope
6679979,2022-04-20T08:35:00Z,2022-08-08T09:30:00Z,สมุทรปราการ,Samut Prakan,department of highways,แขวงคลองสองต้นนุ่น - พิมพา,private/passenger car,speeding,rollover/fallen on straight road,1,0,0,clear,13.66116655,100.8577537,straight road,no slope
6143806,2022-04-20T10:58:00Z,2022-04-23T12:33:00Z,กรุงเทพมหานคร,Bangkok,department of highways,ถนนศรีนครินทร - แขวงคลองสองต้นนุ่น,large truck with trailer,speeding,rear-end collision,2,0,0,clear,13.73191511,100.710428,straight road,no slope
6679657,2022-04-20T11:00:00Z,2022-08-08T08:55:00Z,สมุทรปราการ,Samut Prakan,department of highways,แขวงคลองสองต้นนุ่น - พิมพา,private/passenger car,speeding,rollover/fallen on straight road,1,0,0,clear,13.70173837,100.8241939,straight road,no slope
6138821,2022-04-20T12:39:00Z,2022-04-22T08:40:00Z,กรุงเทพมหานคร,Bangkok,expressway authority of thailand,รามอินทรา-อาจณรงค์,other,other,rear-end collision,3,0,0,clear,13.750301,100.603154,straight road,other
6143810,2022-04-21T04:10:00Z,2022-04-23T13:29:00Z,กรุงเทพมหานคร,Bangkok,department of highways,บางปะอิน - แขวงรามอินทรา,large truck with trailer,speeding,rear-end collision,2,0,0,clear,13.85933054,100.6761628,straight road,no slope
6680017,2022-04-21T06:01:00Z,2022-08-08T09:42:00Z,ปทุมธานี,Pathum Thani,department of highways,บางปะอิน - แขวงรามอินทรา,4-wheel pickup truck,speeding,rollover/fallen on straight road,1,0,0,clear,13.96738677,100.7130432,straight road,no slope
6680041,2022-04-21T07:10:00Z,2022-08-08T09:45:00Z,กรุงเทพมหานคร,Bangkok,department of highways,แขวงรามอินทรา - บางพลี,private/passenger car,speeding,rear-end collision,2,0,0,clear,13.69635978,100.6997394,straight road,no slope
6138822,2022-04-21T07:18:00Z,2022-04-22T08:40:00Z,กรุงเทพมหานคร,Bangkok,expressway authority of thailand,บางนา-ท่าเรือ,other,other,collision with obstruction (on road surface),1,0,0,clear,NA,NA,straight road,other
6679992,2022-04-21T08:16:00Z,2022-08-08T09:37:00Z,กรุงเทพมหานคร,Bangkok,department of highways,แขวงคลองสองต้นนุ่น - พิมพา,4-wheel pickup truck,speeding,rear-end collision,2,0,0,clear,13.7305472,100.7217979,straight road,no slope
6143813,2022-04-21T08:31:00Z,2022-04-23T14:28:00Z,กรุงเทพมหานคร,Bangkok,department of highways,ถนนศรีนครินทร - แขวงคลองสองต้นนุ่น,private/passenger car,speeding,rear-end collision,2,0,0,clear,13.7317692,100.7117396,straight road,no slope
7567883,2022-04-21T09:12:00Z,2023-01-24T07:11:00Z,นครปฐม,Nakhon Pathom,department of highways,นครปฐม - ดอนตูม,4-wheel pickup truck,vehicle equipment failure,rollover/fallen on straight road,1,0,0,clear,13.89410076,100.0613254,straight road,no slope
6149055,2022-04-21T09:34:00Z,2022-05-05T09:36:00Z,กรุงเทพมหานคร,Bangkok,expressway authority of thailand,พญาไท-ศรีนครินทร์,van,other,rear-end collision,7,0,0,rainy,13.74139227,100.6152614,grade-separated intersection/ramps,other
6147787,2022-04-21T14:03:00Z,2022-04-30T09:18:00Z,กรุงเทพมหานคร,Bangkok,department of highways,ถนนศรีนครินทร - แขวงคลองสองต้นนุ่น,4-wheel pickup truck,speeding,rear-end collision,2,0,0,clear,13.73170406,100.7119086,straight road,no slope
6138824,2022-04-21T17:40:00Z,2022-04-22T08:40:00Z,สมุทรปราการ,Samut Prakan,expressway authority of thailand,บางพลี-สุขสวัสดิ์,other,other,rear-end collision,3,0,1,clear,13.632354,100.577381,straight road,other
6138825,2022-04-22T07:18:00Z,2022-04-22T08:41:00Z,กรุงเทพมหานคร,Bangkok,expressway authority of thailand,บางนา-ท่าเรือ,other,other,collision with obstruction (on road surface),1,0,0,clear,NA,NA,straight road,other
6138832,2022-04-22T07:33:00Z,2022-04-22T08:43:00Z,กรุงเทพมหานคร,Bangkok,expressway authority of thailand,รามอินทรา-อาจณรงค์,other,other,rear-end collision,3,0,0,clear,13.773023,100.606756,straight road,other
7565010,2022-04-22T12:30:00Z,2023-01-20T07:02:00Z,สมุทรปราการ,Samut Prakan,department of highways,บางตำหรุ - คลองด่าน,4-wheel pickup truck,speeding,rear-end collision,2,0,1,clear,13.50842556,100.7186356,straight road,no slope
6149048,2022-04-22T14:38:00Z,2022-05-05T09:29:00Z,สมุทรปราการ,Samut Prakan,expressway authority of thailand,บางพลี-สุขสวัสดิ์,4-wheel pickup truck,other,rear-end collision,2,0,0,clear,13.624442,100.666943,straight road,other
6149045,2022-04-22T16:37:00Z,2022-05-05T09:28:00Z,สมุทรปราการ,Samut Prakan,expressway authority of thailand,บางพลี-สุขสวัสดิ์,other,other,rear-end collision,3,0,1,clear,13.637099,100.547235,straight road,other
6680015,2022-04-22T18:26:00Z,2022-08-08T09:44:00Z,ปทุมธานี,Pathum Thani,department of highways,บางปะอิน - แขวงรามอินทรา,private/passenger car,speeding,rear-end collision,2,0,0,clear,14.00351746,100.7071021,straight road,no slope
6149056,2022-04-22T19:40:00Z,2022-05-05T09:36:00Z,กรุงเทพมหานคร,Bangkok,expressway authority of thailand,พญาไท-ศรีนครินทร์,other,other,rear-end collision,2,0,0,clear,NA,NA,straight road,other
7560780,2022-04-22T22:15:00Z,2023-01-16T13:54:00Z,กรุงเทพมหานคร,Bangkok,department of highways,ดินแดง - งามวงศ์วาน,private/passenger car,speeding,rear-end collision,2,0,1,clear,13.78942803,100.561198,other,other
6566554,2022-04-22T23:57:00Z,2022-04-25T16:19:00Z,กรุงเทพมหานคร,Bangkok,department of rural roads,สะพานภูมิพลที่ 1 ไปสะพานภูมิพลที่ 2,motorcycle,driving under the influence of alcohol,other,1,0,1,clear,13.671214,100.53869,straight road,slope area
6178191,2022-04-23T05:30:00Z,2022-05-10T13:53:00Z,กรุงเทพมหานคร,Bangkok,department of highways,ถนนศรีนครินทร - แขวงคลองสองต้นนุ่น,private/passenger car,speeding,rollover/fallen on straight road,1,0,3,clear,13.73267593,100.7008204,straight road,no slope