acc_code,incident_datetime,report_datetime,province_th,province_en,agency,route,vehicle_type,presumed_cause,accident_type,number_of_vehicles_involved,number_of_fatalities,number_of_injuries,weather_condition,latitude,longitude,road_description,slope_description
6143792,2022-04-23T06:30:00Z,2022-04-23T07:17:00Z,กรุงเทพมหานคร,Bangkok,expressway authority of thailand,ดินแดง-ท่าเรือ,other,other,side collision,2,0,1,clear,NA,NA,wide curve,other
6531780,2022-04-23T11:15:00Z,2022-07-11T10:29:00Z,นครปฐม,Nakhon Pathom,department of highways,หนองตะเลา - รางพิกุล,motorcycle,cutting in closely by people/vehicles/animals,rear-end collision,2,0,3,clear,13.95315885,99.88450079,straight road,no slope
7561189,2022-04-23T14:53:00Z,2023-01-17T06:40:00Z,กรุงเทพมหานคร,Bangkok,department of highways,บางแค - คลองมหาสวัสดิ์,motorcycle,cutting in closely by people/vehicles/animals,rear-end collision,2,0,2,clear,13.69329648,100.4075986,straight road,no slope
6143898,2022-04-23T14:55:00Z,2022-04-24T15:18:00Z,กรุงเทพมหานคร,Bangkok,department of highways,แขวงรามอินทรา - บางพลี,4-wheel pickup truck,speeding,rear-end collision,2,0,0,clear,13.76197334,100.6956759,straight road,no slope
6679717,2022-04-23T17:52:00Z,2022-08-08T09:09:00Z,กรุงเทพมหานคร,Bangkok,department of highways,แขวงรามอินทรา - บางพลี,private/passenger car,speeding,rear-end collision,4,0,2,clear,13.66177122,100.6955203,straight road,no slope
6143820,2022-04-23T18:18:00Z,2022-04-23T22:30:00Z,กรุงเทพมหานคร,Bangkok,expressway authority of thailand,พญาไท-ศรีนครินทร์,other,other,collision with obstruction (on road surface),1,0,0,clear,NA,NA,straight road,other
6664350,2022-04-23T18:30:00Z,2022-08-05T14:45:00Z,ปทุมธานี,Pathum Thani,department of highways,บางปะอิน - แขวงรามอินทรา,large truck with trailer,speeding,rollover/fallen on straight road,1,0,1,clear,14.1189221,100.6764793,straight road,no slope
7567903,2022-04-23T19:00:00Z,2023-01-24T07:23:00Z,นครปฐม,Nakhon Pathom,department of highways,บ้านบ่อ - พระประโทน,4-wheel pickup truck,speeding,rollover/fallen on straight road,1,0,0,clear,13.7635052,100.0895423,straight road,no slope
6566543,2022-04-23T19:40:00Z,2022-04-25T16:19:00Z,สมุทรปราการ,Samut Prakan,department of rural roads,ออกจากสะพานภูมิพลที่ 2 ไปถนนวงแหวนอุตสาหกรรม,motorcycle,running red lights/traffic signals,other,1,0,1,clear,13.664281,100.534529,straight road,slope area
6233643,2022-04-23T19:51:00Z,2022-05-19T14:37:00Z,ปทุมธานี,Pathum Thani,department of highways,คลองบางไผ่ - คลองบางหลวง,large truck with trailer,speeding,rollover/fallen on straight road,1,0,0,clear,13.99408062,100.4465657,straight road,no slope
6149044,2022-04-23T23:06:00Z,2022-05-05T09:26:00Z,สมุทรปราการ,Samut Prakan,expressway authority of thailand,บางพลี-สุขสวัสดิ์,large truck with trailer,other,rear-end collision,3,0,0,clear,13.600836,100.639763,wide curve,other
6241403,2022-04-24T01:00:00Z,2022-05-23T09:01:00Z,นครปฐม,Nakhon Pathom,department of highways,อ้อมใหญ่ - นครชัยศรี,private/passenger car,speeding,rollover/fallen on curved road,3,0,1,clear,13.71001449,100.266509,wide curve,no slope
6679630,2022-04-24T03:20:00Z,2022-08-08T08:53:00Z,กรุงเทพมหานคร,Bangkok,department of highways,แขวงคลองสองต้นนุ่น - พิมพา,4-wheel pickup truck,vehicle equipment failure,rollover/fallen on straight road,1,0,1,clear,13.71315705,100.8185989,straight road,no slope
6566550,2022-04-24T12:30:00Z,2022-04-25T16:19:00Z,สมุทรปราการ,Samut Prakan,department of rural roads,สะพานภูมิพลที่ 1 ไปสะพานภูมิพลที่ 2,motorcycle,speeding,other,1,0,2,clear,13.66339,100.538761,wide curve,slope area
7565067,2022-04-25T01:00:00Z,2023-01-20T08:31:00Z,ปทุมธานี,Pathum Thani,department of highways,ต่างระดับรังสิต - วัดนาบุญ,private/passenger car,speeding,rollover/fallen on straight road,1,0,1,clear,13.99938986,100.6838152,straight road,no slope
6679631,2022-04-25T02:30:00Z,2022-08-08T08:53:00Z,กรุงเทพมหานคร,Bangkok,department of highways,แขวงคลองสองต้นนุ่น - พิมพา,6-wheel truck,vehicle equipment failure,rollover/fallen on straight road,1,0,0,clear,13.7321444,100.778811,straight road,no slope
6664328,2022-04-25T04:50:00Z,2022-08-05T14:40:00Z,กรุงเทพมหานคร,Bangkok,department of highways,บางปะอิน - แขวงรามอินทรา,7-10-wheel truck,vehicle equipment failure,other,1,0,0,clear,13.87137689,100.6799313,straight road,no slope
7564189,2022-04-25T05:50:00Z,2023-01-19T11:08:00Z,สมุทรสาคร,Samut Sakhon,department of highways,แสมดำ - สะพานข้ามแม่น้ำท่าจีนฝั่งตะวันตก,private/passenger car,speeding,rear-end collision,5,0,1,clear,13.57901907,100.3054815,straight road,no slope
6679719,2022-04-25T06:58:00Z,2022-08-08T09:06:00Z,กรุงเทพมหานคร,Bangkok,department of highways,แขวงคลองสองต้นนุ่น - พิมพา,private/passenger car,speeding,rear-end collision,2,0,0,clear,13.72972905,100.7290506,straight road,no slope
6664327,2022-04-25T08:49:00Z,2022-08-05T14:44:00Z,กรุงเทพมหานคร,Bangkok,department of highways,บางปะอิน - แขวงรามอินทรา,4-wheel pickup truck,speeding,rear-end collision,3,0,0,clear,13.87708215,100.6828818,straight road,no slope
6679656,2022-04-25T08:56:00Z,2022-08-08T08:59:00Z,สมุทรปราการ,Samut Prakan,department of highways,แขวงคลองสองต้นนุ่น - พิมพา,private/passenger car,vehicle equipment failure,other,1,0,0,clear,13.7025514,100.8238318,straight road,no slope
7561188,2022-04-25T09:00:00Z,2023-01-17T06:44:00Z,กรุงเทพมหานคร,Bangkok,department of highways,บางแค - คลองมหาสวัสดิ์,private/passenger car,other,rollover/fallen on straight road,1,0,0,clear,13.69299201,100.407451,straight road,no slope
6144075,2022-04-25T09:12:00Z,2022-04-25T12:48:00Z,กรุงเทพมหานคร,Bangkok,expressway authority of thailand,พญาไท-ศรีนครินทร์,4-wheel pickup truck,other,side collision,3,0,0,clear,13.76662402,100.5391511,straight road,other
6679653,2022-04-25T10:01:00Z,2022-08-08T08:56:00Z,สมุทรปราการ,Samut Prakan,department of highways,แขวงคลองสองต้นนุ่น - พิมพา,4-wheel pickup truck,speeding,rear-end collision,4,0,0,clear,13.64233769,100.8869013,straight road,no slope
6149125,2022-04-25T10:50:00Z,2022-05-05T11:45:00Z,กรุงเทพมหานคร,Bangkok,expressway authority of thailand,บางนา-ชลบุรี,other,other,rollover/fallen on straight road,1,0,0,clear,NA,NA,straight road,other
7561569,2022-04-25T12:31:00Z,2023-01-17T10:47:00Z,กรุงเทพมหานคร,Bangkok,department of highways,บางแค - คลองมหาสวัสดิ์,private/passenger car,speeding,rear-end collision,3,0,1,clear,13.67818787,100.40681,straight road,no slope
7560778,2022-04-25T16:15:00Z,2023-01-16T13:51:00Z,กรุงเทพมหานคร,Bangkok,department of highways,ดินแดง - งามวงศ์วาน,motorcycle,speeding,rear-end collision,2,0,1,clear,13.76433811,100.5481308,other,other
6679601,2022-04-25T23:30:00Z,2022-08-08T08:48:00Z,กรุงเทพมหานคร,Bangkok,department of highways,แขวงรามอินทรา - บางพลี,4-wheel pickup truck,speeding,rear-end collision,2,0,1,clear,13.79982396,100.6810284,straight road,no slope
6664322,2022-04-26T05:59:00Z,2022-08-05T14:43:00Z,ปทุมธานี,Pathum Thani,department of highways,บางปะอิน - แขวงรามอินทรา,private/passenger car,speeding,rear-end collision,2,0,0,clear,14.02717293,100.6981677,straight road,no slope
6566571,2022-04-26T10:45:00Z,2022-04-28T10:03:00Z,กรุงเทพมหานคร,Bangkok,department of rural roads,สะพานภูมิพลที่ 2 ไปสะพานภูมิพลที่ 1,motorcycle,unfamiliarity with the route/unskilled driving,other,2,0,1,clear,13.683343,100.54148,wide curve,no slope
7444598,2022-04-26T11:00:00Z,2022-12-08T14:11:00Z,สมุทรปราการ,Samut Prakan,department of highways,ไม่ทราบ,private/passenger car,speeding,rear-end collision,4,0,2,clear,13.59541409,100.8035477,straight road,no slope
6145505,2022-04-26T12:20:00Z,2022-04-27T08:54:00Z,ปทุมธานี,Pathum Thani,department of highways,บางปะอิน - แขวงรามอินทรา,private/passenger car,speeding,rear-end collision,2,0,0,rainy,13.92891523,100.707027,straight road,no slope
6663926,2022-04-26T12:20:00Z,2022-08-05T13:08:00Z,สมุทรปราการ,Samut Prakan,department of highways,แขวงคลองสองต้นนุ่น - พิมพา,large truck with trailer,speeding,rollover/fallen on straight road,1,0,0,clear,13.67236568,100.8402336,straight road,no slope
6566579,2022-04-26T18:44:00Z,2022-04-28T10:03:00Z,สมุทรปราการ,Samut Prakan,department of rural roads,ถนนวงแหวนอุตสาหกรรมเข้าสะพานภูมิพลที่ 1,motorcycle,abrupt lane change,other,2,0,1,clear,13.665541,100.521029,grade-separated intersection/ramps,other
6663928,2022-04-27T00:30:00Z,2022-08-05T13:06:00Z,กรุงเทพมหานคร,Bangkok,department of highways,บางปะอิน - แขวงรามอินทรา,large truck with trailer,falling asleep,rollover/fallen on straight road,1,0,1,clear,13.91590598,100.7029152,straight road,no slope
7008803,2022-04-27T04:00:00Z,2022-09-30T14:07:00Z,สมุทรปราการ,Samut Prakan,department of highways,ทางเข้าท่าอากาศยานสุวรรณภูมิ - บางวัว,7-10-wheel truck,falling asleep,rear-end collision,2,0,0,clear,13.61704251,100.7463884,straight road,no slope
7560776,2022-04-27T10:00:00Z,2023-01-16T13:50:00Z,กรุงเทพมหานคร,Bangkok,department of highways,ดินแดง - งามวงศ์วาน,private/passenger car,failure to yield right of way,rear-end collision,2,0,1,clear,13.83463434,100.5567643,other,other
6148287,2022-04-27T10:10:00Z,2022-05-03T09:35:00Z,กรุงเทพมหานคร,Bangkok,expressway authority of thailand,บางปะอิน-แจ้งวัฒนะ,other,other,side collision,1,0,0,clear,NA,NA,straight road,other
6145675,2022-04-27T10:16:00Z,2022-04-27T23:50:00Z,กรุงเทพมหานคร,Bangkok,expressway authority of thailand,ดาวคะนอง-ท่าเรือ,other,other,rear-end collision,5,0,0,clear,13.71237109,100.5533792,straight road,other
6663905,2022-04-27T15:30:00Z,2022-08-05T13:04:00Z,สมุทรปราการ,Samut Prakan,department of highways,แขวงคลองสองต้นนุ่น - พิมพา,4-wheel pickup truck,speeding,other,1,0,0,clear,13.65364457,100.8692953,straight road,no slope
6663955,2022-04-27T18:02:00Z,2022-08-05T13:13:00Z,สมุทรปราการ,Samut Prakan,department of highways,แขวงคลองสองต้นนุ่น - พิมพา,4-wheel pickup truck,speeding,rear-end collision,3,0,0,clear,13.66595694,100.8501765,straight road,no slope
7560774,2022-04-27T18:06:00Z,2023-01-16T13:45:00Z,กรุงเทพมหานคร,Bangkok,department of highways,ดินแดง - งามวงศ์วาน,private/passenger car,cutting in closely by people/vehicles/animals,rear-end collision,2,0,1,clear,13.77376943,100.55361,straight road,no slope
6566577,2022-04-27T20:15:00Z,2022-05-10T10:06:00Z,สมุทรปราการ,Samut Prakan,department of rural roads,ออกจากสะพานภูมิพลที่ 2 ไปถนนวงแหวนอุตสาหกรรม,motorcycle,unfamiliarity with the route/unskilled driving,other,1,0,1,clear,13.664755,100.518959,grade-separated intersection/ramps,other
6944702,2022-04-27T20:30:00Z,2022-09-20T14:17:00Z,นครปฐม,Nakhon Pathom,department of highways,ทางเข้านครชัยศรี,7-10-wheel truck,speeding,rollover/fallen on straight road,1,0,0,clear,13.79519521,100.1703787,straight road,no slope
7512388,2022-04-28T07:40:00Z,2022-12-27T14:37:00Z,กรุงเทพมหานคร,Bangkok,department of highways,ไม่ทราบ,motorcycle,illegal overtaking,side collision,2,0,0,clear,13.81753005,100.558855,straight road,no slope
7560771,2022-04-28T13:30:00Z,2023-01-16T13:43:00Z,กรุงเทพมหานคร,Bangkok,department of highways,ดินแดง - งามวงศ์วาน,private/passenger car,speeding,rear-end collision,3,0,0,clear,13.81753005,100.558855,straight road,no slope
6148014,2022-04-28T15:30:00Z,2022-05-02T10:05:00Z,นครปฐม,Nakhon Pathom,department of highways,ลาดบัวหลวง - สองพี่น้อง,4-wheel pickup truck,speeding,head-on collision (not overtaking),2,0,5,clear,14.16141107,100.2689552,straight road,no slope
6148938,2022-04-28T18:40:00Z,2022-05-04T18:01:00Z,กรุงเทพมหานคร,Bangkok,expressway authority of thailand,พญาไท-ศรีนครินทร์,other,other,rear-end collision,4,0,0,clear,13.76116193,100.5459946,straight road,other
6146471,2022-04-28T18:53:00Z,2022-04-28T20:30:00Z,กรุงเทพมหานคร,Bangkok,expressway authority of thailand,รามอินทรา-อาจณรงค์,other,other,rear-end collision,3,0,0,clear,13.765726,100.600939,straight road,other
7564259,2022-04-28T21:10:00Z,2023-01-19T11:46:00Z,สมุทรสาคร,Samut Sakhon,department of highways,อ้อมน้อย - สมุทรสาคร,4-wheel pickup truck,speeding,rollover/fallen on straight road,1,0,0,clear,13.63341535,100.2959946,straight road,no slope
6943047,2022-04-28T22:00:00Z,2022-09-20T08:29:00Z,นครปฐม,Nakhon Pathom,department of highways,ลำลูกบัว - หนองกระทุ่ม,4-wheel pickup truck,speeding,rollover/fallen on straight road,1,0,0,clear,14.02293646,99.89936559,straight road,no slope
6531316,2022-04-29T00:15:00Z,2022-07-11T08:56:00Z,นครปฐม,Nakhon Pathom,department of highways,พระประโทน - สระกระเทียม,4-wheel pickup truck,speeding,rollover/fallen on straight road,1,0,0,rainy,13.79763072,99.97077941,straight road,no slope
6147792,2022-04-29T00:48:00Z,2022-04-30T09:27:00Z,กรุงเทพมหานคร,Bangkok,department of highways,ถนนศรีนครินทร - แขวงคลองสองต้นนุ่น,private/passenger car,speeding,rear-end collision,2,0,1,clear,13.73284789,100.7019013,straight road,no slope
7565008,2022-04-29T06:45:00Z,2023-01-20T06:59:00Z,สมุทรปราการ,Samut Prakan,department of highways,บางพลี - กิ่งแก้ว,large truck with trailer,speeding,rear-end collision,2,0,27,clear,13.67281655,100.7213259,wide curve,no slope
7518408,2022-04-29T09:29:00Z,2022-12-29T11:39:00Z,สมุทรปราการ,Samut Prakan,expressway authority of thailand,บางพลี-สุขสวัสดิ์,4-wheel pickup truck,other,rear-end collision,2,0,0,clear,13.622481,100.665308,straight road,other
6663925,2022-04-29T11:15:00Z,2022-08-05T13:09:00Z,กรุงเทพมหานคร,Bangkok,department of highways,แขวงคลองสองต้นนุ่น - พิมพา,6-wheel truck,speeding,rear-end collision,3,0,1,clear,13.7293799,100.7372045,straight road,no slope
7008833,2022-04-29T12:45:00Z,2022-09-30T14:13:00Z,สมุทรปราการ,Samut Prakan,department of highways,ทางเข้าท่าอากาศยานสุวรรณภูมิ - บางวัว,private/passenger car,cutting in closely by people/vehicles/animals,rear-end collision,5,0,1,clear,13.60764997,100.7691389,straight road,no slope
6657774,2022-04-29T13:15:00Z,2022-08-04T13:59:00Z,กรุงเทพมหานคร,Bangkok,department of highways,ถนนศรีนครินทร - แขวงคลองสองต้นนุ่น,private/passenger car,speeding,rear-end collision,2,0,0,clear,13.73312408,100.6996241,straight road,no slope
7047489,2022-04-29T13:55:00Z,2022-10-06T10:36:00Z,กรุงเทพมหานคร,Bangkok,department of highways,บางแค - คลองมหาสวัสดิ์,4-wheel pickup truck,speeding,rear-end collision,3,0,0,clear,13.67912868,100.4068985,straight road,no slope
6651514,2022-04-29T16:27:00Z,2022-08-03T13:53:00Z,กรุงเทพมหานคร,Bangkok,department of highways,แขวงคลองสองต้นนุ่น - พิมพา,private/passenger car,speeding,rear-end collision,3,0,0,clear,13.72954666,100.7426548,straight road,no slope
6651550,2022-04-29T20:28:00Z,2022-08-03T13:55:00Z,สมุทรปราการ,Samut Prakan,department of highways,แขวงคลองสองต้นนุ่น - พิมพา,private/passenger car,speeding,rear-end collision,3,0,1,clear,13.63103287,100.90451,straight road,no slope
6147801,2022-04-29T21:55:00Z,2022-04-30T10:57:00Z,กรุงเทพมหานคร,Bangkok,department of highways,แขวงรามอินทรา - บางพลี,4-wheel pickup truck,speeding,rear-end collision,2,0,2,clear,13.76518814,100.6941578,straight road,no slope
6656472,2022-04-29T22:15:00Z,2022-08-04T08:51:00Z,กรุงเทพมหานคร,Bangkok,department of highways,ถนนศรีนครินทร - แขวงคลองสองต้นนุ่น,4-wheel pickup truck,falling asleep,rollover/fallen on straight road,1,0,1,clear,13.73171188,100.7095992,other,other
6656690,2022-04-29T22:50:00Z,2022-08-04T09:37:00Z,กรุงเทพมหานคร,Bangkok,department of highways,แขวงรามอินทรา - บางพลี,motorcycle,speeding,rear-end collision,2,0,1,clear,13.80805755,100.6788263,straight road,no slope
6243091,2022-04-29T23:54:00Z,2022-05-25T10:00:00Z,ปทุมธานี,Pathum Thani,department of highways,สนามกีฬาธูปเตมีย์ - ลำลูกกา,4-wheel pickup truck,vehicle equipment failure,collision with obstruction (on road surface),1,0,1,clear,13.95062345,100.6341648,other,other
6149095,2022-04-30T10:00:00Z,2022-05-05T11:03:00Z,กรุงเทพมหานคร,Bangkok,department of highways,บางปะอิน - แขวงรามอินทรา,4-wheel pickup truck,speeding,rear-end collision,5,0,4,clear,13.88846361,100.6884903,straight road,no slope
7564957,2022-04-30T11:00:00Z,2023-01-20T06:34:00Z,กรุงเทพมหานคร,Bangkok,department of highways,บางนา - ทางเข้าท่าอากาศยานสุวรรณภูมิ,private/passenger car,speeding,rear-end collision,2,0,2,clear,13.6686062,100.6305613,straight road,no slope
6651546,2022-04-30T13:12:00Z,2022-08-03T13:57:00Z,สมุทรปราการ,Samut Prakan,department of highways,แขวงคลองสองต้นนุ่น - พิมพา,private/passenger car,speeding,rear-end collision,2,0,0,clear,13.66700466,100.8485699,straight road,no slope
6651569,2022-04-30T13:25:00Z,2022-08-03T14:00:00Z,สมุทรปราการ,Samut Prakan,department of highways,แขวงคลองสองต้นนุ่น - พิมพา,private/passenger car,speeding,rear-end collision,2,0,0,clear,13.62417465,100.9152174,straight road,no slope
6148049,2022-04-30T17:08:00Z,2022-05-02T10:39:00Z,ปทุมธานี,Pathum Thani,department of highways,บางปะอิน - แขวงรามอินทรา,large truck with trailer,speeding,rear-end collision,2,0,0,clear,13.9500768,100.7124585,straight road,no slope
6149066,2022-04-30T20:10:00Z,2022-05-05T10:12:00Z,สมุทรปราการ,Samut Prakan,expressway authority of thailand,บางพลี-สุขสวัสดิ์,other,other,rear-end collision,3,0,0,clear,13.602119,100.651355,straight road,other
6566585,2022-04-30T20:50:00Z,2022-05-03T15:07:00Z,สมุทรปราการ,Samut Prakan,department of rural roads,สะพานภูมิพลที่ 1 ไปสะพานภูมิพลที่ 2,motorcycle,speeding,other,2,0,1,clear,13.656102,100.540635,straight road,slope area
6281735,2022-05-01T02:00:00Z,2022-05-31T07:37:00Z,กรุงเทพมหานคร,Bangkok,department of highways,แยก คปอ. - สนามกีฬาธูปะเตมีย์,private/passenger car,speeding,rollover/fallen on straight road,1,0,0,clear,13.94343099,100.6235808,straight road,no slope
6288591,2022-05-01T03:09:00Z,2022-06-01T09:53:00Z,กรุงเทพมหานคร,Bangkok,expressway authority of thailand,บางพลี-สุขสวัสดิ์,other,other,rollover/fallen on straight road,1,0,1,clear,NA,NA,straight road,other
6566591,2022-05-01T03:13:00Z,2022-05-03T15:09:00Z,กรุงเทพมหานคร,Bangkok,department of rural roads,สะพานภูมิพลที่ 1 ไปสะพานภูมิพลที่ 2,private/passenger car,speeding,other,2,0,0,clear,13.669619,100.538567,straight road,slope area
6281714,2022-05-01T15:20:00Z,2022-05-31T07:33:00Z,นครปฐม,Nakhon Pathom,department of highways,อ้อมใหญ่ - นครชัยศรี,4-wheel pickup truck,speeding,rollover/fallen on straight road,1,0,1,clear,13.72613594,100.2523631,straight road,no slope
7443856,2022-05-01T16:15:00Z,2022-12-08T10:37:00Z,กรุงเทพมหานคร,Bangkok,department of highways,ไม่ทราบ,private/passenger car,speeding,rear-end collision,2,0,0,clear,13.68013595,100.4717396,straight road,no slope
7444407,2022-05-01T20:15:00Z,2022-12-08T10:45:00Z,กรุงเทพมหานคร,Bangkok,department of highways,ไม่ทราบ,private/passenger car,speeding,rear-end collision,2,0,1,clear,13.67912738,100.4681119,straight road,no slope
6318299,2022-05-02T04:28:00Z,2022-06-06T11:05:00Z,สมุทรปราการ,Samut Prakan,expressway authority of thailand,บางพลี-สุขสวัสดิ์,4-wheel pickup truck,other,rear-end collision,2,0,0,clear,13.631415,100.580982,grade-separated intersection/ramps,other
6203793,2022-05-02T05:00:00Z,2022-05-14T12:44:00Z,กรุงเทพมหานคร,Bangkok,department of highways,บางปะอิน - แขวงรามอินทรา,4-wheel pickup truck,speeding,rollover/fallen on curved road,1,0,0,rainy,13.82999586,100.6743336,wide curve,no slope
6148160,2022-05-02T06:40:00Z,2022-05-02T14:27:00Z,กรุงเทพมหานคร,Bangkok,expressway authority of thailand,พญาไท-ศรีนครินทร์,other,other,collision with obstruction (on road surface),1,0,0,rainy,NA,NA,straight road,other
6203753,2022-05-02T07:15:00Z,2022-05-14T12:33:00Z,กรุงเทพมหานคร,Bangkok,department of highways,แขวงคลองสองต้นนุ่น - พิมพา,6-wheel truck,speeding,rollover/fallen on straight road,1,0,0,clear,13.729518,100.7435775,other,other
6205172,2022-05-02T08:55:00Z,2022-05-14T18:06:00Z,ปทุมธานี,Pathum Thani,department of highways,บางปะอิน - แขวงรามอินทรา,private/passenger car,speeding,rear-end collision,2,0,4,clear,14.00930013,100.7042616,straight road,no slope
6566607,2022-05-02T09:30:00Z,2022-05-12T08:44:00Z,กรุงเทพมหานคร,Bangkok,department of rural roads,สะพานภูมิพลที่ 1 ไปสะพานภูมิพลที่ 2,private/passenger car,speeding,other,2,0,0,clear,13.670046,100.538561,straight road,slope area
6148316,2022-05-02T10:50:00Z,2022-05-03T11:32:00Z,กรุงเทพมหานคร,Bangkok,department of highways,แขวงรามอินทรา - บางพลี,private/passenger car,speeding,collision with obstruction (on road surface),4,0,0,clear,13.74108905,100.7029796,straight road,no slope
6258528,2022-05-02T12:00:00Z,2022-05-27T09:01:00Z,กรุงเทพมหานคร,Bangkok,department of highways,แขวงคลองสองต้นนุ่น - พิมพา,private/passenger car,speeding,rear-end collision,5,0,4,clear,13.73184476,100.7679024,straight road,no slope
6170965,2022-05-02T13:25:00Z,2022-05-09T11:29:00Z,กรุงเทพมหานคร,Bangkok,department of highways,แขวงคลองสองต้นนุ่น - พิมพา,private/passenger car,speeding,rear-end collision,2,0,0,clear,13.7297082,100.7535821,straight road,no slope
6148163,2022-05-02T13:29:00Z,2022-05-02T14:32:00Z,กรุงเทพมหานคร,Bangkok,expressway authority of thailand,พญาไท-บางโคล่,other,other,rear-end collision,3,0,0,clear,13.76594083,100.5272833,straight road,other
6170919,2022-05-02T14:25:00Z,2022-05-09T11:16:00Z,กรุงเทพมหานคร,Bangkok,department of highways,แขวงคลองสองต้นนุ่น - พิมพา,private/passenger car,speeding,rear-end collision,2,0,0,clear,13.73272283,100.7887995,straight road,no slope
6149093,2022-05-02T19:00:00Z,2022-05-05T10:57:00Z,สมุทรปราการ,Samut Prakan,department of highways,ราษฎร์บูรณะ - พระสมุทรเจดีย์,private/passenger car,speeding,rollover/fallen on straight road,1,0,0,clear,13.64889825,100.5229202,straight road,no slope
6203750,2022-05-02T23:00:00Z,2022-05-14T12:31:00Z,ปทุมธานี,Pathum Thani,department of highways,บางปะอิน - แขวงรามอินทรา,4-wheel pickup truck,speeding,rollover/fallen on curved road,1,0,0,clear,14.00757211,100.7028374,other,other
6148379,2022-05-03T00:30:00Z,2022-05-03T13:45:00Z,กรุงเทพมหานคร,Bangkok,department of highways,บางปะอิน - แขวงรามอินทรา,private/passenger car,speeding,rear-end collision,2,0,0,clear,13.89254633,100.6905931,straight road,no slope
6374442,2022-05-03T02:26:00Z,2022-06-15T09:43:00Z,สมุทรสาคร,Samut Sakhon,department of highways,อ้อมน้อย - สมุทรสาคร,motorcycle,speeding,rollover/fallen on curved road,1,1,0,clear,13.65609459,100.2743062,wide curve,no slope
6318245,2022-05-03T07:33:00Z,2022-06-06T11:00:00Z,กรุงเทพมหานคร,Bangkok,expressway authority of thailand,รามอินทรา-วงแหวนรอบนอก,other,other,rear-end collision,2,0,0,clear,NA,NA,straight road,other
6148458,2022-05-03T07:42:00Z,2022-05-03T15:59:00Z,กรุงเทพมหานคร,Bangkok,expressway authority of thailand,แจ้งวัฒนะ-พญาไท,other,other,rear-end collision,3,0,1,clear,13.78035677,100.5337848,straight road,other
6318231,2022-05-03T08:02:00Z,2022-06-06T10:59:00Z,กรุงเทพมหานคร,Bangkok,expressway authority of thailand,รามอินทรา-อาจณรงค์,other,other,rear-end collision,2,0,0,clear,13.801227,100.61554,straight road,other
6242081,2022-05-03T08:25:00Z,2022-05-24T09:15:00Z,สมุทรสาคร,Samut Sakhon,department of highways,สะพานข้ามแม่น้ำท่าจีนฝั่งตะวันตก - นาโคก,4-wheel pickup truck,speeding,rear-end collision,2,0,1,clear,13.53757869,100.2233308,straight road,no slope
6205173,2022-05-03T12:29:00Z,2022-05-14T18:09:00Z,กรุงเทพมหานคร,Bangkok,department of highways,แขวงคลองสองต้นนุ่น - พิมพา,private/passenger car,speeding,rear-end collision,3,0,0,clear,13.72961961,100.7481211,straight road,no slope
6318050,2022-05-03T15:04:00Z,2022-06-06T10:43:00Z,กรุงเทพมหานคร,Bangkok,expressway authority of thailand,บางพลี-สุขสวัสดิ์,other,other,side collision,1,0,0,clear,NA,NA,straight road,other
7561673,2022-05-03T19:15:00Z,2023-01-17T12:03:00Z,กรุงเทพมหานคร,Bangkok,department of highways,ดาวคะนอง -  แสมดำ,private/passenger car,reversing vehicle,collision with obstruction (on road surface),2,0,1,clear,13.67915083,100.4681656,straight road,no slope
6242141,2022-05-04T02:45:00Z,2022-05-24T10:12:00Z,กรุงเทพมหานคร,Bangkok,department of highways,คลองประปา - คันนายาว,private/passenger car,speeding,rollover/fallen on straight road,1,0,2,clear,13.83534534,100.6659248,other,other
6701804,2022-05-04T03:00:00Z,2022-08-11T12:27:00Z,ปทุมธานี,Pathum Thani,department of highways,บางคูวัด - บางพูน,4-wheel pickup truck,speeding,rollover/fallen on straight road,1,0,0,clear,13.97453944,100.5763364,straight road,no slope
6178341,2022-05-04T12:51:00Z,2022-05-10T14:16:00Z,กรุงเทพมหานคร,Bangkok,department of highways,ถนนศรีนครินทร - แขวงคลองสองต้นนุ่น,4-wheel pickup truck,speeding,rear-end collision,3,0,0,clear,13.73577649,100.6741619,straight road,no slope
6318235,2022-05-04T13:43:00Z,2022-06-06T10:59:00Z,กรุงเทพมหานคร,Bangkok,expressway authority of thailand,รามอินทรา-อาจณรงค์,other,other,collision with obstruction (on road surface),1,0,0,clear,13.757678,100.595626,straight road,other