acc_code,incident_datetime,report_datetime,province_th,province_en,agency,route,vehicle_type,presumed_cause,accident_type,number_of_vehicles_involved,number_of_fatalities,number_of_injuries,weather_condition,latitude,longitude,road_description,slope_description
6566612,2022-05-04T19:12:00Z,2022-05-12T08:44:00Z,สมุทรปราการ,Samut Prakan,department of rural roads,สะพานภูมิพลที่ 1 ไปสะพานภูมิพลที่ 2,passenger pickup truck,unfamiliarity with the route/unskilled driving,other,2,0,2,clear,13.662518,100.539012,straight road,no slope
6566598,2022-05-04T21:20:00Z,2022-05-10T10:09:00Z,นนทบุรี,Nonthaburi,department of rural roads,ถนนราชพฤกษ์,motorcycle,cutting in closely by people/vehicles/animals,other,2,1,0,clear,13.834453,100.447129,y-intersection,other
7569113,2022-05-04T23:30:00Z,2023-01-25T09:16:00Z,กรุงเทพมหานคร,Bangkok,department of highways,บางแค - คลองมหาสวัสดิ์,6-wheel truck,speeding,rear-end collision,2,0,0,clear,13.69367148,100.4074701,straight road,no slope
7444699,2022-05-05T02:00:00Z,2022-12-08T14:13:00Z,สมุทรปราการ,Samut Prakan,department of highways,ไม่ทราบ,large truck with trailer,speeding,rear-end collision,2,0,1,clear,13.59536455,100.8036791,straight road,no slope
6242137,2022-05-05T02:50:00Z,2022-05-24T10:11:00Z,กรุงเทพมหานคร,Bangkok,department of highways,มีนบุรี - แยกเคหะร่มเกล้า,private/passenger car,speeding,rollover/fallen on straight road,1,1,0,clear,13.78686218,100.7462221,straight road,no slope
6149141,2022-05-05T10:37:00Z,2022-05-05T13:03:00Z,กรุงเทพมหานคร,Bangkok,expressway authority of thailand,แจ้งวัฒนะ-พญาไท,other,other,rear-end collision,2,0,0,clear,NA,NA,straight road,other
6242091,2022-05-05T11:10:00Z,2022-05-24T09:27:00Z,สมุทรปราการ,Samut Prakan,department of highways,บางนา - ทางเข้าท่าอากาศยานสุวรรณภูมิ,private/passenger car,speeding,rollover/fallen on straight road,1,0,0,clear,13.64171994,100.6969902,straight road,no slope
6242077,2022-05-05T13:50:00Z,2022-05-24T09:12:00Z,สมุทรสาคร,Samut Sakhon,department of highways,แสมดำ - สะพานข้ามแม่น้ำท่าจีนฝั่งตะวันตก,private/passenger car,speeding,rear-end collision,2,0,1,clear,13.58070073,100.3087297,other,other
6317874,2022-05-05T15:21:00Z,2022-06-06T10:23:00Z,กรุงเทพมหานคร,Bangkok,expressway authority of thailand,ดาวคะนอง-ท่าเรือ,other,other,rear-end collision,3,0,0,clear,13.68857581,100.5223175,grade-separated intersection/ramps,other
6170657,2022-05-05T18:22:00Z,2022-05-09T10:29:00Z,สมุทรปราการ,Samut Prakan,department of highways,แขวงคลองสองต้นนุ่น - พิมพา,private/passenger car,speeding,rear-end collision,2,0,0,clear,13.66349399,100.8539986,straight road,no slope
6566622,2022-05-05T21:30:00Z,2022-05-12T08:48:00Z,กรุงเทพมหานคร,Bangkok,department of rural roads,จุดเชื่อมต่อถนนวงแหวนอุตสาหกรรมเข้าสะพานภูมิพลที่ 2,private/passenger car,failure to yield right of way,other,2,0,0,clear,13.664435,100.517367,y-intersection,other
6153160,2022-05-05T23:09:00Z,2022-05-06T04:50:00Z,กรุงเทพมหานคร,Bangkok,expressway authority of thailand,แจ้งวัฒนะ-พญาไท,other,other,other,1,0,2,clear,NA,NA,wide curve,other
6423300,2022-05-06T00:16:00Z,2022-06-23T11:14:00Z,กรุงเทพมหานคร,Bangkok,expressway authority of thailand,แจ้งวัฒนะ-พญาไท,other,other,rear-end collision,2,0,0,clear,13.80676244,100.5473192,straight road,other
7564274,2022-05-06T01:00:00Z,2023-01-19T12:01:00Z,สมุทรสาคร,Samut Sakhon,department of highways,สะพานข้ามแม่น้ำท่าจีนฝั่งตะวันตก - นาโคก,private/passenger car,cutting in closely by people/vehicles/animals,rear-end collision,2,0,0,clear,13.51038417,100.1397371,straight road,no slope
6318068,2022-05-06T10:25:00Z,2022-06-06T10:44:00Z,สมุทรปราการ,Samut Prakan,expressway authority of thailand,บางพลี-สุขสวัสดิ์,large truck with trailer,other,side collision,3,0,0,clear,13.626587,100.66871,straight road,other
6183761,2022-05-06T13:30:00Z,2022-05-11T09:38:00Z,กรุงเทพมหานคร,Bangkok,department of highways,แขวงรามอินทรา - บางพลี,4-wheel pickup truck,speeding,rollover/fallen on straight road,1,0,3,clear,13.80430415,100.6796229,straight road,no slope
6170770,2022-05-06T13:47:00Z,2022-05-09T10:46:00Z,สมุทรปราการ,Samut Prakan,department of highways,แขวงคลองสองต้นนุ่น - พิมพา,private/passenger car,speeding,rear-end collision,5,0,0,clear,13.66644952,100.8494094,straight road,no slope
6288664,2022-05-06T21:50:00Z,2022-06-01T10:06:00Z,สมุทรปราการ,Samut Prakan,expressway authority of thailand,บางนา-ชลบุรี,4-wheel pickup truck,other,rear-end collision,2,0,1,clear,13.597115,100.79815,straight road,other
6701805,2022-05-06T23:00:00Z,2022-08-11T12:26:00Z,ปทุมธานี,Pathum Thani,department of highways,สะพานข้ามแม่น้ำเจ้าพระยาปทุมธานี - ต่างระดับลาดหลุมแก้ว,4-wheel pickup truck,speeding,rear-end collision,2,0,1,clear,14.0312688,100.4953819,other,other
6204378,2022-05-07T03:00:00Z,2022-05-14T14:58:00Z,ปทุมธานี,Pathum Thani,department of highways,บางปะอิน - แขวงรามอินทรา,private/passenger car,falling asleep,rollover/fallen on straight road,1,0,1,clear,14.00332748,100.7065362,straight road,no slope
6170629,2022-05-07T06:19:00Z,2022-05-09T10:20:00Z,ปทุมธานี,Pathum Thani,department of highways,บางปะอิน - แขวงรามอินทรา,large truck with trailer,speeding,rear-end collision,2,0,0,clear,14.06092655,100.6974703,straight road,no slope
6170682,2022-05-07T08:46:00Z,2022-05-09T10:34:00Z,ปทุมธานี,Pathum Thani,department of highways,บางปะอิน - แขวงรามอินทรา,4-wheel pickup truck,speeding,rear-end collision,3,0,0,clear,14.04993869,100.6984573,straight road,no slope
6203933,2022-05-07T09:30:00Z,2022-05-14T13:14:00Z,กรุงเทพมหานคร,Bangkok,department of highways,แขวงคลองสองต้นนุ่น - พิมพา,other,speeding,rear-end collision,4,0,0,clear,13.7295649,100.745388,straight road,no slope
7007800,2022-05-07T12:00:00Z,2022-09-30T10:52:00Z,สมุทรสาคร,Samut Sakhon,department of highways,บ้านบ่อ - พระประโทน,4-wheel pickup truck,speeding,rollover/fallen on straight road,1,0,1,rainy,13.64247584,100.0918436,other,other
6204520,2022-05-07T13:28:00Z,2022-05-14T15:27:00Z,ปทุมธานี,Pathum Thani,department of highways,บางปะอิน - แขวงรามอินทรา,4-wheel pickup truck,speeding,rollover/fallen on straight road,1,0,0,rainy,14.11888308,100.6765222,straight road,no slope
6170561,2022-05-07T13:51:00Z,2022-05-09T10:12:00Z,ปทุมธานี,Pathum Thani,department of highways,บางปะอิน - แขวงรามอินทรา,4-wheel pickup truck,speeding,rear-end collision,2,0,0,rainy,13.99268562,100.711745,straight road,no slope
7569112,2022-05-07T13:57:00Z,2023-01-25T09:15:00Z,กรุงเทพมหานคร,Bangkok,department of highways,บางแค - คลองมหาสวัสดิ์,private/passenger car,cutting in closely by people/vehicles/animals,rear-end collision,2,0,1,clear,13.67622278,100.4065459,straight road,no slope
7569099,2022-05-07T14:32:00Z,2023-01-25T09:14:00Z,กรุงเทพมหานคร,Bangkok,department of highways,บางแค - คลองมหาสวัสดิ์,motorcycle,speeding,rollover/fallen on straight road,1,0,1,clear,13.67815989,100.4066618,straight road,no slope
6318301,2022-05-07T22:15:00Z,2022-06-06T11:05:00Z,สมุทรปราการ,Samut Prakan,expressway authority of thailand,บางพลี-สุขสวัสดิ์,other,other,rear-end collision,4,0,0,clear,13.635503,100.565804,straight road,other
6171729,2022-05-08T01:15:00Z,2022-05-09T14:15:00Z,ปทุมธานี,Pathum Thani,department of highways,บางปะอิน - แขวงรามอินทรา,private/passenger car,speeding,rollover/fallen on straight road,1,0,0,clear,13.93371313,100.7131719,straight road,no slope
6643813,2022-05-08T01:30:00Z,2022-08-02T08:34:00Z,สมุทรสาคร,Samut Sakhon,department of highways,อ้อมน้อย - สมุทรสาคร,4-wheel pickup truck,speeding,rollover/fallen on straight road,1,0,0,clear,13.65136395,100.2780881,straight road,no slope
6950246,2022-05-08T01:30:00Z,2022-09-21T11:02:00Z,สมุทรปราการ,Samut Prakan,department of highways,คู้บอน - ประเวศ,private/passenger car,speeding,rollover/fallen on straight road,1,0,1,clear,13.65165587,100.6881147,other,other
6183896,2022-05-08T03:19:00Z,2022-05-11T09:57:00Z,กรุงเทพมหานคร,Bangkok,department of highways,แขวงรามอินทรา - บางพลี,7-10-wheel truck,speeding,rear-end collision,2,0,0,clear,13.71381891,100.7003188,straight road,no slope
6488892,2022-05-08T03:30:00Z,2022-07-04T11:27:00Z,กรุงเทพมหานคร,Bangkok,department of highways,คันนายาว - แยกเข้ามีนบุรี,private/passenger car,speeding,rollover/fallen on straight road,1,0,0,clear,13.81270167,100.7163477,straight road,no slope
6319983,2022-05-08T04:20:00Z,2022-06-06T15:51:00Z,สมุทรปราการ,Samut Prakan,department of highways,บางพลี - กิ่งแก้ว,private/passenger car,speeding,rear-end collision,3,0,1,clear,13.68243062,100.7253304,straight road,no slope
6176806,2022-05-08T04:30:00Z,2022-05-10T09:45:00Z,กรุงเทพมหานคร,Bangkok,department of highways,บางปะอิน - แขวงรามอินทรา,4-wheel pickup truck,speeding,rollover/fallen on straight road,1,0,0,clear,13.8210442,100.6751087,straight road,no slope
6368424,2022-05-08T05:00:00Z,2022-06-14T10:56:00Z,สมุทรสาคร,Samut Sakhon,department of highways,สะพานข้ามแม่น้ำท่าจีนฝั่งตะวันตก - นาโคก,4-wheel pickup truck,speeding,rollover/fallen on straight road,1,0,4,rainy,13.52748151,100.1931909,straight road,no slope
6242092,2022-05-08T10:00:00Z,2022-05-24T09:25:00Z,กรุงเทพมหานคร,Bangkok,department of highways,อุดมสุข - สมุทรปราการ,4-wheel pickup truck,speeding,rollover/fallen on straight road,1,0,0,clear,13.66328028,100.6438368,other,other
7561802,2022-05-08T10:00:00Z,2023-01-17T14:47:00Z,นนทบุรี,Nonthaburi,department of highways,แยกพงษ์เพชร - สะพานพระนั่งเกล้า,other,speeding,rollover/fallen on straight road,1,0,0,clear,13.85997375,100.5149326,straight road,no slope
6191424,2022-05-08T15:00:00Z,2022-05-12T13:27:00Z,ปทุมธานี,Pathum Thani,department of highways,บางปะอิน - แขวงรามอินทรา,4-wheel pickup truck,speeding,rollover/fallen on straight road,1,0,0,clear,14.01289406,100.7029635,straight road,no slope
6242125,2022-05-09T02:20:00Z,2022-05-24T10:03:00Z,ปทุมธานี,Pathum Thani,department of highways,ต่างระดับลาดหลุมแก้ว - แยกนพวงศ์,large truck with trailer,speeding,rollover/fallen on curved road,1,0,0,clear,14.056277,100.4461822,other,other
6170407,2022-05-09T02:23:00Z,2022-05-09T09:48:00Z,กรุงเทพมหานคร,Bangkok,department of highways,แขวงคลองสองต้นนุ่น - พิมพา,large truck with trailer,speeding,rear-end collision,2,0,0,clear,13.72972644,100.7290506,straight road,no slope
7476809,2022-05-09T06:00:00Z,2022-12-21T10:04:00Z,สมุทรสาคร,Samut Sakhon,department of highways,ไม่ทราบ,bicycle,speeding,rear-end collision,2,0,0,clear,13.61646641,100.2897745,straight road,no slope
6242101,2022-05-09T06:30:00Z,2022-05-24T09:37:00Z,นนทบุรี,Nonthaburi,department of highways,คลองบางไผ่ - คลองบางหลวง,7-10-wheel truck,speeding,rollover/fallen on straight road,1,0,0,clear,13.97524481,100.4364431,straight road,no slope
7561671,2022-05-09T11:28:00Z,2023-01-17T12:01:00Z,กรุงเทพมหานคร,Bangkok,department of highways,ดาวคะนอง -  แสมดำ,private/passenger car,cutting in closely by people/vehicles/animals,rear-end collision,2,0,0,clear,13.62410036,100.3910413,straight road,no slope
6251928,2022-05-09T14:20:00Z,2022-05-26T07:52:00Z,สมุทรสาคร,Samut Sakhon,department of highways,บ้านบ่อ - พระประโทน,4-wheel pickup truck,speeding,rollover/fallen on straight road,1,0,0,rainy,13.63386108,100.0933644,straight road,no slope
6252494,2022-05-09T16:16:00Z,2022-05-26T10:05:00Z,กรุงเทพมหานคร,Bangkok,department of highways,แขวงคลองสองต้นนุ่น - พิมพา,private/passenger car,speeding,rear-end collision,3,0,0,rainy,13.72972905,100.7290506,straight road,no slope
6173693,2022-05-09T18:50:00Z,2022-05-09T21:09:00Z,กรุงเทพมหานคร,Bangkok,expressway authority of thailand,บางนา-ชลบุรี,other,other,rollover/fallen on straight road,1,0,0,clear,NA,NA,straight road,other
6204400,2022-05-10T00:05:00Z,2022-05-14T15:01:00Z,กรุงเทพมหานคร,Bangkok,department of highways,บางปะอิน - แขวงรามอินทรา,private/passenger car,speeding,rollover/fallen on straight road,1,0,0,clear,13.82740182,100.6739446,straight road,no slope
6318304,2022-05-10T02:13:00Z,2022-06-06T11:06:00Z,สมุทรปราการ,Samut Prakan,expressway authority of thailand,บางพลี-สุขสวัสดิ์,large truck with trailer,other,rear-end collision,2,0,0,clear,13.602761,100.634562,straight road,other
6226139,2022-05-10T03:20:00Z,2022-05-18T11:29:00Z,กรุงเทพมหานคร,Bangkok,department of highways,แขวงรามอินทรา - บางพลี,4-wheel pickup truck,speeding,rollover/fallen on straight road,1,0,0,rainy,13.76150961,100.6961506,straight road,no slope
6318200,2022-05-10T08:12:00Z,2022-06-06T10:56:00Z,กรุงเทพมหานคร,Bangkok,expressway authority of thailand,รามอินทรา-อาจณรงค์,van,other,rear-end collision,4,0,0,clear,13.774803,100.607032,grade-separated intersection/ramps,other
6177094,2022-05-10T09:29:00Z,2022-05-10T10:22:00Z,กรุงเทพมหานคร,Bangkok,expressway authority of thailand,แจ้งวัฒนะ-พญาไท,large passenger vehicle,other,rear-end collision,3,0,0,clear,NA,NA,wide curve,other
6207803,2022-05-10T11:30:00Z,2022-05-15T05:46:00Z,กรุงเทพมหานคร,Bangkok,department of highways,บางปะอิน - แขวงรามอินทรา,private/passenger car,speeding,rear-end collision,2,0,0,clear,13.83638449,100.6733733,straight road,no slope
6242064,2022-05-10T15:50:00Z,2022-05-24T08:58:00Z,สมุทรสาคร,Samut Sakhon,department of highways,แสมดำ - สะพานข้ามแม่น้ำท่าจีนฝั่งตะวันตก,4-wheel pickup truck,vehicle equipment failure,rollover/fallen on straight road,1,0,1,clear,13.58070073,100.3087297,other,other
6494262,2022-05-10T21:50:00Z,2022-07-05T08:58:00Z,กรุงเทพมหานคร,Bangkok,department of highways,รัชดาภิเษก - รามอินทรา,private/passenger car,speeding,rollover/fallen on straight road,1,0,0,clear,13.81965597,100.656757,straight road,no slope
6566628,2022-05-11T00:51:00Z,2022-05-12T08:57:00Z,สมุทรปราการ,Samut Prakan,department of rural roads,จุดเชื่อมต่อสะพานภูมิพลที่ 1 เข้าถนนวงแหวนอุตสาหกรรม,7-10-wheel truck,dangerous curve,other,2,0,2,clear,13.664173,100.536771,grade-separated intersection/ramps,other
6196693,2022-05-11T08:59:00Z,2022-05-13T09:19:00Z,สมุทรปราการ,Samut Prakan,department of highways,แขวงรามอินทรา - บางพลี,private/passenger car,speeding,rear-end collision,2,0,0,rainy,13.65208333,100.6888604,other,other
6242066,2022-05-11T11:50:00Z,2022-05-24T09:00:00Z,สมุทรสาคร,Samut Sakhon,department of highways,สะพานข้ามแม่น้ำท่าจีนฝั่งตะวันตก - นาโคก,4-wheel pickup truck,speeding,rollover/fallen on straight road,1,0,0,clear,13.54278097,100.2399713,straight road,no slope
6207851,2022-05-11T13:30:00Z,2022-05-15T05:57:00Z,ปทุมธานี,Pathum Thani,department of highways,บางปะอิน - แขวงรามอินทรา,4-wheel pickup truck,speeding,rollover/fallen on straight road,1,0,0,clear,14.05631343,100.6976205,straight road,no slope
6202413,2022-05-11T14:11:00Z,2022-05-14T06:20:00Z,กรุงเทพมหานคร,Bangkok,department of highways,แขวงรามอินทรา - บางพลี,4-wheel pickup truck,speeding,rear-end collision,3,0,1,clear,13.68918812,100.699482,straight road,no slope
6566633,2022-05-11T15:50:00Z,2022-05-12T10:42:00Z,สมุทรปราการ,Samut Prakan,department of rural roads,จุดเชื่อมต่อถนนวงแหวนอุตสาหกรรมเข้าสะพานภูมิพลที่ 2,motorcycle,tailgating,other,2,0,2,clear,13.665376,100.538869,grade-separated intersection/ramps,other
6191847,2022-05-11T16:50:00Z,2022-05-12T14:43:00Z,ปทุมธานี,Pathum Thani,department of highways,บางปะอิน - แขวงรามอินทรา,large truck with trailer,speeding,rollover/fallen on straight road,1,0,0,rainy,14.05177568,100.6980255,straight road,no slope
6318311,2022-05-11T18:36:00Z,2022-06-06T11:07:00Z,กรุงเทพมหานคร,Bangkok,expressway authority of thailand,บางพลี-สุขสวัสดิ์,other,other,collision with obstruction (on road surface),1,0,0,clear,NA,NA,straight road,other
7518575,2022-05-11T20:16:00Z,2022-12-29T11:39:00Z,นนทบุรี,Nonthaburi,expressway authority of thailand,แจ้งวัฒนะ-พญาไท,other,other,rear-end collision,7,0,0,clear,13.850065,100.5333966,straight road,other
6242156,2022-05-11T23:00:00Z,2022-05-24T10:26:00Z,สมุทรปราการ,Samut Prakan,department of highways,บางนา - ทางเข้าท่าอากาศยานสุวรรณภูมิ,large truck with trailer,running red lights/traffic signals,other,1,0,0,clear,13.65545081,100.6719652,other,other
6943739,2022-05-11T23:10:00Z,2022-09-20T10:53:00Z,สมุทรปราการ,Samut Prakan,department of highways,ทางเข้าท่าอากาศยานสุวรรณภูมิด้านถนนบางนา - บางวัว,private/passenger car,driving under the influence of alcohol,rollover/fallen on straight road,1,0,1,clear,13.63046723,100.7382774,straight road,no slope
6189879,2022-05-12T05:36:00Z,2022-05-12T06:18:00Z,กรุงเทพมหานคร,Bangkok,expressway authority of thailand,ดาวคะนอง-ท่าเรือ,other,other,other,2,0,1,clear,13.67855859,100.51447,grade-separated intersection/ramps,other
6197112,2022-05-12T07:36:00Z,2022-05-13T11:03:00Z,ปทุมธานี,Pathum Thani,department of highways,บางปะอิน - แขวงรามอินทรา,private/passenger car,speeding,rear-end collision,4,0,0,clear,13.93235161,100.7081884,straight road,no slope
6191049,2022-05-12T08:22:00Z,2022-05-12T11:31:00Z,สมุทรปราการ,Samut Prakan,expressway authority of thailand,บางนา-ชลบุรี,other,other,rear-end collision,3,0,0,clear,13.592015,100.818643,straight road,other
6227438,2022-05-12T11:55:00Z,2022-05-18T16:01:00Z,กรุงเทพมหานคร,Bangkok,department of highways,แขวงคลองสองต้นนุ่น - พิมพา,4-wheel pickup truck,speeding,rear-end collision,2,0,0,clear,13.73091718,100.7182011,straight road,no slope
7564272,2022-05-12T12:00:00Z,2023-01-19T11:56:00Z,สมุทรสาคร,Samut Sakhon,department of highways,สะพานข้ามแม่น้ำท่าจีนฝั่งตะวันตก - นาโคก,7-10-wheel truck,speeding,rollover/fallen on straight road,2,0,0,clear,13.44841821,100.0779149,straight road,no slope
7565097,2022-05-12T23:40:00Z,2023-01-20T08:48:00Z,ปทุมธานี,Pathum Thani,department of highways,ต่างระดับคลองหลวง - ประตูน้ำพระอินทร์,4-wheel pickup truck,speeding,rollover/fallen on straight road,1,0,1,clear,14.05598559,100.6170094,other,other
6318125,2022-05-13T04:48:00Z,2022-06-06T10:49:00Z,สมุทรปราการ,Samut Prakan,expressway authority of thailand,บางพลี-สุขสวัสดิ์,other,other,rollover/fallen on straight road,1,0,0,clear,13.633184,100.537902,grade-separated intersection/ramps,other
6202469,2022-05-13T06:50:00Z,2022-05-14T06:46:00Z,กรุงเทพมหานคร,Bangkok,department of highways,อรุณอมรินทร์ - พุทธมณฑลสาย 4,private/passenger car,speeding,rear-end collision,3,0,1,clear,13.78577071,100.4629058,other,other
6488833,2022-05-13T09:00:00Z,2022-07-04T11:16:00Z,กรุงเทพมหานคร,Bangkok,department of highways,งามวงศ์วาน - ดอนเมือง,other,speeding,rollover/fallen on straight road,1,0,0,clear,13.93737593,100.6111729,other,other
6318004,2022-05-13T11:04:00Z,2022-06-06T10:38:00Z,กรุงเทพมหานคร,Bangkok,expressway authority of thailand,รามอินทรา-วงแหวนรอบนอก,other,other,rollover/fallen on straight road,1,0,0,clear,13.89523,100.66466,straight road,other
6227400,2022-05-13T13:23:00Z,2022-05-18T15:52:00Z,กรุงเทพมหานคร,Bangkok,department of highways,แขวงคลองสองต้นนุ่น - พิมพา,private/passenger car,speeding,rear-end collision,2,0,0,clear,13.73111,100.7163906,straight road,no slope
6288791,2022-05-13T15:28:00Z,2022-06-01T10:32:00Z,กรุงเทพมหานคร,Bangkok,expressway authority of thailand,บางปะอิน-แจ้งวัฒนะ,other,other,rollover/fallen on straight road,1,0,1,clear,NA,NA,merge lane,other
6566686,2022-05-13T17:14:00Z,2022-05-19T10:05:00Z,สมุทรปราการ,Samut Prakan,department of rural roads,ถนนวงแหวนอุตสาหกรรมเข้าสะพานภูมิพลที่ 1,large truck with trailer,brake/anti-lock brake system failure,other,1,0,0,clear,13.664222,100.532602,straight road,slope area
6227324,2022-05-13T19:21:00Z,2022-05-18T15:35:00Z,สมุทรปราการ,Samut Prakan,department of highways,แขวงคลองสองต้นนุ่น - พิมพา,private/passenger car,speeding,rear-end collision,5,0,0,clear,13.66644952,100.8494121,straight road,no slope
6204448,2022-05-13T22:00:00Z,2022-05-14T15:12:00Z,กรุงเทพมหานคร,Bangkok,department of highways,พระประแดง - บางแค,motorcycle,speeding,rear-end collision,2,1,0,clear,13.62563181,100.4709363,connecting to public/commercial area,other
6202656,2022-05-13T22:09:00Z,2022-05-14T07:33:00Z,กรุงเทพมหานคร,Bangkok,department of highways,บางแค - คลองมหาสวัสดิ์,6-wheel truck,speeding,rear-end collision,2,0,0,clear,13.70755462,100.4062173,straight road,no slope
6204471,2022-05-14T05:00:00Z,2022-05-14T15:16:00Z,ปทุมธานี,Pathum Thani,department of highways,ธัญบุรี - คลองระพีพัฒน์,4-wheel pickup truck,cutting in closely by people/vehicles/animals,rear-end collision,2,1,3,clear,14.09179795,100.7471904,straight road,no slope
6204567,2022-05-14T07:35:00Z,2022-05-14T15:38:00Z,กรุงเทพมหานคร,Bangkok,department of highways,ถนนศรีนครินทร - แขวงคลองสองต้นนุ่น,private/passenger car,speeding,rear-end collision,3,0,0,clear,13.73170406,100.7119837,straight road,no slope
6203653,2022-05-14T08:30:00Z,2022-05-14T12:01:00Z,สมุทรปราการ,Samut Prakan,department of highways,ทางเข้าท่าอากาศยานสุวรรณภูมิ - บางวัว,large truck with trailer,speeding,rear-end collision,3,0,0,clear,13.59530329,100.8034739,straight road,no slope
6227162,2022-05-14T10:41:00Z,2022-05-18T15:09:00Z,กรุงเทพมหานคร,Bangkok,department of highways,แขวงคลองสองต้นนุ่น - พิมพา,private/passenger car,speeding,rear-end collision,2,0,0,clear,13.73350709,100.7960361,straight road,no slope
6205121,2022-05-14T12:29:00Z,2022-05-14T17:57:00Z,กรุงเทพมหานคร,Bangkok,department of highways,แขวงรามอินทรา - บางพลี,4-wheel pickup truck,vehicle equipment failure,other,1,0,0,clear,13.73694897,100.7029071,straight road,no slope
6214860,2022-05-14T14:00:00Z,2022-05-16T14:48:00Z,กรุงเทพมหานคร,Bangkok,department of highways,บางปะอิน - แขวงรามอินทรา,4-wheel pickup truck,speeding,rollover/fallen on straight road,1,0,2,clear,13.87145501,100.6796953,straight road,no slope
6258396,2022-05-14T14:49:00Z,2022-05-27T08:28:00Z,สมุทรปราการ,Samut Prakan,department of highways,แขวงคลองสองต้นนุ่น - พิมพา,private/passenger car,speeding,rear-end collision,2,0,0,clear,13.66743469,100.8478778,straight road,no slope
6209605,2022-05-14T16:30:00Z,2022-05-15T13:17:00Z,กรุงเทพมหานคร,Bangkok,department of highways,บางปะอิน - แขวงรามอินทรา,large truck with trailer,speeding,rear-end collision,2,0,0,clear,13.86559336,100.6773001,straight road,no slope
6242057,2022-05-14T17:20:00Z,2022-05-24T08:57:00Z,สมุทรสาคร,Samut Sakhon,department of highways,สะพานข้ามแม่น้ำท่าจีนฝั่งตะวันตก - นาโคก,4-wheel pickup truck,cutting in closely by people/vehicles/animals,rear-end collision,2,0,0,clear,13.52499626,100.1858872,other,other
6207699,2022-05-14T18:00:00Z,2022-05-15T05:20:00Z,กรุงเทพมหานคร,Bangkok,department of highways,พระประแดง - บางแค,4-wheel pickup truck,speeding,rollover/fallen on straight road,1,0,0,clear,13.67366356,100.4062494,other,other
6207709,2022-05-14T20:30:00Z,2022-05-15T05:25:00Z,กรุงเทพมหานคร,Bangkok,department of highways,อรุณอมรินทร์ - พุทธมณฑลสาย 4,private/passenger car,speeding,rear-end collision,7,0,0,clear,13.78691949,100.3702837,straight road,no slope
6208741,2022-05-14T21:20:00Z,2022-05-15T09:57:00Z,กรุงเทพมหานคร,Bangkok,department of highways,แขวงรามอินทรา - บางพลี,private/passenger car,speeding,rear-end collision,3,0,0,clear,13.68328281,100.6992942,straight road,no slope
6950178,2022-05-14T22:30:00Z,2022-09-21T10:45:00Z,กรุงเทพมหานคร,Bangkok,department of highways,พระประแดง - บางแค,private/passenger car,speeding,rollover/fallen on curved road,1,0,2,clear,13.6275712,100.4235738,wide curve,no slope
6950210,2022-05-14T23:00:00Z,2022-09-21T10:56:00Z,กรุงเทพมหานคร,Bangkok,department of highways,พระประแดง - บางแค,private/passenger car,speeding,pedestrian collision,1,1,0,clear,13.64648987,100.4082343,straight road,no slope
6950167,2022-05-14T23:30:00Z,2022-09-21T10:42:00Z,กรุงเทพมหานคร,Bangkok,department of highways,พระประแดง - บางแค,private/passenger car,speeding,rollover/fallen on straight road,1,0,2,clear,13.62680223,100.4326317,straight road,no slope
6218265,2022-05-15T00:50:00Z,2022-05-17T06:44:00Z,กรุงเทพมหานคร,Bangkok,department of highways,บางบอน - โรงพยาบาลบางปะกอก 8,private/passenger car,speeding,rollover/fallen on straight road,1,0,1,clear,13.65102251,100.3875491,straight road,no slope
6209589,2022-05-15T01:00:00Z,2022-05-15T13:11:00Z,ปทุมธานี,Pathum Thani,department of highways,วัดนาบุญ - คลอง 14,motorcycle,speeding,rollover/fallen on straight road,1,1,0,clear,14.03253606,100.7651263,straight road,no slope
6209561,2022-05-15T07:04:00Z,2022-05-15T13:08:00Z,กรุงเทพมหานคร,Bangkok,department of highways,บางแค - คลองมหาสวัสดิ์,4-wheel pickup truck,speeding,rollover/fallen on straight road,1,0,0,clear,13.69360789,100.4075718,straight road,slope area
6566689,2022-05-15T08:50:00Z,2022-05-19T10:05:00Z,สมุทรปราการ,Samut Prakan,department of rural roads,สะพานภูมิพลที่ 2 ไปสะพานภูมิพลที่ 1,private/passenger car,speeding,other,2,0,0,clear,13.652137,100.541307,straight road,slope area
6213906,2022-05-15T15:26:00Z,2022-05-16T10:54:00Z,กรุงเทพมหานคร,Bangkok,department of highways,ถนนศรีนครินทร - แขวงคลองสองต้นนุ่น,private/passenger car,speeding,rear-end collision,3,0,0,clear,13.7316285,100.712657,straight road,no slope
6258411,2022-05-15T17:01:00Z,2022-05-27T08:30:00Z,กรุงเทพมหานคร,Bangkok,department of highways,แขวงคลองสองต้นนุ่น - พิมพา,private/passenger car,speeding,rollover/fallen on straight road,1,0,0,clear,13.72949455,100.7426682,straight road,no slope