acc_code,incident_datetime,report_datetime,province_th,province_en,agency,route,vehicle_type,presumed_cause,accident_type,number_of_vehicles_involved,number_of_fatalities,number_of_injuries,weather_condition,latitude,longitude,road_description,slope_description
6213318,2022-05-15T19:18:00Z,2022-05-16T08:13:00Z,ปทุมธานี,Pathum Thani,department of highways,บางปะอิน - แขวงรามอินทรา,4-wheel pickup truck,speeding,rear-end collision,3,0,0,clear,13.9993274,100.7089099,straight road,no slope
6214863,2022-05-15T21:40:00Z,2022-05-16T14:52:00Z,กรุงเทพมหานคร,Bangkok,department of highways,บางนา - ทางเข้าท่าอากาศยานสุวรรณภูมิ,private/passenger car,speeding,rollover/fallen on straight road,1,0,3,clear,13.66849283,100.630525,straight road,no slope
6214845,2022-05-16T07:30:00Z,2022-05-16T14:41:00Z,กรุงเทพมหานคร,Bangkok,department of highways,ทางยกระดับบางกอกน้อย - นครชัยศรี,private/passenger car,speeding,rear-end collision,3,0,0,clear,13.77970372,100.4401767,straight road,no slope
6253441,2022-05-16T11:04:00Z,2022-05-26T13:42:00Z,กรุงเทพมหานคร,Bangkok,department of highways,แขวงคลองสองต้นนุ่น - พิมพา,private/passenger car,speeding,rear-end collision,2,0,0,clear,13.72941117,100.7390311,straight road,no slope
6226201,2022-05-16T15:33:00Z,2022-05-18T11:40:00Z,กรุงเทพมหานคร,Bangkok,department of highways,แขวงคลองสองต้นนุ่น - พิมพา,private/passenger car,speeding,rear-end collision,3,0,0,clear,13.72949455,100.7426682,straight road,no slope
6220794,2022-05-16T19:05:00Z,2022-05-17T16:03:00Z,กรุงเทพมหานคร,Bangkok,department of highways,แขวงคลองสองต้นนุ่น - พิมพา,private/passenger car,speeding,rear-end collision,2,0,0,clear,13.73101359,100.7172945,straight road,no slope
6251927,2022-05-17T00:40:00Z,2022-05-26T07:50:00Z,นครปฐม,Nakhon Pathom,department of highways,เด่นมะขาม - บางเลน,4-wheel pickup truck,cutting in closely by people/vehicles/animals,rollover/fallen on straight road,1,0,2,clear,14.13116554,100.0179165,other,other
7442544,2022-05-17T06:30:00Z,2022-12-08T13:18:00Z,กรุงเทพมหานคร,Bangkok,department of highways,ไม่ทราบ,private/passenger car,speeding,rear-end collision,2,0,0,clear,13.62389964,100.3911352,straight road,no slope
6238566,2022-05-17T10:33:00Z,2022-05-20T09:49:00Z,กรุงเทพมหานคร,Bangkok,department of highways,แขวงรามอินทรา - บางพลี,private/passenger car,speeding,rear-end collision,2,0,0,clear,13.73172751,100.7028025,straight road,no slope
6220060,2022-05-17T11:03:00Z,2022-05-17T13:47:00Z,กรุงเทพมหานคร,Bangkok,department of highways,แขวงคลองสองต้นนุ่น - พิมพา,private/passenger car,speeding,rear-end collision,6,0,0,clear,13.729518,100.7435775,straight road,no slope
6219631,2022-05-17T11:05:00Z,2022-05-17T12:03:00Z,กรุงเทพมหานคร,Bangkok,expressway authority of thailand,รามอินทรา-อาจณรงค์,4-wheel pickup truck,other,side collision,3,0,0,clear,13.743634,100.60531,straight road,other
6238744,2022-05-17T12:35:00Z,2022-05-20T10:12:00Z,กรุงเทพมหานคร,Bangkok,department of highways,แขวงรามอินทรา - บางพลี,private/passenger car,speeding,rear-end collision,2,0,0,clear,13.7590112,100.6974944,straight road,no slope
6220016,2022-05-17T13:05:00Z,2022-05-17T13:35:00Z,สมุทรปราการ,Samut Prakan,expressway authority of thailand,บางนา-ชลบุรี,7-10-wheel truck,other,rear-end collision,2,0,1,clear,13.614008,100.753291,straight road,other
6253820,2022-05-17T17:52:00Z,2022-05-26T15:14:00Z,ปทุมธานี,Pathum Thani,department of highways,บางปะอิน - แขวงรามอินทรา,4-wheel pickup truck,speeding,rear-end collision,4,0,0,rainy,14.01114785,100.7034382,straight road,no slope
6232213,2022-05-17T21:40:00Z,2022-05-19T09:21:00Z,กรุงเทพมหานคร,Bangkok,department of highways,บางปะอิน - แขวงรามอินทรา,4-wheel pickup truck,speeding,rollover/fallen on straight road,1,0,0,rainy,13.90780639,100.6987819,straight road,no slope
6223190,2022-05-17T23:13:00Z,2022-05-18T00:39:00Z,กรุงเทพมหานคร,Bangkok,expressway authority of thailand,บางนา-ท่าเรือ,other,other,collision with obstruction (on road surface),1,0,0,rainy,NA,NA,wide curve,other
6253847,2022-05-17T23:13:00Z,2022-05-26T15:16:00Z,ปทุมธานี,Pathum Thani,department of highways,บางปะอิน - แขวงรามอินทรา,private/passenger car,speeding,rear-end collision,2,0,0,rainy,14.134859,100.667628,straight road,no slope
6224122,2022-05-17T23:45:00Z,2022-05-18T03:17:00Z,กรุงเทพมหานคร,Bangkok,expressway authority of thailand,รามอินทรา-อาจณรงค์,other,other,rear-end collision,1,0,0,rainy,13.715684,100.601009,wide curve,other
7560783,2022-05-18T00:50:00Z,2023-01-16T13:56:00Z,กรุงเทพมหานคร,Bangkok,department of highways,ดินแดง - งามวงศ์วาน,4-wheel pickup truck,speeding,rear-end collision,3,0,1,clear,13.79258287,100.5614382,straight road,slope area
6226105,2022-05-18T09:49:00Z,2022-05-18T11:23:00Z,กรุงเทพมหานคร,Bangkok,department of highways,แขวงคลองสองต้นนุ่น - พิมพา,private/passenger car,speeding,rear-end collision,4,0,0,clear,13.73101359,100.7172918,straight road,no slope
6242084,2022-05-18T12:10:00Z,2022-05-24T09:20:00Z,สมุทรปราการ,Samut Prakan,department of highways,ทางเข้าท่าอากาศยานสุวรรณภูมิ - บางวัว,7-10-wheel truck,vehicle equipment failure,collision with obstruction (on road surface),1,0,0,clear,13.60325727,100.7811338,straight road,no slope
6318209,2022-05-18T17:19:00Z,2022-06-06T10:57:00Z,กรุงเทพมหานคร,Bangkok,expressway authority of thailand,รามอินทรา-อาจณรงค์,other,other,rear-end collision,2,0,0,clear,NA,NA,straight road,other
6318323,2022-05-18T17:49:00Z,2022-06-06T11:08:00Z,สมุทรปราการ,Samut Prakan,expressway authority of thailand,บางพลี-สุขสวัสดิ์,4-wheel pickup truck,other,rear-end collision,2,0,0,clear,13.634583,100.567552,straight road,other
6566718,2022-05-18T22:57:00Z,2022-05-19T16:49:00Z,กรุงเทพมหานคร,Bangkok,department of rural roads,สะพานภูมิพลที่ 1 ไปสะพานภูมิพลที่ 2,motorcycle,unfamiliarity with the route/unskilled driving,other,1,0,1,clear,13.674204,100.53905,straight road,no slope
6318328,2022-05-19T02:50:00Z,2022-06-06T11:08:00Z,สมุทรปราการ,Samut Prakan,expressway authority of thailand,บางพลี-สุขสวัสดิ์,7-10-wheel truck,other,rear-end collision,2,0,2,clear,13.636721,100.546388,grade-separated intersection/ramps,other
6275975,2022-05-19T04:57:00Z,2022-05-30T09:56:00Z,กรุงเทพมหานคร,Bangkok,department of highways,แขวงคลองสองต้นนุ่น - พิมพา,4-wheel pickup truck,speeding,rollover/fallen on straight road,1,0,0,clear,13.72961961,100.7481238,straight road,no slope
6566719,2022-05-19T06:02:00Z,2022-05-19T16:49:00Z,สมุทรปราการ,Samut Prakan,department of rural roads,สะพานภูมิพลที่ 1 ไปสะพานภูมิพลที่ 2,motorcycle,unfamiliarity with the route/unskilled driving,other,2,0,1,clear,13.660763,100.539444,straight road,slope area
6318332,2022-05-19T12:04:00Z,2022-06-06T11:08:00Z,สมุทรปราการ,Samut Prakan,expressway authority of thailand,บางพลี-สุขสวัสดิ์,large truck with trailer,other,rear-end collision,2,0,0,clear,13.600973,100.648165,wide curve,other
6944759,2022-05-19T13:30:00Z,2022-09-20T14:29:00Z,สมุทรปราการ,Samut Prakan,department of highways,คลองด่าน - บางบ่อ,private/passenger car,speeding,rollover/fallen on straight road,1,0,0,clear,13.56602687,100.8379805,straight road,no slope
6233518,2022-05-19T13:33:00Z,2022-05-19T14:09:00Z,กรุงเทพมหานคร,Bangkok,expressway authority of thailand,แจ้งวัฒนะ-พญาไท,other,other,collision with obstruction (on road surface),1,0,0,clear,13.81822191,100.5500651,straight road,other
6566741,2022-05-19T19:36:00Z,2022-05-20T11:11:00Z,สมุทรปราการ,Samut Prakan,department of rural roads,สะพานภูมิพลที่ 1 ไปสะพานภูมิพลที่ 2,motorcycle,unfamiliarity with the route/unskilled driving,other,2,0,1,clear,13.668781,100.538501,straight road,slope area
6253515,2022-05-19T22:41:00Z,2022-05-26T14:04:00Z,กรุงเทพมหานคร,Bangkok,department of highways,แขวงคลองสองต้นนุ่น - พิมพา,4-wheel pickup truck,speeding,rear-end collision,2,0,0,clear,13.72998439,100.758115,other,other
6253540,2022-05-19T22:45:00Z,2022-05-26T14:08:00Z,ปทุมธานี,Pathum Thani,department of highways,บางปะอิน - แขวงรามอินทรา,large truck with trailer,speeding,rear-end collision,2,0,0,clear,14.01349782,100.7026094,straight road,no slope
6253634,2022-05-20T01:50:00Z,2022-05-26T14:34:00Z,กรุงเทพมหานคร,Bangkok,department of highways,แขวงรามอินทรา - บางพลี,4-wheel pickup truck,speeding,pedestrian collision,1,0,1,clear,13.81294911,100.6775254,straight road,no slope
6253534,2022-05-20T09:04:00Z,2022-05-26T14:05:00Z,กรุงเทพมหานคร,Bangkok,department of highways,แขวงคลองสองต้นนุ่น - พิมพา,private/passenger car,speeding,rear-end collision,2,0,0,clear,13.72986975,100.7572138,other,other
6241213,2022-05-20T09:27:00Z,2022-05-21T09:16:00Z,กรุงเทพมหานคร,Bangkok,department of highways,บางปะอิน - แขวงรามอินทรา,4-wheel pickup truck,speeding,rear-end collision,5,0,0,clear,13.91429962,100.7021588,straight road,no slope
6318340,2022-05-20T12:12:00Z,2022-06-06T11:10:00Z,สมุทรปราการ,Samut Prakan,expressway authority of thailand,บางพลี-สุขสวัสดิ์,6-wheel truck,other,rear-end collision,2,0,0,clear,13.635054,100.542104,straight road,other
7443679,2022-05-20T15:00:00Z,2022-12-08T13:26:00Z,กรุงเทพมหานคร,Bangkok,department of highways,ไม่ทราบ,private/passenger car,speeding,rear-end collision,2,0,0,clear,13.67631405,100.4625383,straight road,no slope
6318218,2022-05-21T02:19:00Z,2022-06-06T10:58:00Z,กรุงเทพมหานคร,Bangkok,expressway authority of thailand,รามอินทรา-อาจณรงค์,other,other,rear-end collision,2,0,0,clear,13.812503,100.620838,y-intersection,other
7564273,2022-05-21T07:20:00Z,2023-01-19T11:59:00Z,สมุทรสาคร,Samut Sakhon,department of highways,สะพานข้ามแม่น้ำท่าจีนฝั่งตะวันตก - นาโคก,private/passenger car,reversing vehicle,collision with obstruction (on road surface),2,0,0,clear,13.51193591,100.1447394,straight road,no slope
6318343,2022-05-21T11:29:00Z,2022-06-06T11:10:00Z,สมุทรปราการ,Samut Prakan,expressway authority of thailand,บางพลี-สุขสวัสดิ์,large truck with trailer,other,rear-end collision,4,0,0,clear,13.63362,100.674563,straight road,other
7444716,2022-05-21T16:40:00Z,2022-12-08T14:14:00Z,สมุทรปราการ,Samut Prakan,department of highways,ไม่ทราบ,6-wheel truck,speeding,rear-end collision,2,0,2,clear,13.59141223,100.8217263,straight road,no slope
6241234,2022-05-21T16:49:00Z,2022-05-21T23:58:00Z,สมุทรปราการ,Samut Prakan,expressway authority of thailand,บางนา-ชลบุรี,4-wheel pickup truck,other,rear-end collision,2,0,2,clear,13.574161,100.902639,straight road,other
7559162,2022-05-22T01:30:00Z,2023-01-13T10:31:00Z,กรุงเทพมหานคร,Bangkok,department of highways,บางนา - ทางเข้าท่าอากาศยานสุวรรณภูมิ,motorcycle,speeding,rear-end collision,4,0,5,clear,13.66398919,100.6521128,straight road,no slope
6494520,2022-05-22T04:20:00Z,2022-07-05T10:07:00Z,ปทุมธานี,Pathum Thani,department of highways,ต่างระดับลาดหลุมแก้ว - แยกนพวงศ์,4-wheel pickup truck,falling asleep,rollover/fallen on straight road,1,0,1,clear,14.03094093,100.387238,other,other
6253593,2022-05-22T09:30:00Z,2022-05-26T14:22:00Z,กรุงเทพมหานคร,Bangkok,department of highways,แขวงคลองสองต้นนุ่น - พิมพา,4-wheel pickup truck,speeding,rollover/fallen on straight road,1,0,0,rainy,13.72946328,100.7408309,straight road,no slope
6253284,2022-05-22T15:03:00Z,2022-05-26T13:08:00Z,สมุทรปราการ,Samut Prakan,department of highways,แขวงคลองสองต้นนุ่น - พิมพา,4-wheel pickup truck,speeding,rear-end collision,2,0,0,clear,13.65858106,100.8616161,straight road,no slope
6253309,2022-05-22T15:52:00Z,2022-05-26T13:10:00Z,กรุงเทพมหานคร,Bangkok,department of highways,แขวงคลองสองต้นนุ่น - พิมพา,private/passenger car,speeding,rear-end collision,3,0,0,clear,13.72967694,100.7517636,straight road,no slope
7443794,2022-05-22T16:56:00Z,2022-12-08T13:33:00Z,กรุงเทพมหานคร,Bangkok,department of highways,ไม่ทราบ,private/passenger car,speeding,rear-end collision,2,0,0,clear,13.66955618,100.4516552,straight road,no slope
6241460,2022-05-22T18:56:00Z,2022-05-23T10:34:00Z,สมุทรปราการ,Samut Prakan,expressway authority of thailand,บางพลี-สุขสวัสดิ์,other,other,side collision,1,0,1,clear,13.616633,100.615461,straight road,other
6241352,2022-05-22T19:56:00Z,2022-05-22T21:16:00Z,นนทบุรี,Nonthaburi,expressway authority of thailand,แจ้งวัฒนะ-พญาไท,4-wheel pickup truck,other,rear-end collision,2,0,0,clear,13.87734218,100.5362555,straight road,other
6566761,2022-05-23T01:50:00Z,2022-05-24T14:29:00Z,สมุทรปราการ,Samut Prakan,department of rural roads,จุดเชื่อมต่อถนนวงแหวนอุตสาหกรรมเข้าสะพานภูมิพลที่ 2,7-10-wheel truck,sudden stop,other,1,0,0,clear,13.666184,100.538659,grade-separated intersection/ramps,other
6502393,2022-05-23T02:30:00Z,2022-07-06T13:47:00Z,นครปฐม,Nakhon Pathom,department of highways,นครชัยศรี - พระประโทน,4-wheel pickup truck,speeding,rollover/fallen on straight road,1,0,1,clear,13.80734126,100.1476872,straight road,no slope
6253380,2022-05-23T09:02:00Z,2022-05-26T13:30:00Z,ปทุมธานี,Pathum Thani,department of highways,บางปะอิน - แขวงรามอินทรา,private/passenger car,speeding,rear-end collision,2,0,0,clear,13.97464616,100.7130352,straight road,no slope
6241567,2022-05-23T12:26:00Z,2022-05-23T14:15:00Z,กรุงเทพมหานคร,Bangkok,expressway authority of thailand,แจ้งวัฒนะ-พญาไท,large truck with trailer,other,rollover/fallen on straight road,2,0,1,clear,NA,NA,straight road,other
6253359,2022-05-23T12:36:00Z,2022-05-26T13:29:00Z,ปทุมธานี,Pathum Thani,department of highways,บางปะอิน - แขวงรามอินทรา,private/passenger car,vehicle equipment failure,other,1,0,0,clear,14.06633572,100.69684,straight road,no slope
6241549,2022-05-23T12:50:00Z,2022-05-23T13:41:00Z,สมุทรปราการ,Samut Prakan,expressway authority of thailand,บางนา-ชลบุรี,other,other,other,2,0,1,clear,13.6421,100.696373,straight road,other
6488752,2022-05-24T04:00:00Z,2022-07-04T11:07:00Z,กรุงเทพมหานคร,Bangkok,department of highways,งามวงศ์วาน - ดอนเมือง,4-wheel pickup truck,speeding,rollover/fallen on straight road,1,0,0,clear,13.89965966,100.5902195,straight road,no slope
6566766,2022-05-24T07:00:00Z,2022-05-25T13:30:00Z,สมุทรปราการ,Samut Prakan,department of rural roads,ถนนวงแหวนอุตสาหกรรมเข้าสะพานภูมิพลที่ 1,passenger pickup truck,speeding,other,2,0,0,clear,13.664337,100.526482,straight road,slope area
7443652,2022-05-24T07:51:00Z,2022-12-08T13:49:00Z,กรุงเทพมหานคร,Bangkok,department of highways,ไม่ทราบ,private/passenger car,speeding,rear-end collision,2,0,2,clear,13.67491714,100.4595932,straight road,no slope
6253310,2022-05-24T10:57:00Z,2022-05-26T13:12:00Z,สมุทรปราการ,Samut Prakan,department of highways,แขวงคลองสองต้นนุ่น - พิมพา,4-wheel pickup truck,speeding,rear-end collision,2,0,0,clear,13.67088535,100.8425242,straight road,no slope
6243184,2022-05-24T13:15:00Z,2022-05-25T13:32:00Z,กรุงเทพมหานคร,Bangkok,department of highways,แขวงรามอินทรา - บางพลี,large truck with trailer,speeding,rear-end collision,2,0,0,clear,13.7589122,100.6975883,straight road,no slope
6253338,2022-05-24T15:52:00Z,2022-05-26T13:16:00Z,กรุงเทพมหานคร,Bangkok,department of highways,แขวงคลองสองต้นนุ่น - พิมพา,4-wheel pickup truck,speeding,rear-end collision,2,0,0,clear,13.73063057,100.7208967,straight road,no slope
6494547,2022-05-25T07:00:00Z,2022-07-05T10:17:00Z,ปทุมธานี,Pathum Thani,department of highways,ต่างระดับรังสิต - วัดนาบุญ,private/passenger car,vehicle equipment failure,other,2,0,0,clear,14.01308404,100.7176941,straight road,no slope
6488887,2022-05-25T10:40:00Z,2022-07-04T11:25:00Z,กรุงเทพมหานคร,Bangkok,department of highways,มหาวิทยาลัยเกษตรศาสตร์ - คันนายาว,private/passenger car,speeding,rollover/fallen on straight road,1,0,0,clear,13.80917756,100.6609601,straight road,no slope
6253028,2022-05-25T10:48:00Z,2022-05-26T11:51:00Z,กรุงเทพมหานคร,Bangkok,department of highways,แขวงคลองสองต้นนุ่น - พิมพา,4-wheel pickup truck,speeding,rear-end collision,2,0,0,clear,13.73184476,100.7679051,straight road,no slope
6253590,2022-05-25T10:58:00Z,2022-05-26T14:20:00Z,ปทุมธานี,Pathum Thani,department of highways,บางปะอิน - แขวงรามอินทรา,4-wheel pickup truck,speeding,rear-end collision,3,0,0,clear,14.06625246,100.6965583,straight road,no slope
6276237,2022-05-25T11:12:00Z,2022-05-30T11:00:00Z,สมุทรปราการ,Samut Prakan,expressway authority of thailand,บางนา-ชลบุรี,6-wheel truck,other,side collision,2,0,0,clear,13.587573,100.838582,straight road,other
6253631,2022-05-25T11:15:00Z,2022-05-26T14:32:00Z,กรุงเทพมหานคร,Bangkok,department of highways,บางปะอิน - แขวงรามอินทรา,private/passenger car,speeding,rear-end collision,2,0,0,clear,13.8819931,100.6851777,straight road,no slope
6276147,2022-05-25T15:12:00Z,2022-05-30T10:44:00Z,กรุงเทพมหานคร,Bangkok,expressway authority of thailand,บางนา-ท่าเรือ,other,other,side collision,1,0,1,clear,NA,NA,wide curve,other
6281751,2022-05-25T16:30:00Z,2022-05-31T07:42:00Z,สมุทรปราการ,Samut Prakan,department of highways,บางตำหรุ - คลองด่าน,motorcycle,speeding,rear-end collision,2,1,0,clear,13.51296345,100.6939432,straight road,no slope
6252960,2022-05-25T18:29:00Z,2022-05-26T11:37:00Z,ปทุมธานี,Pathum Thani,department of highways,บางปะอิน - แขวงรามอินทรา,6-wheel truck,speeding,rear-end collision,2,0,0,clear,13.98013024,100.7133329,straight road,no slope
6248656,2022-05-25T22:29:00Z,2022-05-26T01:11:00Z,กรุงเทพมหานคร,Bangkok,expressway authority of thailand,รามอินทรา-อาจณรงค์,4-wheel pickup truck,other,side collision,2,0,3,rainy,NA,NA,wide curve,other
6277531,2022-05-25T22:40:00Z,2022-05-30T15:20:00Z,ปทุมธานี,Pathum Thani,department of highways,บางปะอิน - แขวงรามอินทรา,4-wheel pickup truck,speeding,rollover/fallen on straight road,1,0,0,clear,14.0499517,100.6981328,straight road,no slope
7567885,2022-05-25T23:10:00Z,2023-01-24T07:13:00Z,นครปฐม,Nakhon Pathom,department of highways,นครปฐม - ดอนตูม,4-wheel pickup truck,speeding,rollover/fallen on straight road,1,0,0,rainy,13.95848987,100.0773221,straight road,no slope
6250597,2022-05-26T01:59:00Z,2022-05-26T04:02:00Z,สมุทรปราการ,Samut Prakan,expressway authority of thailand,บางพลี-สุขสวัสดิ์,4-wheel pickup truck,other,rear-end collision,3,0,2,clear,13.63693,100.54628,straight road,other
6253753,2022-05-26T02:00:00Z,2022-05-26T14:56:00Z,กรุงเทพมหานคร,Bangkok,department of highways,บางปะอิน - แขวงรามอินทรา,4-wheel pickup truck,speeding,rollover/fallen on straight road,1,0,3,clear,13.89665761,100.6926101,straight road,no slope
6488715,2022-05-26T05:20:00Z,2022-07-04T11:04:00Z,กรุงเทพมหานคร,Bangkok,department of highways,คลองพระยาสุเรนทร์ - ประเวศ,4-wheel pickup truck,speeding,rollover/fallen on curved road,1,0,0,clear,13.84508035,100.6723165,other,other
6282439,2022-05-26T07:03:00Z,2022-05-31T10:18:00Z,กรุงเทพมหานคร,Bangkok,department of highways,ถนนศรีนครินทร - แขวงคลองสองต้นนุ่น,private/passenger car,speeding,rear-end collision,5,0,2,clear,13.73529969,100.6774664,straight road,no slope
6277297,2022-05-26T09:55:00Z,2022-05-30T14:45:00Z,กรุงเทพมหานคร,Bangkok,department of highways,แขวงคลองสองต้นนุ่น - พิมพา,private/passenger car,speeding,rear-end collision,5,0,0,clear,13.7295649,100.7453933,straight road,no slope
6276282,2022-05-26T15:21:00Z,2022-05-30T11:09:00Z,กรุงเทพมหานคร,Bangkok,expressway authority of thailand,บางพลี-สุขสวัสดิ์,other,other,rear-end collision,4,0,0,clear,NA,NA,straight road,other
6257158,2022-05-26T23:15:00Z,2022-05-27T03:20:00Z,นนทบุรี,Nonthaburi,expressway authority of thailand,แจ้งวัฒนะ-พญาไท,other,other,rear-end collision,7,0,0,clear,13.850065,100.5333966,straight road,other
6488795,2022-05-27T00:10:00Z,2022-07-04T11:13:00Z,กรุงเทพมหานคร,Bangkok,department of highways,คันนายาว - แยกเข้ามีนบุรี,private/passenger car,speeding,rollover/fallen on straight road,1,0,2,clear,13.81276158,100.695346,straight road,no slope
6277505,2022-05-27T01:30:00Z,2022-05-30T15:19:00Z,กรุงเทพมหานคร,Bangkok,department of highways,แขวงรามอินทรา - บางพลี,private/passenger car,speeding,rear-end collision,2,0,0,clear,13.68365809,100.6995061,straight road,no slope
6257942,2022-05-27T05:12:00Z,2022-05-27T06:37:00Z,กรุงเทพมหานคร,Bangkok,expressway authority of thailand,รามอินทรา-อาจณรงค์,other,other,side collision,2,0,0,clear,13.771321,100.606198,wide curve,other
6494531,2022-05-27T05:30:00Z,2022-07-05T10:14:00Z,ปทุมธานี,Pathum Thani,department of highways,สะพานคลองเปรม - สะพานข้ามแม่น้ำเจ้าพระยาปทุมธานี,7-10-wheel truck,falling asleep,rollover/fallen on straight road,1,0,0,clear,13.98562721,100.5881595,straight road,no slope
6264473,2022-05-27T08:26:00Z,2022-05-28T08:14:00Z,ปทุมธานี,Pathum Thani,department of highways,บางปะอิน - แขวงรามอินทรา,large truck with trailer,speeding,rear-end collision,2,0,0,clear,14.050864990000001,100.6981006,straight road,no slope
7560773,2022-05-27T08:40:00Z,2023-01-16T13:47:00Z,กรุงเทพมหานคร,Bangkok,department of highways,ดินแดง - งามวงศ์วาน,4-wheel pickup truck,speeding,rear-end collision,3,0,0,clear,13.80338043,100.5603484,straight road,no slope
6318220,2022-05-27T09:03:00Z,2022-06-06T10:58:00Z,กรุงเทพมหานคร,Bangkok,expressway authority of thailand,รามอินทรา-อาจณรงค์,other,other,rear-end collision,2,0,0,clear,13.779299,100.607556,straight road,other
6282494,2022-05-27T12:15:00Z,2022-05-31T10:23:00Z,กรุงเทพมหานคร,Bangkok,department of highways,แขวงคลองสองต้นนุ่น - พิมพา,4-wheel pickup truck,speeding,rear-end collision,2,0,0,clear,13.72954666,100.745227,other,other
6318180,2022-05-27T17:34:00Z,2022-06-06T10:54:00Z,สมุทรปราการ,Samut Prakan,expressway authority of thailand,บางพลี-สุขสวัสดิ์,4-wheel pickup truck,other,rear-end collision,3,0,0,clear,13.604051,100.631099,straight road,other
6276170,2022-05-27T18:27:00Z,2022-05-30T10:48:00Z,กรุงเทพมหานคร,Bangkok,department of highways,แขวงคลองสองต้นนุ่น - พิมพา,private/passenger car,speeding,rear-end collision,2,0,0,clear,13.72935385,100.7372099,straight road,no slope
6502395,2022-05-27T18:30:00Z,2022-07-06T13:46:00Z,นครปฐม,Nakhon Pathom,department of highways,บ้านบ่อ - พระประโทน,private/passenger car,speeding,rollover/fallen on curved road,1,0,1,clear,13.75147411,100.0878095,wide curve,no slope
6288795,2022-05-27T18:39:00Z,2022-06-01T10:33:00Z,นนทบุรี,Nonthaburi,expressway authority of thailand,บางปะอิน-แจ้งวัฒนะ,other,other,collision with obstruction (on road surface),1,0,1,clear,13.927309,100.553388,straight road,other
6276105,2022-05-27T20:50:00Z,2022-05-30T10:34:00Z,กรุงเทพมหานคร,Bangkok,department of highways,แขวงคลองสองต้นนุ่น - พิมพา,private/passenger car,speeding,rear-end collision,3,0,0,clear,13.72951018,100.7308584,straight road,no slope
6263272,2022-05-27T23:27:00Z,2022-05-28T01:57:00Z,กรุงเทพมหานคร,Bangkok,expressway authority of thailand,พญาไท-ศรีนครินทร์,other,other,side collision,2,0,1,clear,13.76144957,100.5453835,straight road,other
6263381,2022-05-28T00:23:00Z,2022-05-28T02:10:00Z,กรุงเทพมหานคร,Bangkok,expressway authority of thailand,พญาไท-บางโคล่,other,other,side collision,2,0,3,clear,13.75763161,100.5239214,straight road,other
6701810,2022-05-28T00:30:00Z,2022-08-11T12:26:00Z,ปทุมธานี,Pathum Thani,department of highways,ต่างระดับรังสิต - วัดนาบุญ,private/passenger car,speeding,rear-end collision,2,0,1,clear,13.99348722,100.6561375,straight road,no slope
6277489,2022-05-28T01:00:00Z,2022-05-30T15:15:00Z,กรุงเทพมหานคร,Bangkok,department of highways,แขวงรามอินทรา - บางพลี,private/passenger car,speeding,rollover/fallen on straight road,1,0,0,clear,13.77740088,100.6873503,straight road,no slope
6318184,2022-05-28T10:48:00Z,2022-06-06T10:54:00Z,สมุทรปราการ,Samut Prakan,expressway authority of thailand,บางพลี-สุขสวัสดิ์,other,other,rear-end collision,2,0,0,clear,13.629835,100.589142,grade-separated intersection/ramps,other
6277448,2022-05-28T11:00:00Z,2022-05-30T15:12:00Z,กรุงเทพมหานคร,Bangkok,department of highways,แขวงรามอินทรา - บางพลี,4-wheel pickup truck,speeding,rollover/fallen on straight road,1,0,0,clear,13.77848457,100.6873798,straight road,no slope
6277444,2022-05-28T19:52:00Z,2022-05-30T15:10:00Z,กรุงเทพมหานคร,Bangkok,department of highways,แขวงรามอินทรา - บางพลี,4-wheel pickup truck,speeding,rear-end collision,3,0,2,rainy,13.73560453,100.7029259,straight road,no slope
6276253,2022-05-28T22:47:00Z,2022-05-30T11:04:00Z,สมุทรปราการ,Samut Prakan,expressway authority of thailand,บางนา-ชลบุรี,other,other,rollover/fallen on straight road,2,0,1,clear,13.606998,100.771344,straight road,other
6276439,2022-05-29T13:08:00Z,2022-05-30T11:36:00Z,กรุงเทพมหานคร,Bangkok,department of highways,ถนนศรีนครินทร - แขวงคลองสองต้นนุ่น,private/passenger car,speeding,rear-end collision,2,0,0,clear,13.73989315,100.6500327,straight road,no slope
6277363,2022-05-29T13:34:00Z,2022-05-30T15:03:00Z,ปทุมธานี,Pathum Thani,department of highways,บางปะอิน - แขวงรามอินทรา,private/passenger car,speeding,rollover/fallen on straight road,1,0,0,clear,13.99176168,100.7121527,straight road,no slope
6494516,2022-05-29T14:00:00Z,2022-07-05T10:05:00Z,นนทบุรี,Nonthaburi,department of highways,บางบัวทอง -  ลาดบัวหลวง,private/passenger car,speeding,rollover/fallen on straight road,1,0,1,clear,14.10088478,100.2999133,straight road,no slope