acc_code,incident_datetime,report_datetime,province_th,province_en,agency,route,vehicle_type,presumed_cause,accident_type,number_of_vehicles_involved,number_of_fatalities,number_of_injuries,weather_condition,latitude,longitude,road_description,slope_description
6277320,2022-05-29T15:26:00Z,2022-05-30T14:54:00Z,สมุทรปราการ,Samut Prakan,department of highways,แขวงคลองสองต้นนุ่น - พิมพา,private/passenger car,speeding,rear-end collision,3,0,0,clear,13.65787213,100.862174,straight road,no slope
6276150,2022-05-29T16:45:00Z,2022-05-30T10:45:00Z,กรุงเทพมหานคร,Bangkok,expressway authority of thailand,ดาวคะนอง-ท่าเรือ,other,other,rear-end collision,3,0,2,clear,13.6863976,100.5209943,grade-separated intersection/ramps,other
6275653,2022-05-29T17:35:00Z,2022-05-30T08:49:00Z,ปทุมธานี,Pathum Thani,department of highways,บางปะอิน - แขวงรามอินทรา,private/passenger car,speeding,rear-end collision,2,0,0,clear,14.00001968,100.708352,straight road,no slope
6531641,2022-05-29T19:30:00Z,2022-07-11T10:03:00Z,นครปฐม,Nakhon Pathom,department of highways,ลำลูกบัว - หนองกระทุ่ม,4-wheel pickup truck,speeding,rollover/fallen on straight road,1,0,2,clear,14.00839709,99.97150897,other,other
6273737,2022-05-29T22:55:00Z,2022-05-29T23:53:00Z,กรุงเทพมหานคร,Bangkok,expressway authority of thailand,รามอินทรา-อาจณรงค์,other,other,rollover/fallen on straight road,1,0,0,clear,13.815618,100.622689,y-intersection,other
7331586,2022-05-30T02:00:00Z,2022-10-03T10:44:00Z,สมุทรสาคร,Samut Sakhon,department of highways,สะพานข้ามแม่น้ำท่าจีนฝั่งตะวันตก - นาโคก,6-wheel truck,speeding,rear-end collision,2,0,0,clear,13.53328379,100.2104831,straight road,no slope
6288515,2022-05-30T10:55:00Z,2022-06-01T09:34:00Z,สมุทรปราการ,Samut Prakan,expressway authority of thailand,บางนา-ชลบุรี,other,other,collision with obstruction (on road surface),1,0,0,clear,13.576409,100.890929,straight road,other
6318187,2022-05-30T12:12:00Z,2022-06-06T10:54:00Z,สมุทรปราการ,Samut Prakan,expressway authority of thailand,บางพลี-สุขสวัสดิ์,other,other,rear-end collision,4,0,0,clear,13.630798,100.672229,straight road,other
6282670,2022-05-30T13:49:00Z,2022-05-31T11:03:00Z,กรุงเทพมหานคร,Bangkok,department of highways,แขวงคลองสองต้นนุ่น - พิมพา,4-wheel pickup truck,speeding,rear-end collision,2,0,0,clear,13.73013812,100.7254377,straight road,no slope
6282563,2022-05-30T17:20:00Z,2022-05-31T10:40:00Z,สมุทรปราการ,Samut Prakan,department of highways,แขวงคลองสองต้นนุ่น - พิมพา,private/passenger car,speeding,rear-end collision,6,0,2,clear,13.66595694,100.8501765,straight road,no slope
6288783,2022-05-31T09:00:00Z,2022-06-01T10:29:00Z,กรุงเทพมหานคร,Bangkok,department of highways,แขวงรามอินทรา - บางพลี,4-wheel pickup truck,speeding,rear-end collision,2,0,0,clear,13.65958972,100.6938842,straight road,no slope
6288877,2022-05-31T10:50:00Z,2022-06-01T10:52:00Z,กรุงเทพมหานคร,Bangkok,department of highways,แขวงรามอินทรา - บางพลี,private/passenger car,speeding,rear-end collision,3,0,6,clear,13.72785564,100.7017377,other,other
6501649,2022-05-31T15:50:00Z,2022-07-06T10:46:00Z,กรุงเทพมหานคร,Bangkok,department of highways,แขวงรามอินทรา - บางพลี,4-wheel pickup truck,speeding,rollover/fallen on straight road,1,0,1,clear,13.78252232,100.6856364,straight road,no slope
6302311,2022-05-31T17:22:00Z,2022-06-03T14:40:00Z,ปทุมธานี,Pathum Thani,department of highways,บางปะอิน - แขวงรามอินทรา,4-wheel pickup truck,speeding,rear-end collision,2,0,0,rainy,13.94563327,100.7116753,straight road,no slope
6285634,2022-05-31T20:33:00Z,2022-05-31T21:38:00Z,กรุงเทพมหานคร,Bangkok,expressway authority of thailand,พญาไท-บางโคล่,other,other,rear-end collision,2,0,1,clear,13.72328819,100.5178845,straight road,other
6318282,2022-05-31T22:34:00Z,2022-06-06T11:04:00Z,สมุทรปราการ,Samut Prakan,expressway authority of thailand,บางพลี-สุขสวัสดิ์,4-wheel pickup truck,other,rear-end collision,2,0,2,rainy,13.641247,100.680943,straight road,other
6417657,2022-06-01T04:30:00Z,2022-06-22T14:39:00Z,กรุงเทพมหานคร,Bangkok,department of highways,แขวงคลองสองต้นนุ่น - พิมพา,large truck with trailer,speeding,rollover/fallen on straight road,1,0,0,clear,13.72998439,100.758115,straight road,no slope
6650870,2022-06-01T11:27:00Z,2022-08-03T11:02:00Z,กรุงเทพมหานคร,Bangkok,department of highways,แขวงคลองสองต้นนุ่น - พิมพา,4-wheel pickup truck,overloaded vehicle,other,1,0,0,clear,13.73272283,100.7887888,straight road,no slope
6496232,2022-06-01T12:10:00Z,2022-07-05T15:25:00Z,สมุทรสาคร,Samut Sakhon,department of highways,อ้อมน้อย - สมุทรสาคร,other,speeding,rollover/fallen on straight road,1,0,0,clear,13.64890868,100.2859148,straight road,no slope
6294731,2022-06-01T15:58:00Z,2022-06-02T09:53:00Z,กรุงเทพมหานคร,Bangkok,department of highways,บางปะอิน - แขวงรามอินทรา,large truck with trailer,speeding,rear-end collision,3,0,1,clear,13.8427469,100.6721207,straight road,no slope
7564967,2022-06-01T18:10:00Z,2023-01-20T06:39:00Z,กรุงเทพมหานคร,Bangkok,department of highways,บางนา - ทางเข้าท่าอากาศยานสุวรรณภูมิ,motorcycle,speeding,rear-end collision,2,0,1,clear,13.67026637,100.6233756,straight road,no slope
6417494,2022-06-01T20:10:00Z,2022-06-22T14:13:00Z,กรุงเทพมหานคร,Bangkok,department of highways,บางปะอิน - แขวงรามอินทรา,4-wheel pickup truck,speeding,rollover/fallen on straight road,1,0,0,clear,13.84983051,100.6729227,other,other
6488421,2022-06-01T21:43:00Z,2022-07-04T10:15:00Z,กรุงเทพมหานคร,Bangkok,expressway authority of thailand,พญาไท-ศรีนครินทร์,7-10-wheel truck,other,rear-end collision,2,0,1,clear,13.74849714,100.603302,grade-separated intersection/ramps,other
7414711,2022-06-02T02:00:00Z,2022-11-29T10:57:00Z,กรุงเทพมหานคร,Bangkok,department of highways,คู้บอน - ประเวศ,private/passenger car,speeding,rollover/fallen on straight road,1,0,1,clear,13.83988475,100.6724962,other,other
6488389,2022-06-02T06:28:00Z,2022-07-04T10:11:00Z,กรุงเทพมหานคร,Bangkok,expressway authority of thailand,พญาไท-บางโคล่,other,other,side collision,1,0,0,clear,NA,NA,grade-separated intersection/ramps,other
6306817,2022-06-02T07:21:00Z,2022-06-04T09:55:00Z,กรุงเทพมหานคร,Bangkok,department of highways,ถนนศรีนครินทร - แขวงคลองสองต้นนุ่น,4-wheel pickup truck,speeding,rear-end collision,2,0,0,clear,13.73624288,100.6711846,straight road,no slope
6422502,2022-06-02T08:20:00Z,2022-06-23T08:28:00Z,กรุงเทพมหานคร,Bangkok,department of highways,แขวงรามอินทรา - บางพลี,4-wheel pickup truck,speeding,rear-end collision,3,0,0,clear,13.65812234,100.6928193,straight road,no slope
6423344,2022-06-02T08:45:00Z,2022-06-23T11:25:00Z,สมุทรปราการ,Samut Prakan,expressway authority of thailand,บางนา-ชลบุรี,4-wheel pickup truck,other,side collision,3,0,0,clear,13.576642,100.890937,straight road,other
6566808,2022-06-02T12:10:00Z,2022-06-10T09:10:00Z,กรุงเทพมหานคร,Bangkok,department of rural roads,ถนนวงแหวนอุตสาหกรรมเข้าสะพานภูมิพลที่ 1,large truck with trailer,failure to yield right of way,other,2,0,0,clear,13.66446,100.51749,u-turn area,other
6423313,2022-06-02T13:30:00Z,2022-06-23T11:18:00Z,กรุงเทพมหานคร,Bangkok,expressway authority of thailand,อาจณรงค์-บางนา,other,other,rear-end collision,2,0,2,clear,13.682886,100.60288,straight road,other
6381583,2022-06-02T16:00:00Z,2022-06-16T14:43:00Z,นครปฐม,Nakhon Pathom,department of highways,พุทธมณฑลสาย 4 - นครชัยศรี,large truck with trailer,speeding,rollover/fallen on straight road,1,0,0,clear,13.78643758,100.2947849,straight road,no slope
6345708,2022-06-02T19:12:00Z,2022-06-10T14:07:00Z,สมุทรปราการ,Samut Prakan,department of highways,แขวงคลองสองต้นนุ่น - พิมพา,4-wheel pickup truck,speeding,rear-end collision,4,0,0,clear,13.65955323,100.8601168,straight road,no slope
7445392,2022-06-02T22:00:00Z,2022-12-09T08:35:00Z,กรุงเทพมหานคร,Bangkok,department of highways,ไม่ทราบ,private/passenger car,speeding,rear-end collision,2,0,0,clear,13.66953533,100.4516418,straight road,no slope
7567862,2022-06-02T22:35:00Z,2023-01-24T06:49:00Z,นครปฐม,Nakhon Pathom,department of highways,พระประโทน - สระกระเทียม,private/passenger car,speeding,rollover/fallen on straight road,1,0,0,clear,13.80660152,100.0469139,other,other
6488394,2022-06-02T23:05:00Z,2022-07-04T10:11:00Z,กรุงเทพมหานคร,Bangkok,expressway authority of thailand,พญาไท-ศรีนครินทร์,other,other,rear-end collision,2,0,0,clear,13.7543791,100.5793772,wide curve,other
7451156,2022-06-03T03:00:00Z,2022-12-10T12:32:00Z,กรุงเทพมหานคร,Bangkok,department of highways,ไม่ทราบ,7-10-wheel truck,speeding,collision with obstruction (on road surface),2,0,1,clear,13.68396821,100.4866031,straight road,no slope
6306861,2022-06-03T04:00:00Z,2022-06-04T10:10:00Z,ปทุมธานี,Pathum Thani,department of highways,บางปะอิน - แขวงรามอินทรา,4-wheel pickup truck,speeding,rear-end collision,2,0,1,rainy,13.92439579,100.7057449,straight road,no slope
6488844,2022-06-03T05:30:00Z,2022-07-04T11:18:00Z,ปทุมธานี,Pathum Thani,department of highways,ต่างระดับรังสิต - วัดนาบุญ,6-wheel truck,speeding,rollover/fallen on straight road,1,0,2,rainy,13.99521014,100.6647527,other,other
6423171,2022-06-03T07:36:00Z,2022-06-23T10:42:00Z,กรุงเทพมหานคร,Bangkok,expressway authority of thailand,ดาวคะนอง-ท่าเรือ,other,other,rear-end collision,2,0,3,clear,13.67382999,100.4855543,straight road,other
6417652,2022-06-03T12:30:00Z,2022-06-22T14:36:00Z,ปทุมธานี,Pathum Thani,department of highways,บางปะอิน - แขวงรามอินทรา,4-wheel pickup truck,speeding,rear-end collision,2,0,1,clear,14.06245122,100.6972879,straight road,no slope
6422432,2022-06-03T14:30:00Z,2022-06-23T08:08:00Z,กรุงเทพมหานคร,Bangkok,department of highways,ถนนศรีนครินทร - แขวงคลองสองต้นนุ่น,private/passenger car,speeding,rear-end collision,3,0,0,clear,13.73426269,100.6885198,straight road,no slope
6422465,2022-06-03T16:39:00Z,2022-06-23T08:17:00Z,กรุงเทพมหานคร,Bangkok,department of highways,แขวงรามอินทรา - บางพลี,private/passenger car,speeding,rear-end collision,2,0,0,clear,13.76088957,100.6963277,straight road,no slope
6566807,2022-06-04T02:58:00Z,2022-06-10T09:11:00Z,สมุทรปราการ,Samut Prakan,department of rural roads,ออกจากสะพานภูมิพลที่ 2 ไปถนนวงแหวนอุตสาหกรรม,private/passenger car,speeding,other,2,0,1,clear,13.665149,100.521374,straight road,no slope
7561503,2022-06-04T10:15:00Z,2023-01-17T10:05:00Z,กรุงเทพมหานคร,Bangkok,department of highways,ดาวคะนอง -  แสมดำ,motorcycle,cutting in closely by people/vehicles/animals,rear-end collision,2,0,1,clear,13.6166176,100.3838718,straight road,no slope
7561498,2022-06-04T11:40:00Z,2023-01-17T10:05:00Z,กรุงเทพมหานคร,Bangkok,department of highways,ดาวคะนอง -  แสมดำ,4-wheel pickup truck,cutting in closely by people/vehicles/animals,rear-end collision,2,0,0,clear,13.66884076,100.4504026,straight road,no slope
7558301,2022-06-04T12:00:00Z,2023-01-12T14:27:00Z,ปทุมธานี,Pathum Thani,department of highways,บางปะอิน - แขวงรามอินทรา,4-wheel pickup truck,falling asleep,rollover/fallen on straight road,1,0,1,clear,14.01475476,100.7021159,straight road,no slope
6319719,2022-06-04T13:56:00Z,2022-06-06T15:00:00Z,สมุทรปราการ,Samut Prakan,department of highways,แขวงคลองสองต้นนุ่น - พิมพา,private/passenger car,speeding,rear-end collision,2,0,0,clear,13.66595694,100.8501765,straight road,no slope
7451441,2022-06-04T21:06:00Z,2022-12-10T13:18:00Z,กรุงเทพมหานคร,Bangkok,department of highways,ไม่ทราบ,private/passenger car,speeding,rear-end collision,2,0,0,clear,13.62030492,100.3879689,straight road,no slope
6423176,2022-06-04T22:13:00Z,2022-06-23T10:43:00Z,กรุงเทพมหานคร,Bangkok,expressway authority of thailand,ดินแดง-ท่าเรือ,other,other,rollover/fallen on straight road,2,0,0,clear,13.72792661,100.552049,straight road,other
6718246,2022-06-05T01:00:00Z,2022-08-14T11:02:00Z,กรุงเทพมหานคร,Bangkok,department of highways,มหาวิทยาลัยเกษตรศาสตร์ - คันนายาว,private/passenger car,speeding,rollover/fallen on straight road,1,0,1,clear,13.83953577,100.5993417,straight road,no slope
6470563,2022-06-05T02:30:00Z,2022-07-01T06:14:00Z,นครปฐม,Nakhon Pathom,department of highways,นครชัยศรี - พระประโทน,large truck with trailer,speeding,rollover/fallen on straight road,1,0,0,clear,13.80511943,100.1601621,wide curve,no slope
6488487,2022-06-05T12:13:00Z,2022-07-04T10:29:00Z,ปทุมธานี,Pathum Thani,expressway authority of thailand,บางปะอิน-แจ้งวัฒนะ,other,other,side collision,1,0,2,clear,14.030718,100.578962,straight road,other
6423184,2022-06-05T15:13:00Z,2022-06-23T10:45:00Z,กรุงเทพมหานคร,Bangkok,expressway authority of thailand,บางนา-ท่าเรือ,other,other,rear-end collision,2,0,0,clear,NA,NA,straight road,other
6417533,2022-06-05T16:02:00Z,2022-06-22T14:15:00Z,ปทุมธานี,Pathum Thani,department of highways,บางปะอิน - แขวงรามอินทรา,4-wheel pickup truck,speeding,rollover/fallen on straight road,1,0,0,clear,14.01175681,100.7033846,straight road,no slope
6488424,2022-06-05T21:45:00Z,2022-07-04T10:15:00Z,สมุทรปราการ,Samut Prakan,expressway authority of thailand,บางนา-ชลบุรี,other,other,side collision,2,0,3,clear,13.582053,100.865577,straight road,other
6488402,2022-06-05T22:34:00Z,2022-07-04T10:13:00Z,กรุงเทพมหานคร,Bangkok,expressway authority of thailand,พญาไท-บางโคล่,other,other,other,1,0,0,rainy,13.71883897,100.5187884,straight road,other
6466641,2022-06-05T23:00:00Z,2022-06-30T14:34:00Z,กรุงเทพมหานคร,Bangkok,department of highways,รัชดาภิเษก - รามอินทรา,private/passenger car,speeding,rollover/fallen on straight road,1,0,0,rainy,13.81907775,100.6802559,wide curve,no slope
7565080,2022-06-05T23:20:00Z,2023-01-20T08:40:00Z,ปทุมธานี,Pathum Thani,department of highways,สะพานคลองเปรม - สะพานข้ามแม่น้ำเจ้าพระยาปทุมธานี,van,speeding,rollover/fallen on straight road,1,0,0,clear,13.9946662,100.577192,straight road,no slope
6488411,2022-06-06T06:37:00Z,2022-07-04T10:14:00Z,กรุงเทพมหานคร,Bangkok,expressway authority of thailand,พญาไท-บางโคล่,other,other,rear-end collision,2,0,0,clear,NA,NA,wide curve,other
6319333,2022-06-06T10:49:00Z,2022-06-06T13:52:00Z,สมุทรปราการ,Samut Prakan,department of highways,แขวงคลองสองต้นนุ่น - พิมพา,private/passenger car,speeding,rear-end collision,2,0,0,clear,13.65807282,100.8624127,straight road,no slope
6416885,2022-06-06T11:59:00Z,2022-06-22T12:12:00Z,กรุงเทพมหานคร,Bangkok,department of highways,แขวงรามอินทรา - บางพลี,other,speeding,rollover/fallen on straight road,1,0,0,clear,13.76442222,100.694654,straight road,no slope
6417128,2022-06-06T17:48:00Z,2022-06-22T13:19:00Z,กรุงเทพมหานคร,Bangkok,department of highways,แขวงคลองสองต้นนุ่น - พิมพา,4-wheel pickup truck,speeding,rollover/fallen on curved road,1,0,1,clear,13.72983327,100.7563045,other,other
6445270,2022-06-06T21:09:00Z,2022-06-27T09:48:00Z,สมุทรปราการ,Samut Prakan,expressway authority of thailand,บางพลี-สุขสวัสดิ์,6-wheel truck,other,rear-end collision,2,0,1,rainy,13.634679,100.541267,grade-separated intersection/ramps,other
6368697,2022-06-06T22:42:00Z,2022-06-14T12:14:00Z,กรุงเทพมหานคร,Bangkok,expressway authority of thailand,แจ้งวัฒนะ-พญาไท,other,other,collision with obstruction (on road surface),1,0,0,clear,NA,NA,wide curve,other
6338293,2022-06-07T00:21:00Z,2022-06-09T13:54:00Z,กรุงเทพมหานคร,Bangkok,department of highways,ถนนศรีนครินทร - แขวงคลองสองต้นนุ่น,4-wheel pickup truck,speeding,rollover/fallen on straight road,1,0,0,clear,13.73238411,100.7072845,straight road,no slope
6423288,2022-06-07T03:27:00Z,2022-06-23T11:12:00Z,กรุงเทพมหานคร,Bangkok,expressway authority of thailand,รามอินทรา-อาจณรงค์,4-wheel pickup truck,other,rear-end collision,2,0,0,clear,13.817965,100.624077,straight road,other
6445318,2022-06-07T09:16:00Z,2022-06-27T09:55:00Z,สมุทรปราการ,Samut Prakan,expressway authority of thailand,บางพลี-สุขสวัสดิ์,4-wheel pickup truck,other,rear-end collision,8,0,1,clear,13.627311,100.594099,straight road,other
6417104,2022-06-07T10:07:00Z,2022-06-22T13:11:00Z,กรุงเทพมหานคร,Bangkok,department of highways,แขวงคลองสองต้นนุ่น - พิมพา,4-wheel pickup truck,overloaded vehicle,other,1,0,0,clear,13.73272283,100.7887968,straight road,no slope
6325970,2022-06-07T11:30:00Z,2022-06-07T16:26:00Z,สมุทรปราการ,Samut Prakan,department of highways,บางปู - บางพลี,4-wheel pickup truck,speeding,collision with obstruction (on road surface),1,0,0,clear,13.53054565,100.6869641,straight road,no slope
6410750,2022-06-07T12:00:00Z,2022-06-21T11:40:00Z,นครปฐม,Nakhon Pathom,department of highways,บ้านบ่อ - พระประโทน,6-wheel truck,speeding,rear-end collision,3,0,0,clear,13.7960001,100.0945821,straight road,no slope
6344926,2022-06-07T16:13:00Z,2022-06-10T11:17:00Z,สมุทรปราการ,Samut Prakan,department of highways,แขวงคลองสองต้นนุ่น - พิมพา,4-wheel pickup truck,speeding,rear-end collision,2,0,0,clear,13.66546435,100.8509409,straight road,no slope
6327307,2022-06-07T19:38:00Z,2022-06-07T21:37:00Z,กรุงเทพมหานคร,Bangkok,expressway authority of thailand,พญาไท-บางโคล่,other,other,rear-end collision,2,0,0,clear,NA,NA,straight road,other
7451484,2022-06-07T19:50:00Z,2022-12-10T13:41:00Z,กรุงเทพมหานคร,Bangkok,department of highways,ไม่ทราบ,motorcycle,speeding,rear-end collision,2,0,1,clear,13.6695223,100.451674,straight road,no slope
7565082,2022-06-08T08:10:00Z,2023-01-20T08:44:00Z,ปทุมธานี,Pathum Thani,department of highways,บางคูวัด - บางพูน,4-wheel pickup truck,speeding,rollover/fallen on straight road,1,0,0,clear,13.9613037,100.5187547,straight road,no slope
6730178,2022-06-08T13:30:00Z,2022-08-16T15:29:00Z,กรุงเทพมหานคร,Bangkok,department of highways,แขวงคลองสองต้นนุ่น - พิมพา,large truck with trailer,speeding,rollover/fallen on curved road,1,0,0,clear,13.72998439,100.758107,wide curve,no slope
6470595,2022-06-08T14:40:00Z,2022-07-01T06:16:00Z,สมุทรสาคร,Samut Sakhon,department of highways,บ้านบ่อ - พระประโทน,large truck with trailer,speeding,rollover/fallen on straight road,1,0,0,rainy,13.64841605,100.0909075,straight road,no slope
6470566,2022-06-08T22:00:00Z,2022-07-01T06:13:00Z,นครปฐม,Nakhon Pathom,department of highways,บ้านบ่อ - พระประโทน,4-wheel pickup truck,speeding,rear-end collision,2,0,0,rainy,13.80193123,100.0955102,straight road,no slope
7567869,2022-06-08T22:30:00Z,2023-01-24T06:56:00Z,นครปฐม,Nakhon Pathom,department of highways,พระประโทน - สระกระเทียม,private/passenger car,speeding,rollover/fallen on straight road,1,0,0,clear,13.81282489,100.0795981,straight road,no slope
6368712,2022-06-08T23:35:00Z,2022-06-14T12:16:00Z,กรุงเทพมหานคร,Bangkok,expressway authority of thailand,พญาไท-ศรีนครินทร์,other,other,collision with obstruction (on road surface),1,0,0,clear,NA,NA,wide curve,other
6417206,2022-06-09T05:50:00Z,2022-06-22T13:30:00Z,กรุงเทพมหานคร,Bangkok,department of highways,บางปะอิน - แขวงรามอินทรา,large truck with trailer,speeding,rear-end collision,2,0,0,clear,13.89818337,100.693801,straight road,no slope
6351954,2022-06-09T09:00:00Z,2022-06-11T13:07:00Z,กรุงเทพมหานคร,Bangkok,department of highways,บางปะอิน - แขวงรามอินทรา,other,speeding,rollover/fallen on straight road,1,0,0,clear,13.86891871,100.67866,straight road,no slope
7560841,2022-06-09T09:00:00Z,2023-01-16T14:42:00Z,กรุงเทพมหานคร,Bangkok,department of highways,รัชดาภิเษก - รามอินทรา,private/passenger car,speeding,rollover/fallen on straight road,1,0,0,clear,13.81896055,100.6797919,straight road,no slope
6351787,2022-06-09T10:00:00Z,2022-06-11T12:19:00Z,กรุงเทพมหานคร,Bangkok,department of highways,บางปะอิน - แขวงรามอินทรา,other,speeding,rollover/fallen on straight road,1,0,0,clear,13.86467934,100.6773913,straight road,no slope
6351570,2022-06-09T10:15:00Z,2022-06-11T11:14:00Z,กรุงเทพมหานคร,Bangkok,department of highways,บางปะอิน - แขวงรามอินทรา,other,speeding,rollover/fallen on straight road,1,0,0,clear,13.84445792,100.6725821,straight road,no slope
6416883,2022-06-09T11:05:00Z,2022-06-22T12:13:00Z,ปทุมธานี,Pathum Thani,department of highways,บางปะอิน - แขวงรามอินทรา,other,speeding,rollover/fallen on straight road,1,0,0,clear,14.0922402,100.6912771,straight road,no slope
6351229,2022-06-09T12:30:00Z,2022-06-11T09:47:00Z,กรุงเทพมหานคร,Bangkok,department of highways,แขวงรามอินทรา - บางพลี,7-10-wheel truck,speeding,rollover/fallen on straight road,1,0,0,clear,13.76780893,100.6924975,straight road,no slope
6488846,2022-06-09T19:30:00Z,2022-07-04T11:19:00Z,ปทุมธานี,Pathum Thani,department of highways,คลองบางหลวง - ต่างระดับเชียงรากน้อย,large truck with trailer,speeding,collision with obstruction (on road surface),1,0,0,rainy,14.09900137,100.5267128,other,other
6344499,2022-06-10T01:40:00Z,2022-06-10T10:25:00Z,กรุงเทพมหานคร,Bangkok,department of highways,แขวงรามอินทรา - บางพลี,7-10-wheel truck,speeding,rear-end collision,3,0,2,clear,13.67546443,100.6993773,straight road,no slope
6351671,2022-06-10T03:30:00Z,2022-06-11T11:44:00Z,กรุงเทพมหานคร,Bangkok,department of highways,ถนนศรีนครินทร - แขวงคลองสองต้นนุ่น,private/passenger car,falling asleep,rollover/fallen on straight road,7,0,0,clear,13.73312668,100.6968024,straight road,no slope
6343554,2022-06-10T05:22:00Z,2022-06-10T08:40:00Z,ปทุมธานี,Pathum Thani,department of highways,บางปะอิน - แขวงรามอินทรา,4-wheel pickup truck,speeding,rear-end collision,2,0,0,clear,14.08168312,100.6950295,straight road,no slope
6416708,2022-06-10T09:20:00Z,2022-06-22T11:20:00Z,กรุงเทพมหานคร,Bangkok,department of highways,บางปะอิน - แขวงรามอินทรา,6-wheel truck,speeding,rear-end collision,2,0,0,clear,13.86818438,100.6783435,straight road,no slope
6566831,2022-06-10T10:50:00Z,2022-06-14T11:11:00Z,กรุงเทพมหานคร,Bangkok,department of rural roads,สะพานภูมิพลที่ 1 ไปสะพานภูมิพลที่ 2,large truck with trailer,speeding,other,2,0,0,clear,13.684536,100.543357,straight road,slope area
6346024,2022-06-10T11:31:00Z,2022-06-10T15:08:00Z,กรุงเทพมหานคร,Bangkok,department of highways,แขวงคลองสองต้นนุ่น - พิมพา,4-wheel pickup truck,speeding,rear-end collision,2,0,0,clear,13.7299401,100.7272455,straight road,no slope
6345958,2022-06-10T11:42:00Z,2022-06-10T14:50:00Z,กรุงเทพมหานคร,Bangkok,department of highways,แขวงคลองสองต้นนุ่น - พิมพา,4-wheel pickup truck,speeding,rear-end collision,3,0,0,clear,13.729518,100.7435775,straight road,no slope
6369313,2022-06-10T15:13:00Z,2022-06-14T14:18:00Z,สมุทรปราการ,Samut Prakan,department of highways,แขวงคลองสองต้นนุ่น - พิมพา,private/passenger car,speeding,rear-end collision,3,0,0,clear,13.66694211,100.848645,straight road,no slope
7561803,2022-06-10T16:00:00Z,2023-01-17T14:50:00Z,นนทบุรี,Nonthaburi,department of highways,คลองมหาสวัสดิ์ - คลองบางไผ่,large truck with trailer,speeding,rear-end collision,3,0,0,clear,13.85541911,100.4116782,straight road,no slope
6369217,2022-06-10T16:06:00Z,2022-06-14T13:58:00Z,สมุทรปราการ,Samut Prakan,department of highways,แขวงคลองสองต้นนุ่น - พิมพา,private/passenger car,speeding,rear-end collision,3,0,0,clear,13.66595694,100.8501765,straight road,no slope
6369118,2022-06-10T16:51:00Z,2022-06-14T13:39:00Z,กรุงเทพมหานคร,Bangkok,department of highways,แขวงคลองสองต้นนุ่น - พิมพา,6-wheel truck,speeding,rear-end collision,2,0,0,clear,13.73101359,100.7172945,straight road,no slope
6566837,2022-06-10T17:40:00Z,2022-06-14T11:11:00Z,กรุงเทพมหานคร,Bangkok,department of rural roads,สะพานภูมิพลที่ 1 ไปสะพานภูมิพลที่ 2,motorcycle,speeding,other,2,0,2,clear,13.684646,100.543561,straight road,slope area
6416715,2022-06-10T18:00:00Z,2022-06-22T11:26:00Z,ปทุมธานี,Pathum Thani,department of highways,บางปะอิน - แขวงรามอินทรา,private/passenger car,speeding,rear-end collision,2,0,0,rainy,14.06537826,100.6966281,straight road,no slope
6351251,2022-06-10T22:18:00Z,2022-06-11T09:52:00Z,ปทุมธานี,Pathum Thani,department of highways,บางปะอิน - แขวงรามอินทรา,4-wheel pickup truck,speeding,rear-end collision,2,0,0,rainy,14.0499465,100.6981864,straight road,no slope
6351302,2022-06-10T22:57:00Z,2022-06-11T10:04:00Z,ปทุมธานี,Pathum Thani,department of highways,บางปะอิน - แขวงรามอินทรา,4-wheel pickup truck,speeding,rear-end collision,2,0,0,rainy,14.050864990000001,100.6981543,straight road,no slope
6472948,2022-06-10T23:52:00Z,2022-07-01T15:15:00Z,สมุทรปราการ,Samut Prakan,department of highways,แขวงคลองสองต้นนุ่น - พิมพา,private/passenger car,speeding,rear-end collision,3,0,0,rainy,13.64282772,100.8861369,straight road,no slope
6466667,2022-06-11T00:10:00Z,2022-06-30T14:36:00Z,กรุงเทพมหานคร,Bangkok,department of highways,มีนบุรี - แยกเคหะร่มเกล้า,private/passenger car,speeding,rollover/fallen on straight road,1,0,1,clear,13.78894091,100.7461685,straight road,no slope
6410309,2022-06-11T09:00:00Z,2022-06-21T10:03:00Z,กรุงเทพมหานคร,Bangkok,department of highways,แขวงรามอินทรา - บางพลี,4-wheel pickup truck,speeding,rear-end collision,2,0,0,clear,13.77224806,100.6901318,straight road,no slope
6416188,2022-06-11T10:20:00Z,2022-06-22T09:44:00Z,ปทุมธานี,Pathum Thani,department of highways,บางปะอิน - แขวงรามอินทรา,other,speeding,rollover/fallen on straight road,1,0,0,clear,14.06000549,100.6975856,straight road,no slope