acc_code,incident_datetime,report_datetime,province_th,province_en,agency,route,vehicle_type,presumed_cause,accident_type,number_of_vehicles_involved,number_of_fatalities,number_of_injuries,weather_condition,latitude,longitude,road_description,slope_description
6369649,2022-06-11T12:00:00Z,2022-06-14T15:21:00Z,นครปฐม,Nakhon Pathom,department of highways,ลาดบัวหลวง - สองพี่น้อง,4-wheel pickup truck,cutting in closely by people/vehicles/animals,rear-end collision,2,1,3,clear,14.15817838,100.1785782,straight road,no slope
7419655,2022-06-11T16:00:00Z,2022-11-30T14:20:00Z,นครปฐม,Nakhon Pathom,department of highways,ลำลูกบัว - หนองกระทุ่ม,large truck with trailer,speeding,rear-end collision,2,0,4,clear,14.01203527,99.93838368,straight road,no slope
6488841,2022-06-11T20:00:00Z,2022-07-04T11:18:00Z,ปทุมธานี,Pathum Thani,department of highways,บ้านพร้าว - คลองห้า,4-wheel pickup truck,speeding,rollover/fallen on straight road,1,0,0,clear,14.06710064,100.70214,straight road,no slope
6566845,2022-06-11T20:17:00Z,2022-06-14T11:12:00Z,สมุทรปราการ,Samut Prakan,department of rural roads,สะพานภูมิพลที่ 2 ไปสะพานภูมิพลที่ 1,motorcycle,falling asleep,other,2,0,1,clear,13.666616,100.538206,grade-separated intersection/ramps,other
6354717,2022-06-11T23:16:00Z,2022-06-12T00:23:00Z,กรุงเทพมหานคร,Bangkok,expressway authority of thailand,พญาไท-ศรีนครินทร์,other,other,rear-end collision,2,0,0,clear,NA,NA,other,other
6445391,2022-06-12T01:15:00Z,2022-06-27T10:07:00Z,สมุทรปราการ,Samut Prakan,expressway authority of thailand,บางพลี-สุขสวัสดิ์,other,other,rear-end collision,1,0,1,clear,13.602119,100.651355,wide curve,other
6416706,2022-06-12T04:30:00Z,2022-06-22T11:23:00Z,ปทุมธานี,Pathum Thani,department of highways,บางปะอิน - แขวงรามอินทรา,large truck with trailer,vehicle equipment failure,rollover/fallen on straight road,1,0,0,clear,13.99849198,100.7092666,straight road,no slope
6423209,2022-06-12T06:12:00Z,2022-06-23T10:55:00Z,กรุงเทพมหานคร,Bangkok,expressway authority of thailand,ดินแดง-ท่าเรือ,other,other,side collision,3,0,3,clear,13.75312387,100.5472333,straight road,other
6416207,2022-06-12T07:00:00Z,2022-06-22T09:47:00Z,สมุทรปราการ,Samut Prakan,department of highways,แขวงคลองสองต้นนุ่น - พิมพา,6-wheel truck,speeding,rear-end collision,2,0,0,clear,13.62505051,100.9135437,straight road,no slope
6445368,2022-06-12T07:40:00Z,2022-06-27T10:04:00Z,กรุงเทพมหานคร,Bangkok,expressway authority of thailand,บางพลี-สุขสวัสดิ์,other,other,collision with obstruction (on road surface),1,0,0,clear,NA,NA,grade-separated intersection/ramps,other
7451470,2022-06-12T10:30:00Z,2022-12-10T13:54:00Z,กรุงเทพมหานคร,Bangkok,department of highways,ไม่ทราบ,private/passenger car,speeding,rear-end collision,2,0,1,clear,13.61705555,100.3847931,straight road,no slope
6423736,2022-06-12T11:30:00Z,2022-06-23T12:58:00Z,กรุงเทพมหานคร,Bangkok,department of highways,แขวงรามอินทรา - บางพลี,private/passenger car,vehicle equipment failure,other,1,0,0,clear,13.71096039,100.7001874,straight road,no slope
6368348,2022-06-12T15:23:00Z,2022-06-14T10:42:00Z,สมุทรปราการ,Samut Prakan,department of highways,แขวงคลองสองต้นนุ่น - พิมพา,private/passenger car,speeding,rear-end collision,2,0,0,clear,13.66349399,100.8539986,straight road,no slope
6423303,2022-06-12T23:06:00Z,2022-06-23T11:15:00Z,กรุงเทพมหานคร,Bangkok,expressway authority of thailand,รามอินทรา-อาจณรงค์,other,other,rear-end collision,2,0,2,clear,NA,NA,wide curve,other
6416738,2022-06-13T05:00:00Z,2022-06-22T11:31:00Z,กรุงเทพมหานคร,Bangkok,department of highways,แขวงรามอินทรา - บางพลี,large truck with trailer,speeding,rollover/fallen on straight road,1,0,0,rainy,13.70551947,100.7000023,straight road,no slope
7438253,2022-06-13T05:00:00Z,2022-12-07T10:09:00Z,นครปฐม,Nakhon Pathom,department of highways,ไม่ทราบ,4-wheel pickup truck,vehicle equipment failure,rollover/fallen on straight road,1,0,0,clear,14.02449783,100.1431087,other,other
6364231,2022-06-13T08:49:00Z,2022-06-13T17:15:00Z,กรุงเทพมหานคร,Bangkok,expressway authority of thailand,พญาไท-บางโคล่,other,other,rear-end collision,3,0,0,clear,NA,NA,straight road,other
7561177,2022-06-13T11:00:00Z,2023-01-17T06:34:00Z,กรุงเทพมหานคร,Bangkok,department of highways,แยกเข้ามีนบุรี - คลองหลวงแพ่ง,other,speeding,rollover/fallen on straight road,1,0,0,clear,13.81247247,100.7811364,straight road,no slope
6694555,2022-06-13T15:30:00Z,2022-08-10T14:22:00Z,นนทบุรี,Nonthaburi,department of highways,คลองมหาสวัสดิ์ - คลองบางไผ่,4-wheel pickup truck,speeding,rollover/fallen on straight road,1,0,0,clear,13.86387729,100.4109031,straight road,no slope
6364230,2022-06-13T15:37:00Z,2022-06-13T17:15:00Z,กรุงเทพมหานคร,Bangkok,expressway authority of thailand,แจ้งวัฒนะ-พญาไท,other,other,rear-end collision,3,0,0,clear,NA,NA,straight road,other
6365466,2022-06-13T16:30:00Z,2022-06-13T22:04:00Z,ปทุมธานี,Pathum Thani,expressway authority of thailand,บางปะอิน-แจ้งวัฒนะ,other,other,other,1,0,0,rainy,14.022863,100.576812,straight road,other
7565001,2022-06-13T18:00:00Z,2023-01-20T06:52:00Z,สมุทรปราการ,Samut Prakan,department of highways,ทางเข้าท่าอากาศยานสุวรรณภูมิ - บางวัว,private/passenger car,speeding,rear-end collision,2,0,1,clear,13.61572477,100.7486375,straight road,no slope
6416248,2022-06-14T00:15:00Z,2022-06-22T09:55:00Z,กรุงเทพมหานคร,Bangkok,department of highways,บางปะอิน - แขวงรามอินทรา,private/passenger car,speeding,rear-end collision,2,0,1,clear,13.90226331,100.6956249,straight road,no slope
6423788,2022-06-14T04:30:00Z,2022-06-23T13:06:00Z,ปทุมธานี,Pathum Thani,department of highways,บางปะอิน - แขวงรามอินทรา,large truck with trailer,speeding,rollover/fallen on straight road,1,0,0,clear,13.9664289,100.7128286,straight road,no slope
6416183,2022-06-14T05:45:00Z,2022-06-22T09:40:00Z,ปทุมธานี,Pathum Thani,department of highways,บางปะอิน - แขวงรามอินทรา,other,speeding,rollover/fallen on curved road,1,0,0,clear,14.00866774,100.7073435,wide curve,no slope
6445418,2022-06-14T07:13:00Z,2022-06-27T10:12:00Z,สมุทรปราการ,Samut Prakan,expressway authority of thailand,บางพลี-สุขสวัสดิ์,other,other,rear-end collision,2,0,1,clear,13.633906,100.539561,straight road,other
6416222,2022-06-14T08:05:00Z,2022-06-22T09:53:00Z,ปทุมธานี,Pathum Thani,department of highways,บางปะอิน - แขวงรามอินทรา,4-wheel pickup truck,speeding,rear-end collision,2,0,0,clear,13.93501217,100.7088992,straight road,no slope
6566860,2022-06-14T08:30:00Z,2022-06-20T10:54:00Z,สมุทรปราการ,Samut Prakan,department of rural roads,ถนนวงแหวนอุตสาหกรรมเข้าสะพานภูมิพลที่ 1,motorcycle,speeding,other,2,0,1,clear,13.664994,100.523486,straight road,no slope
6423741,2022-06-14T11:45:00Z,2022-06-23T12:57:00Z,กรุงเทพมหานคร,Bangkok,department of highways,แขวงรามอินทรา - บางพลี,large truck with trailer,speeding,other,1,0,0,clear,13.77737483,100.6873718,straight road,no slope
6374966,2022-06-14T14:19:00Z,2022-06-15T11:24:00Z,กรุงเทพมหานคร,Bangkok,department of highways,แขวงคลองสองต้นนุ่น - พิมพา,private/passenger car,speeding,rear-end collision,4,0,0,clear,13.73382236,100.7987451,straight road,no slope
6423789,2022-06-14T14:50:00Z,2022-06-23T13:07:00Z,กรุงเทพมหานคร,Bangkok,department of highways,บางปะอิน - แขวงรามอินทรา,4-wheel pickup truck,vehicle equipment failure,rollover/fallen on straight road,1,0,0,clear,13.84622102,100.6726974,straight road,no slope
7561176,2022-06-14T14:50:00Z,2023-01-17T06:34:00Z,กรุงเทพมหานคร,Bangkok,department of highways,แยกเข้ามีนบุรี - คลองหลวงแพ่ง,other,speeding,rollover/fallen on straight road,1,0,0,clear,13.81517086,100.7537645,straight road,no slope
6423214,2022-06-14T19:42:00Z,2022-06-23T10:56:00Z,กรุงเทพมหานคร,Bangkok,expressway authority of thailand,ดินแดง-ท่าเรือ,other,other,side collision,2,0,0,clear,13.71989444,100.5528577,wide curve,other
6386883,2022-06-15T04:00:00Z,2022-06-17T11:18:00Z,ปทุมธานี,Pathum Thani,department of highways,บางปะอิน - แขวงรามอินทรา,4-wheel pickup truck,speeding,rollover/fallen on straight road,1,0,0,clear,14.01960813,100.6999808,straight road,no slope
7414974,2022-06-15T10:00:00Z,2022-11-29T11:02:00Z,กรุงเทพมหานคร,Bangkok,department of highways,คู้บอน - ประเวศ,other,speeding,rollover/fallen on straight road,1,0,0,clear,13.81380864,100.6773323,straight road,no slope
6488516,2022-06-15T10:46:00Z,2022-07-04T10:32:00Z,สมุทรปราการ,Samut Prakan,expressway authority of thailand,บางพลี-สุขสวัสดิ์,other,other,rear-end collision,2,0,0,clear,13.632945,100.573726,straight road,other
6466761,2022-06-15T14:15:00Z,2022-06-30T14:51:00Z,นนทบุรี,Nonthaburi,department of highways,บางบัวทอง - ไทรน้อย,private/passenger car,speeding,rollover/fallen on straight road,1,0,0,clear,13.98106203,100.3250804,straight road,no slope
6387038,2022-06-15T19:15:00Z,2022-06-17T12:00:00Z,กรุงเทพมหานคร,Bangkok,department of highways,บางปะอิน - แขวงรามอินทรา,private/passenger car,speeding,rear-end collision,2,0,0,clear,13.90066728,100.6947479,straight road,no slope
6566885,2022-06-15T22:15:00Z,2022-06-20T10:57:00Z,สมุทรปราการ,Samut Prakan,department of rural roads,ออกจากสะพานภูมิพลที่ 2 ไปถนนวงแหวนอุตสาหกรรม,private/passenger car,abrupt lane change,other,2,0,1,clear,13.663688,100.530367,straight road,slope area
6466743,2022-06-16T02:30:00Z,2022-06-30T14:49:00Z,นนทบุรี,Nonthaburi,department of highways,คลองบางไผ่ - คลองบางหลวง,4-wheel pickup truck,speeding,rollover/fallen on straight road,1,0,1,clear,13.8977772,100.407722,straight road,no slope
6488373,2022-06-16T07:28:00Z,2022-07-04T10:08:00Z,นนทบุรี,Nonthaburi,expressway authority of thailand,หมอชิต-กาญจนาฯ,other,other,rear-end collision,7,0,1,rainy,13.793528,100.481222,straight road,other
7451743,2022-06-16T07:30:00Z,2022-12-10T14:59:00Z,กรุงเทพมหานคร,Bangkok,department of highways,ไม่ทราบ,4-wheel pickup truck,speeding,rear-end collision,2,0,0,clear,13.67206075,100.4549383,straight road,no slope
6387085,2022-06-16T09:40:00Z,2022-06-17T12:15:00Z,กรุงเทพมหานคร,Bangkok,department of highways,บางปะอิน - แขวงรามอินทรา,4-wheel pickup truck,speeding,rear-end collision,2,0,0,rainy,13.82366957,100.674524,straight road,no slope
6387215,2022-06-16T10:05:00Z,2022-06-17T12:46:00Z,กรุงเทพมหานคร,Bangkok,department of highways,บางปะอิน - แขวงรามอินทรา,4-wheel pickup truck,speeding,rear-end collision,2,0,0,rainy,13.81929654,100.6756344,straight road,no slope
6445435,2022-06-16T15:30:00Z,2022-06-27T10:14:00Z,สมุทรปราการ,Samut Prakan,expressway authority of thailand,บางพลี-สุขสวัสดิ์,4-wheel pickup truck,other,rear-end collision,2,0,3,clear,13.601312,100.639084,straight road,other
6566877,2022-06-16T23:47:00Z,2022-06-20T10:58:00Z,สมุทรปราการ,Samut Prakan,department of rural roads,สะพานภูมิพลที่ 1 ไปสะพานภูมิพลที่ 2,motorcycle,speeding,other,2,0,1,clear,13.666665,100.538469,y-intersection,other
6387297,2022-06-17T06:59:00Z,2022-06-17T13:12:00Z,กรุงเทพมหานคร,Bangkok,department of highways,แขวงคลองสองต้นนุ่น - พิมพา,private/passenger car,speeding,rollover/fallen on straight road,1,0,1,rainy,13.7294737,100.8105495,straight road,no slope
6392958,2022-06-17T09:20:00Z,2022-06-18T10:27:00Z,กรุงเทพมหานคร,Bangkok,department of highways,แขวงรามอินทรา - บางพลี,private/passenger car,speeding,rear-end collision,4,0,0,clear,13.77225066,100.6901237,straight road,no slope
6466764,2022-06-17T10:45:00Z,2022-06-30T14:52:00Z,นนทบุรี,Nonthaburi,department of highways,คลองบางไผ่ - คลองบางหลวง,private/passenger car,speeding,rollover/fallen on straight road,1,0,0,clear,13.9700287,100.4336133,straight road,no slope
6388295,2022-06-17T16:18:00Z,2022-06-17T17:02:00Z,กรุงเทพมหานคร,Bangkok,expressway authority of thailand,พญาไท-บางโคล่,other,other,rear-end collision,4,0,0,clear,13.76677765,100.5276217,straight road,other
6445442,2022-06-17T21:50:00Z,2022-06-27T10:16:00Z,สมุทรปราการ,Samut Prakan,expressway authority of thailand,บางพลี-สุขสวัสดิ์,other,other,rear-end collision,3,0,4,clear,13.634536,100.56841,straight road,other
6399070,2022-06-17T22:30:00Z,2022-06-19T11:39:00Z,ปทุมธานี,Pathum Thani,department of highways,บางปะอิน - แขวงรามอินทรา,4-wheel pickup truck,speeding,rear-end collision,2,0,0,clear,14.06720211,100.6964752,straight road,no slope
7528148,2022-06-18T01:30:00Z,2022-12-31T13:41:00Z,กรุงเทพมหานคร,Bangkok,department of highways,ดินแดง - งามวงศ์วาน,private/passenger car,speeding,rear-end collision,2,0,0,clear,13.83935171,100.5577311,straight road,no slope
6466863,2022-06-18T02:30:00Z,2022-06-30T15:14:00Z,สมุทรปราการ,Samut Prakan,department of highways,ราษฎร์บูรณะ - พระสมุทรเจดีย์,large truck with trailer,falling asleep,rear-end collision,4,0,2,clear,13.65027185,100.5224213,straight road,no slope
6445089,2022-06-18T02:57:00Z,2022-06-27T09:20:00Z,กรุงเทพมหานคร,Bangkok,expressway authority of thailand,บางนา-ชลบุรี,other,other,rollover/fallen on straight road,1,0,0,clear,NA,NA,straight road,other
6423237,2022-06-18T06:10:00Z,2022-06-23T11:02:00Z,กรุงเทพมหานคร,Bangkok,expressway authority of thailand,ดาวคะนอง-ท่าเรือ,other,other,rear-end collision,2,0,2,clear,13.67032097,100.505409,wide curve,other
6393427,2022-06-18T10:19:00Z,2022-06-18T12:32:00Z,กรุงเทพมหานคร,Bangkok,expressway authority of thailand,พญาไท-ศรีนครินทร์,other,other,collision with obstruction (on road surface),1,0,0,clear,NA,NA,other,other
6398967,2022-06-18T12:30:00Z,2022-06-19T11:07:00Z,กรุงเทพมหานคร,Bangkok,department of highways,แขวงรามอินทรา - บางพลี,4-wheel pickup truck,speeding,rollover/fallen on straight road,1,0,0,clear,13.80693753,100.6788853,straight road,no slope
6394375,2022-06-18T14:50:00Z,2022-06-18T16:40:00Z,กรุงเทพมหานคร,Bangkok,expressway authority of thailand,พญาไท-ศรีนครินทร์,van,other,rear-end collision,2,0,0,clear,13.76807397,100.5380748,wide curve,other
7564983,2022-06-18T14:52:00Z,2023-01-20T06:47:00Z,กรุงเทพมหานคร,Bangkok,department of highways,บางนา - ทางเข้าท่าอากาศยานสุวรรณภูมิ,private/passenger car,speeding,rear-end collision,2,0,1,clear,13.66685871,100.640059,straight road,no slope
6566934,2022-06-18T19:50:00Z,2022-06-27T09:07:00Z,สมุทรปราการ,Samut Prakan,department of rural roads,สะพานภูมิพลที่ 1 ไปสะพานภูมิพลที่ 2,7-10-wheel truck,speeding,other,2,0,0,clear,13.652792,100.541216,straight road,slope area
7564262,2022-06-19T00:30:00Z,2023-01-19T11:47:00Z,สมุทรสาคร,Samut Sakhon,department of highways,อ้อมน้อย - สมุทรสาคร,4-wheel pickup truck,speeding,rollover/fallen on curved road,1,0,0,clear,13.57658911,100.2734613,wide curve,no slope
6566936,2022-06-19T03:46:00Z,2022-06-27T09:13:00Z,กรุงเทพมหานคร,Bangkok,department of rural roads,สะพานพระราม 3,passenger pickup truck,speeding,other,1,0,1,clear,13.699632,100.494714,straight road,slope area
6416751,2022-06-19T05:30:00Z,2022-06-22T11:37:00Z,กรุงเทพมหานคร,Bangkok,department of highways,แขวงรามอินทรา - บางพลี,large truck with trailer,speeding,rollover/fallen on straight road,1,0,0,clear,13.76440138,100.6943107,straight road,no slope
6398927,2022-06-19T06:08:00Z,2022-06-19T11:03:00Z,นนทบุรี,Nonthaburi,expressway authority of thailand,แจ้งวัฒนะ-พญาไท,other,other,rear-end collision,2,0,0,clear,13.850065,100.5333966,straight road,other
6496188,2022-06-19T07:00:00Z,2022-07-05T15:24:00Z,นครปฐม,Nakhon Pathom,department of highways,พุทธมณฑลสาย 4 - นครชัยศรี,4-wheel pickup truck,speeding,rollover/fallen on straight road,1,0,0,clear,13.77282899,100.2099761,straight road,no slope
7418642,2022-06-19T07:00:00Z,2022-11-30T09:56:00Z,กรุงเทพมหานคร,Bangkok,department of highways,ดินแดง - งามวงศ์วาน,private/passenger car,speeding,rollover/fallen on straight road,1,0,0,clear,13.8299568,100.5576119,straight road,no slope
7419647,2022-06-19T10:00:00Z,2022-11-30T14:19:00Z,นครปฐม,Nakhon Pathom,department of highways,บางเลน - ลำลูกบัว,private/passenger car,speeding,rollover/fallen on straight road,1,0,2,clear,14.03667867,100.1043266,straight road,no slope
6566925,2022-06-19T11:52:00Z,2022-06-27T09:05:00Z,สมุทรปราการ,Samut Prakan,department of rural roads,สะพานภูมิพลที่ 1 ไปสะพานภูมิพลที่ 2,motorcycle,speeding,other,2,0,2,clear,13.655323,100.540833,straight road,slope area
6471526,2022-06-19T15:37:00Z,2022-07-01T09:42:00Z,สมุทรปราการ,Samut Prakan,department of highways,แขวงคลองสองต้นนุ่น - พิมพา,private/passenger car,speeding,rear-end collision,3,0,0,clear,13.66595694,100.8501765,straight road,no slope
7558120,2022-06-19T18:20:00Z,2023-01-12T13:42:00Z,ปทุมธานี,Pathum Thani,department of highways,บางปะอิน - แขวงรามอินทรา,private/passenger car,speeding,rear-end collision,2,0,6,clear,14.14429003,100.6621697,straight road,no slope
7033519,2022-06-19T21:20:00Z,2022-10-04T09:42:00Z,นครปฐม,Nakhon Pathom,department of highways,นครปฐม - ดอนตูม,4-wheel pickup truck,speeding,rollover/fallen on straight road,1,0,1,clear,13.83447547,100.0684333,straight road,no slope
6406012,2022-06-19T22:00:00Z,2022-06-20T15:48:00Z,กรุงเทพมหานคร,Bangkok,department of highways,แขวงรามอินทรา - บางพลี,private/passenger car,speeding,rear-end collision,2,0,2,clear,13.71537714,100.7000801,other,other
7561557,2022-06-19T22:45:00Z,2023-01-17T10:39:00Z,กรุงเทพมหานคร,Bangkok,department of highways,อรุณอมรินทร์ - พุทธมณฑลสาย 4,private/passenger car,cutting in closely by people/vehicles/animals,pedestrian collision,1,1,0,clear,13.7838196,100.4025078,straight road,no slope
7567183,2022-06-20T00:30:00Z,2023-01-23T11:25:00Z,นครปฐม,Nakhon Pathom,department of highways,หนองปลาไหล - ดอนตูม,4-wheel pickup truck,speeding,rollover/fallen on straight road,3,0,1,clear,13.95338142,100.0508541,straight road,no slope
7561577,2022-06-20T03:00:00Z,2023-01-17T10:53:00Z,กรุงเทพมหานคร,Bangkok,department of highways,อรุณอมรินทร์ - พุทธมณฑลสาย 4,private/passenger car,speeding,rollover/fallen on straight road,1,1,0,clear,13.78114689,100.4249525,straight road,no slope
7565083,2022-06-20T06:00:00Z,2023-01-20T08:42:00Z,ปทุมธานี,Pathum Thani,department of highways,สะพานคลองเปรม - สะพานข้ามแม่น้ำเจ้าพระยาปทุมธานี,private/passenger car,speeding,rollover/fallen on straight road,1,0,0,clear,13.9847553,100.5937573,straight road,no slope
6566938,2022-06-20T19:50:00Z,2022-06-27T09:14:00Z,สมุทรปราการ,Samut Prakan,department of rural roads,ออกจากสะพานภูมิพลที่ 2 ไปถนนวงแหวนอุตสาหกรรม,private/passenger car,tailgating,other,2,0,0,clear,13.664341,100.534456,straight road,slope area
6423244,2022-06-20T21:40:00Z,2022-06-23T11:04:00Z,กรุงเทพมหานคร,Bangkok,expressway authority of thailand,ดินแดง-ท่าเรือ,other,other,rear-end collision,2,0,0,other,NA,NA,straight road,other
7565116,2022-06-21T00:01:00Z,2023-01-20T08:53:00Z,ปทุมธานี,Pathum Thani,department of highways,ต่างระดับคลองหลวง - ประตูน้ำพระอินทร์,4-wheel pickup truck,speeding,rollover/fallen on straight road,1,0,0,rainy,14.10009396,100.6186589,straight road,no slope
6416112,2022-06-21T00:32:00Z,2022-06-22T09:25:00Z,กรุงเทพมหานคร,Bangkok,department of highways,แขวงรามอินทรา - บางพลี,4-wheel pickup truck,speeding,rollover/fallen on straight road,1,0,0,rainy,13.70737742,100.7000425,straight road,no slope
6429293,2022-06-21T04:36:00Z,2022-06-24T13:43:00Z,กรุงเทพมหานคร,Bangkok,department of highways,บางปะอิน - แขวงรามอินทรา,7-10-wheel truck,speeding,rear-end collision,2,0,0,clear,13.87055663,100.6794727,straight road,no slope
7558133,2022-06-21T09:30:00Z,2023-01-12T13:46:00Z,สมุทรปราการ,Samut Prakan,department of highways,แขวงคลองสองต้นนุ่น - พิมพา,6-wheel truck,speeding,rear-end collision,2,0,1,clear,13.62586902,100.9125352,straight road,no slope
7567882,2022-06-21T16:00:00Z,2023-01-24T07:10:00Z,นครปฐม,Nakhon Pathom,department of highways,นครปฐม - ดอนตูม,private/passenger car,falling asleep,rollover/fallen on straight road,1,0,0,clear,13.9008235,100.062924,straight road,no slope
6466866,2022-06-21T16:35:00Z,2022-06-30T15:11:00Z,สมุทรปราการ,Samut Prakan,department of highways,ทางเข้าท่าอากาศยานสุวรรณภูมิ - บางวัว,motorcycle,cutting in closely by people/vehicles/animals,rear-end collision,2,0,1,clear,13.5891297,100.833013,straight road,no slope
6566941,2022-06-21T19:45:00Z,2022-06-27T09:14:00Z,สมุทรปราการ,Samut Prakan,department of rural roads,สะพานภูมิพลที่ 1 ไปสะพานภูมิพลที่ 2,passenger pickup truck,abrupt lane change,other,2,0,0,rainy,13.662518,100.539012,straight road,slope area
7451735,2022-06-21T20:20:00Z,2022-12-10T15:07:00Z,กรุงเทพมหานคร,Bangkok,department of highways,ไม่ทราบ,4-wheel pickup truck,speeding,rear-end collision,2,0,0,clear,13.64001005,100.407946,straight road,no slope
6423256,2022-06-21T21:16:00Z,2022-06-23T11:06:00Z,กรุงเทพมหานคร,Bangkok,expressway authority of thailand,ดินแดง-ท่าเรือ,other,other,other,1,0,0,rainy,13.75764618,100.5448227,wide curve,other
6415880,2022-06-21T23:08:00Z,2022-06-22T08:38:00Z,กรุงเทพมหานคร,Bangkok,department of highways,แขวงรามอินทรา - บางพลี,6-wheel truck,speeding,rear-end collision,2,1,0,clear,13.70827903,100.7000828,straight road,no slope
6471677,2022-06-21T23:46:00Z,2022-07-01T10:10:00Z,สมุทรปราการ,Samut Prakan,department of highways,แขวงคลองสองต้นนุ่น - พิมพา,4-wheel pickup truck,speeding,rollover/fallen on straight road,1,0,0,clear,13.62611406,100.9121623,straight road,no slope
6440881,2022-06-22T02:55:00Z,2022-06-26T14:34:00Z,กรุงเทพมหานคร,Bangkok,department of highways,บางปะอิน - แขวงรามอินทรา,large truck with trailer,speeding,rollover/fallen on straight road,1,0,0,clear,13.8965821,100.6926155,straight road,no slope
6445112,2022-06-22T04:00:00Z,2022-06-27T09:23:00Z,สมุทรปราการ,Samut Prakan,expressway authority of thailand,บางนา-ชลบุรี,other,other,collision with obstruction (on road surface),1,0,2,clear,13.586058,100.846649,straight road,other
6472450,2022-06-22T06:00:00Z,2022-07-01T13:12:00Z,กรุงเทพมหานคร,Bangkok,department of highways,แขวงคลองสองต้นนุ่น - พิมพา,large truck with trailer,speeding,rear-end collision,2,0,2,clear,13.73042995,100.7227233,straight road,no slope
6440930,2022-06-22T06:47:00Z,2022-06-26T14:41:00Z,ปทุมธานี,Pathum Thani,department of highways,บางปะอิน - แขวงรามอินทรา,private/passenger car,speeding,rollover/fallen on straight road,1,0,1,clear,13.94495384,100.7114848,straight road,no slope
6416224,2022-06-22T08:50:00Z,2022-06-22T09:52:00Z,กรุงเทพมหานคร,Bangkok,department of highways,แขวงรามอินทรา - บางพลี,7-10-wheel truck,speeding,rear-end collision,2,0,0,clear,13.74204524,100.7028159,other,other
6466837,2022-06-22T09:00:00Z,2022-06-30T15:09:00Z,สมุทรปราการ,Samut Prakan,department of highways,บางพลี - บางบ่อ,large passenger vehicle,speeding,rollover/fallen on straight road,1,0,0,clear,13.58324014,100.798544,other,other
7565084,2022-06-22T22:15:00Z,2023-01-20T08:43:00Z,ปทุมธานี,Pathum Thani,department of highways,ต่างระดับรังสิต - วัดนาบุญ,private/passenger car,speeding,rollover/fallen on straight road,1,1,1,clear,14.00641142,100.7018343,straight road,no slope
7558069,2022-06-22T22:41:00Z,2023-01-12T13:17:00Z,สมุทรปราการ,Samut Prakan,department of highways,แขวงคลองสองต้นนุ่น - พิมพา,4-wheel pickup truck,vehicle equipment failure,rollover/fallen on straight road,1,0,0,clear,13.69683927,100.8266455,straight road,no slope
7567897,2022-06-23T01:00:00Z,2023-01-24T07:17:00Z,นครปฐม,Nakhon Pathom,department of highways,บางเลน - ลำลูกบัว,private/passenger car,speeding,rollover/fallen on straight road,1,0,1,clear,14.01596486,100.1815742,other,other
7558124,2022-06-23T09:30:00Z,2023-01-12T13:44:00Z,กรุงเทพมหานคร,Bangkok,department of highways,แขวงคลองสองต้นนุ่น - พิมพา,4-wheel pickup truck,speeding,rollover/fallen on straight road,1,0,0,clear,13.73356181,100.7952851,straight road,no slope
6445706,2022-06-23T11:24:00Z,2022-06-27T10:47:00Z,กรุงเทพมหานคร,Bangkok,expressway authority of thailand,ดินแดง-ท่าเรือ,7-10-wheel truck,other,side collision,4,0,0,clear,NA,NA,straight road,other
7560717,2022-06-23T16:30:00Z,2023-01-16T11:26:00Z,กรุงเทพมหานคร,Bangkok,department of highways,ดินแดง - งามวงศ์วาน,private/passenger car,speeding,rear-end collision,2,0,0,clear,13.81147557,100.5595148,straight road,no slope
6566967,2022-06-23T19:00:00Z,2022-06-27T14:43:00Z,สมุทรปราการ,Samut Prakan,department of rural roads,ทางเข้าถนนปู่เจ้าสมิงพรายสู่ถนนวงแหวนอุตสาหกรรม,large truck with trailer,brake/anti-lock brake system failure,other,1,0,0,clear,13.649193,100.541099,wide curve,slope area
7419442,2022-06-23T21:00:00Z,2022-11-30T13:39:00Z,กรุงเทพมหานคร,Bangkok,department of highways,คลองประปา - คันนายาว,private/passenger car,speeding,rollover/fallen on straight road,1,0,0,clear,13.84179112,100.6565827,straight road,no slope
7558181,2022-06-23T22:11:00Z,2023-01-12T14:02:00Z,ปทุมธานี,Pathum Thani,department of highways,บางปะอิน - แขวงรามอินทรา,4-wheel pickup truck,speeding,rollover/fallen on straight road,1,0,0,clear,13.95752676,100.7128796,straight road,no slope
7558112,2022-06-24T00:01:00Z,2023-01-12T13:38:00Z,กรุงเทพมหานคร,Bangkok,department of highways,ถนนศรีนครินทร - แขวงคลองสองต้นนุ่น,6-wheel truck,speeding,other,1,0,0,clear,13.74065133,100.6444108,straight road,no slope