acc_code,incident_datetime,report_datetime,province_th,province_en,agency,route,vehicle_type,presumed_cause,accident_type,number_of_vehicles_involved,number_of_fatalities,number_of_injuries,weather_condition,latitude,longitude,road_description,slope_description
6446478,2022-06-24T01:45:00Z,2022-06-27T13:58:00Z,กรุงเทพมหานคร,Bangkok,department of highways,แขวงรามอินทรา - บางพลี,4-wheel pickup truck,speeding,rollover/fallen on curved road,1,0,0,rainy,13.73298077,100.7055062,other,other
6566968,2022-06-24T06:00:00Z,2022-06-27T14:44:00Z,กรุงเทพมหานคร,Bangkok,department of rural roads,สะพานภูมิพลที่ 2 ไปสะพานภูมิพลที่ 1,passenger pickup truck,speeding,other,1,0,1,clear,13.672573,100.538705,straight road,slope area
6483178,2022-06-24T09:22:00Z,2022-07-03T10:09:00Z,กรุงเทพมหานคร,Bangkok,department of highways,แขวงคลองสองต้นนุ่น - พิมพา,4-wheel pickup truck,speeding,rear-end collision,2,0,0,clear,13.73052635,100.7218194,straight road,no slope
6472337,2022-06-24T09:54:00Z,2022-07-01T12:37:00Z,กรุงเทพมหานคร,Bangkok,department of highways,แขวงคลองสองต้นนุ่น - พิมพา,4-wheel pickup truck,speeding,other,1,0,0,clear,13.73262903,100.7878956,straight road,no slope
7560827,2022-06-24T15:00:00Z,2023-01-16T14:30:00Z,กรุงเทพมหานคร,Bangkok,department of highways,ดินแดง - งามวงศ์วาน,motorcycle,using mobile phone while driving,rear-end collision,2,0,2,clear,13.84674064,100.5611008,straight road,no slope
6441031,2022-06-24T19:09:00Z,2022-06-26T15:00:00Z,กรุงเทพมหานคร,Bangkok,department of highways,แขวงรามอินทรา - บางพลี,private/passenger car,speeding,rear-end collision,2,0,0,clear,13.80872174,100.6784373,straight road,no slope
6431564,2022-06-24T21:40:00Z,2022-06-24T22:11:00Z,กรุงเทพมหานคร,Bangkok,expressway authority of thailand,พญาไท-บางโคล่,other,other,collision with obstruction (on road surface),1,0,0,rainy,13.71723408,100.5195726,straight road,other
6808057,2022-06-24T21:50:00Z,2022-08-30T08:44:00Z,สมุทรสาคร,Samut Sakhon,department of highways,สะพานข้ามแม่น้ำท่าจีนฝั่งตะวันตก - นาโคก,large truck with trailer,speeding,rollover/fallen on straight road,1,0,0,rainy,13.44866864,100.0783092,straight road,no slope
6566962,2022-06-24T23:23:00Z,2022-06-27T14:45:00Z,สมุทรปราการ,Samut Prakan,department of rural roads,สะพานภูมิพลที่ 1 ไปสะพานภูมิพลที่ 2,4-wheel pickup truck,speeding,other,2,0,0,clear,13.659156,100.539794,straight road,slope area
7558177,2022-06-24T23:32:00Z,2023-01-12T14:01:00Z,ปทุมธานี,Pathum Thani,department of highways,บางปะอิน - แขวงรามอินทรา,4-wheel pickup truck,speeding,rollover/fallen on straight road,1,0,0,rainy,14.00576861,100.7058173,straight road,no slope
6432271,2022-06-24T23:48:00Z,2022-06-25T00:48:00Z,กรุงเทพมหานคร,Bangkok,expressway authority of thailand,แจ้งวัฒนะ-พญาไท,other,other,rollover/fallen on straight road,1,0,0,rainy,NA,NA,y-intersection,other
6446736,2022-06-25T01:10:00Z,2022-06-27T14:38:00Z,สมุทรปราการ,Samut Prakan,department of highways,แขวงคลองสองต้นนุ่น - พิมพา,4-wheel pickup truck,speeding,rear-end collision,2,0,0,rainy,13.61139348,100.9351462,straight road,no slope
6445739,2022-06-25T01:40:00Z,2022-06-27T10:53:00Z,กรุงเทพมหานคร,Bangkok,expressway authority of thailand,ดาวคะนอง-ท่าเรือ,4-wheel pickup truck,other,rear-end collision,2,0,2,other,13.70482578,100.544371,wide curve,other
6441150,2022-06-25T01:55:00Z,2022-06-26T15:20:00Z,กรุงเทพมหานคร,Bangkok,department of highways,ถนนศรีนครินทร - แขวงคลองสองต้นนุ่น,4-wheel pickup truck,speeding,rear-end collision,2,0,0,clear,13.73156076,100.7135528,straight road,no slope
6445731,2022-06-25T03:50:00Z,2022-06-27T10:52:00Z,กรุงเทพมหานคร,Bangkok,expressway authority of thailand,บางนา-ท่าเรือ,other,other,other,2,0,0,other,13.71188515,100.5681358,straight road,other
7561178,2022-06-25T03:50:00Z,2023-01-17T06:31:00Z,กรุงเทพมหานคร,Bangkok,department of highways,แยกเข้ามีนบุรี - คลองหลวงแพ่ง,4-wheel pickup truck,speeding,rollover/fallen on straight road,1,0,0,clear,13.80687501,100.84066,straight road,no slope
7564382,2022-06-25T04:00:00Z,2023-01-19T14:20:00Z,นครปฐม,Nakhon Pathom,department of highways,อ้อมใหญ่ - นครชัยศรี,4-wheel pickup truck,speeding,rollover/fallen on straight road,1,0,0,clear,13.71522207,100.2614734,other,other
6433233,2022-06-25T04:09:00Z,2022-06-25T05:54:00Z,กรุงเทพมหานคร,Bangkok,expressway authority of thailand,พญาไท-ศรีนครินทร์,other,other,collision with obstruction (on road surface),1,0,0,clear,13.7524528,100.5686029,straight road,other
6488375,2022-06-25T09:30:00Z,2022-07-04T10:09:00Z,กรุงเทพมหานคร,Bangkok,department of highways,บางปะอิน - แขวงรามอินทรา,4-wheel pickup truck,speeding,rear-end collision,2,0,1,clear,13.90779858,100.6987712,straight road,no slope
7564268,2022-06-25T10:30:00Z,2023-01-19T11:54:00Z,สมุทรสาคร,Samut Sakhon,department of highways,แสมดำ - สะพานข้ามแม่น้ำท่าจีนฝั่งตะวันตก,4-wheel pickup truck,cutting in closely by people/vehicles/animals,rear-end collision,2,0,0,clear,13.58913231,100.327945,straight road,no slope
6441217,2022-06-26T00:01:00Z,2022-06-26T15:35:00Z,กรุงเทพมหานคร,Bangkok,department of highways,ถนนศรีนครินทร - แขวงคลองสองต้นนุ่น,private/passenger car,speeding,rollover/fallen on straight road,1,0,1,clear,13.73673271,100.6693902,straight road,no slope
6460822,2022-06-26T01:54:00Z,2022-06-29T16:54:00Z,ปทุมธานี,Pathum Thani,department of highways,บางปะอิน - แขวงรามอินทรา,private/passenger car,speeding,rear-end collision,2,0,0,clear,14.06993395,100.6961882,straight road,no slope
7414780,2022-06-26T02:20:00Z,2022-11-29T11:36:00Z,ปทุมธานี,Pathum Thani,department of highways,สนามกีฬาธูปะเตมีย์ - ต่างระดับคลองหลวง,other,speeding,rear-end collision,2,0,0,clear,13.98866714,100.6154537,straight road,no slope
7560575,2022-06-26T04:30:00Z,2023-01-16T09:11:00Z,นครปฐม,Nakhon Pathom,department of highways,กำแพงแสน-ทุ่งคอก,private/passenger car,falling asleep,rollover/fallen on straight road,1,0,0,clear,14.07161327,99.98909937,straight road,no slope
7560830,2022-06-26T09:10:00Z,2023-01-16T14:40:00Z,กรุงเทพมหานคร,Bangkok,department of highways,แยกเข้ามีนบุรี - คลองหลวงแพ่ง,large truck with trailer,speeding,rollover/fallen on curved road,1,0,0,clear,13.8197289,100.7426199,wide curve,no slope
6466357,2022-06-26T10:20:00Z,2022-06-30T13:41:00Z,ปทุมธานี,Pathum Thani,department of highways,บางปะอิน - แขวงรามอินทรา,other,speeding,rollover/fallen on straight road,1,0,0,clear,14.08244539,100.6952092,straight road,no slope
6567143,2022-06-26T12:00:00Z,2022-06-30T15:23:00Z,สมุทรปราการ,Samut Prakan,department of rural roads,จุดเชื่อมต่อถนนวงแหวนอุตสาหกรรมเข้าสะพานภูมิพลที่ 2,motorcycle,speeding,other,1,0,3,clear,13.666258,100.537161,grade-separated intersection/ramps,other
6482269,2022-06-26T18:39:00Z,2022-07-03T06:01:00Z,ปทุมธานี,Pathum Thani,expressway authority of thailand,บางปะอิน-แจ้งวัฒนะ,other,other,side collision,2,0,0,clear,14.043163,100.581121,straight road,other
6488508,2022-06-26T18:57:00Z,2022-07-04T10:31:00Z,สมุทรปราการ,Samut Prakan,expressway authority of thailand,บางพลี-สุขสวัสดิ์,large truck with trailer,other,rear-end collision,2,0,0,clear,13.630378,100.587368,straight road,other
6460671,2022-06-26T20:57:00Z,2022-06-29T16:14:00Z,ปทุมธานี,Pathum Thani,department of highways,บางปะอิน - แขวงรามอินทรา,private/passenger car,speeding,rear-end collision,2,0,1,clear,13.93686569,100.7091191,straight road,no slope
6650895,2022-06-27T00:10:00Z,2022-08-03T11:08:00Z,สมุทรปราการ,Samut Prakan,department of highways,แขวงคลองสองต้นนุ่น - พิมพา,4-wheel pickup truck,speeding,rear-end collision,2,0,0,clear,13.66891243,100.8455872,straight road,no slope
6466732,2022-06-27T04:00:00Z,2022-06-30T14:47:00Z,นนทบุรี,Nonthaburi,department of highways,บางบัวทอง -  ลาดบัวหลวง,large truck with trailer,vehicle equipment failure,rollover/fallen on straight road,1,0,0,clear,14.06120494,100.329034,straight road,no slope
7558114,2022-06-27T05:30:00Z,2023-01-12T13:36:00Z,ปทุมธานี,Pathum Thani,department of highways,บางปะอิน - แขวงรามอินทรา,7-10-wheel truck,speeding,rollover/fallen on straight road,1,0,0,clear,13.96698072,100.7130942,straight road,no slope
7565099,2022-06-27T05:50:00Z,2023-01-20T08:45:00Z,ปทุมธานี,Pathum Thani,department of highways,บางคูวัด - บางพูน,7-10-wheel truck,speeding,rear-end collision,5,0,0,clear,13.97105684,100.5624908,other,other
6466839,2022-06-27T07:10:00Z,2022-06-30T15:07:00Z,สมุทรปราการ,Samut Prakan,department of highways,บางนา - ทางเข้าท่าอากาศยานสุวรรณภูมิ,4-wheel pickup truck,speeding,rollover/fallen on straight road,1,0,0,clear,13.64282511,100.6948981,straight road,no slope
6488428,2022-06-27T08:33:00Z,2022-07-04T10:16:00Z,กรุงเทพมหานคร,Bangkok,expressway authority of thailand,แจ้งวัฒนะ-พญาไท,other,other,rollover/fallen on straight road,1,0,0,clear,NA,NA,straight road,other
6459884,2022-06-27T09:42:00Z,2022-06-29T13:27:00Z,กรุงเทพมหานคร,Bangkok,department of highways,แขวงรามอินทรา - บางพลี,4-wheel pickup truck,speeding,rollover/fallen on straight road,1,0,2,clear,13.72742572,100.7019147,straight road,no slope
7558106,2022-06-27T10:15:00Z,2023-01-12T13:35:00Z,ปทุมธานี,Pathum Thani,department of highways,บางปะอิน - แขวงรามอินทรา,large truck with trailer,speeding,rear-end collision,2,0,0,clear,13.97553632,100.7132524,straight road,no slope
7451773,2022-06-27T18:40:00Z,2022-12-10T15:16:00Z,กรุงเทพมหานคร,Bangkok,department of highways,ไม่ทราบ,4-wheel pickup truck,speeding,rear-end collision,2,0,0,clear,13.62981296,100.3973566,straight road,no slope
6460471,2022-06-27T19:15:00Z,2022-06-29T15:37:00Z,กรุงเทพมหานคร,Bangkok,department of highways,บางปะอิน - แขวงรามอินทรา,6-wheel truck,speeding,rear-end collision,5,0,0,clear,13.91234959,100.7007587,straight road,no slope
6460998,2022-06-27T20:00:00Z,2022-06-29T17:45:00Z,ปทุมธานี,Pathum Thani,department of highways,บางปะอิน - แขวงรามอินทรา,4-wheel pickup truck,speeding,rollover/fallen on straight road,1,0,4,clear,14.05996906,100.6975883,straight road,no slope
7553832,2022-06-28T06:30:00Z,2023-01-07T15:55:00Z,กรุงเทพมหานคร,Bangkok,department of highways,ดินแดง - งามวงศ์วาน,private/passenger car,speeding,rear-end collision,3,0,0,clear,13.77617371,100.5547708,straight road,no slope
6467204,2022-06-28T07:35:00Z,2022-06-30T16:26:00Z,สมุทรปราการ,Samut Prakan,department of highways,แขวงคลองสองต้นนุ่น - พิมพา,large truck with trailer,speeding,rear-end collision,2,0,0,clear,13.61285854,100.9328422,straight road,no slope
6458852,2022-06-28T08:24:00Z,2022-06-29T09:30:00Z,กรุงเทพมหานคร,Bangkok,department of highways,แขวงรามอินทรา - บางพลี,4-wheel pickup truck,speeding,rear-end collision,2,0,0,clear,13.6765486,100.6993827,straight road,no slope
7560700,2022-06-28T12:50:00Z,2023-01-16T11:17:00Z,กรุงเทพมหานคร,Bangkok,department of highways,ดินแดง - งามวงศ์วาน,private/passenger car,speeding,rear-end collision,3,0,0,clear,13.77459739,100.5538801,straight road,no slope
6488381,2022-06-28T17:45:00Z,2022-07-04T10:09:00Z,กรุงเทพมหานคร,Bangkok,department of highways,บางปะอิน - แขวงรามอินทรา,4-wheel pickup truck,speeding,rollover/fallen on straight road,1,0,2,rainy,13.82461761,100.6746822,straight road,no slope
6471051,2022-06-28T19:10:00Z,2022-07-01T07:45:00Z,ปทุมธานี,Pathum Thani,department of highways,สนามกีฬาธูปเตมีย์ - ลำลูกกา,4-wheel pickup truck,speeding,rollover/fallen on curved road,1,0,4,clear,13.93433792,100.6415194,wide curve,no slope
6488383,2022-06-28T19:38:00Z,2022-07-04T10:09:00Z,กรุงเทพมหานคร,Bangkok,expressway authority of thailand,หมอชิต-กาญจนาฯ,other,other,rollover/fallen on straight road,2,0,0,clear,13.791002,100.474394,straight road,other
6461185,2022-06-28T20:30:00Z,2022-06-29T18:33:00Z,กรุงเทพมหานคร,Bangkok,department of highways,บางปะอิน - แขวงรามอินทรา,4-wheel pickup truck,speeding,rollover/fallen on straight road,1,0,1,clear,13.81842921,100.676136,straight road,no slope
6460037,2022-06-29T13:22:00Z,2022-06-29T14:10:00Z,นนทบุรี,Nonthaburi,expressway authority of thailand,บางปะอิน-แจ้งวัฒนะ,other,other,other,1,0,0,clear,13.900258,100.54271,straight road,other
6567184,2022-06-29T14:10:00Z,2022-07-05T13:20:00Z,สมุทรปราการ,Samut Prakan,department of rural roads,จุดเชื่อมต่อถนนวงแหวนอุตสาหกรรมเข้าสะพานภูมิพลที่ 2,motorcycle,unfamiliarity with the route/unskilled driving,other,2,0,1,clear,13.665857,100.538883,grade-separated intersection/ramps,other
6466986,2022-06-29T17:43:00Z,2022-06-30T15:35:00Z,กรุงเทพมหานคร,Bangkok,department of highways,แขวงคลองสองต้นนุ่น - พิมพา,private/passenger car,speeding,rear-end collision,4,0,0,clear,13.72930955,100.7326662,straight road,no slope
6464883,2022-06-29T19:41:00Z,2022-06-30T08:15:00Z,ปทุมธานี,Pathum Thani,department of highways,บางปะอิน - แขวงรามอินทรา,4-wheel pickup truck,speeding,rear-end collision,2,0,0,rainy,13.94826764,100.7123324,straight road,no slope
6567186,2022-06-29T20:55:00Z,2022-07-06T10:17:00Z,สมุทรปราการ,Samut Prakan,department of rural roads,สะพานภูมิพลที่ 2 ไปสะพานภูมิพลที่ 1,large truck with trailer,abrupt lane change,other,2,0,1,clear,13.660794,100.539225,straight road,slope area
6463978,2022-06-29T23:54:00Z,2022-06-30T04:35:00Z,สมุทรปราการ,Samut Prakan,expressway authority of thailand,บางพลี-สุขสวัสดิ์,other,other,rollover/fallen on straight road,1,0,0,clear,13.61275,100.620614,straight road,other
7564267,2022-06-30T01:00:00Z,2023-01-19T11:54:00Z,สมุทรสาคร,Samut Sakhon,department of highways,แสมดำ - สะพานข้ามแม่น้ำท่าจีนฝั่งตะวันตก,4-wheel pickup truck,falling asleep,rear-end collision,2,0,0,clear,13.59003437,100.330351,straight road,no slope
6538170,2022-06-30T02:10:00Z,2022-07-12T11:12:00Z,ปทุมธานี,Pathum Thani,department of highways,ต่างระดับคลองหลวง - ประตูน้ำพระอินทร์,motorcycle,speeding,rollover/fallen on straight road,1,0,1,clear,14.11146699,100.6186133,other,other
6488460,2022-06-30T02:58:00Z,2022-07-04T10:24:00Z,สมุทรปราการ,Samut Prakan,expressway authority of thailand,บางนา-ชลบุรี,other,other,rollover/fallen on straight road,1,0,0,clear,13.595176,100.804267,straight road,other
7553826,2022-06-30T07:25:00Z,2023-01-07T15:50:00Z,กรุงเทพมหานคร,Bangkok,department of highways,ดินแดง - งามวงศ์วาน,private/passenger car,cutting in closely by people/vehicles/animals,rear-end collision,2,0,0,clear,13.76511669,100.5485927,straight road,no slope
6471763,2022-06-30T15:20:00Z,2022-07-01T10:29:00Z,กรุงเทพมหานคร,Bangkok,department of highways,แขวงรามอินทรา - บางพลี,large truck with trailer,speeding,rollover/fallen on straight road,1,0,0,clear,13.75418624,100.6998145,straight road,no slope
6554251,2022-06-30T17:00:00Z,2022-07-15T13:30:00Z,กรุงเทพมหานคร,Bangkok,department of highways,แขวงรามอินทรา - บางพลี,4-wheel pickup truck,speeding,rollover/fallen on straight road,1,0,1,clear,13.73553679,100.7022607,straight road,no slope
7561808,2022-06-30T20:15:00Z,2023-01-17T14:54:00Z,นนทบุรี,Nonthaburi,department of highways,ปากเกร็ด -  คลองประปา,private/passenger car,worn-out/tire blowout,rear-end collision,7,0,0,clear,13.90178685,100.536004,straight road,no slope
6509393,2022-07-01T04:36:00Z,2022-07-07T15:58:00Z,กรุงเทพมหานคร,Bangkok,department of highways,แขวงคลองสองต้นนุ่น - พิมพา,4-wheel pickup truck,speeding,rollover/fallen on straight road,1,0,0,clear,13.70989463,100.8202055,straight road,no slope
6650535,2022-07-01T09:10:00Z,2022-08-03T10:12:00Z,กรุงเทพมหานคร,Bangkok,expressway authority of thailand,ดาวคะนอง-ท่าเรือ,4-wheel pickup truck,other,rear-end collision,3,0,0,clear,13.68931278,100.5228741,grade-separated intersection/ramps,other
6525615,2022-07-01T14:06:00Z,2022-07-10T10:01:00Z,กรุงเทพมหานคร,Bangkok,department of highways,แขวงคลองสองต้นนุ่น - พิมพา,private/passenger car,speeding,rollover/fallen on straight road,1,0,0,clear,13.73363216,100.7968998,straight road,no slope
6650718,2022-07-01T14:26:00Z,2022-08-03T10:41:00Z,สมุทรปราการ,Samut Prakan,expressway authority of thailand,บางพลี-สุขสวัสดิ์,other,other,rear-end collision,2,0,0,clear,13.628688,100.59168,straight road,other
7553833,2022-07-01T19:15:00Z,2023-01-07T15:59:00Z,กรุงเทพมหานคร,Bangkok,department of highways,ดินแดง - งามวงศ์วาน,large passenger vehicle,speeding,rear-end collision,2,0,0,clear,13.81147557,100.5595148,straight road,no slope
6525594,2022-07-01T20:23:00Z,2022-07-10T09:57:00Z,กรุงเทพมหานคร,Bangkok,department of highways,แขวงคลองสองต้นนุ่น - พิมพา,private/passenger car,speeding,rear-end collision,2,0,0,clear,13.73096408,100.718193,straight road,no slope
6608145,2022-07-01T20:47:00Z,2022-07-27T09:57:00Z,กรุงเทพมหานคร,Bangkok,expressway authority of thailand,รามอินทรา-อาจณรงค์,other,other,rear-end collision,2,0,0,clear,13.818868,100.62482,straight road,other
6475588,2022-07-01T21:04:00Z,2022-07-02T01:15:00Z,กรุงเทพมหานคร,Bangkok,expressway authority of thailand,พญาไท-ศรีนครินทร์,other,other,other,1,0,0,clear,13.74172934,100.6397472,y-intersection,other
7553825,2022-07-01T22:30:00Z,2023-01-07T15:53:00Z,กรุงเทพมหานคร,Bangkok,department of highways,ดินแดง - งามวงศ์วาน,private/passenger car,speeding,rear-end collision,2,0,0,clear,13.77381672,100.5534218,straight road,no slope
6607956,2022-07-01T22:53:00Z,2022-07-27T09:28:00Z,กรุงเทพมหานคร,Bangkok,expressway authority of thailand,ดาวคะนอง-ท่าเรือ,other,other,side collision,3,0,1,clear,13.6857228,100.5201032,grade-separated intersection/ramps,other
6483974,2022-07-01T22:56:00Z,2022-07-03T13:39:00Z,กรุงเทพมหานคร,Bangkok,department of highways,ถนนศรีนครินทร - แขวงคลองสองต้นนุ่น,private/passenger car,speeding,rear-end collision,2,0,0,rainy,13.73377286,100.6928864,straight road,no slope
6608131,2022-07-01T23:56:00Z,2022-07-27T09:54:00Z,กรุงเทพมหานคร,Bangkok,expressway authority of thailand,รามอินทรา-อาจณรงค์,other,other,side collision,4,0,0,clear,13.807847,100.618518,straight road,other
6508759,2022-07-01T23:59:00Z,2022-07-07T14:20:00Z,สมุทรปราการ,Samut Prakan,department of highways,แขวงคลองสองต้นนุ่น - พิมพา,private/passenger car,speeding,rear-end collision,4,0,2,clear,13.62414858,100.9152254,straight road,no slope
6532495,2022-07-02T02:39:00Z,2022-07-11T12:26:00Z,กรุงเทพมหานคร,Bangkok,expressway authority of thailand,แจ้งวัฒนะ-พญาไท,other,other,rollover/fallen on straight road,1,0,1,clear,NA,NA,grade-separated intersection/ramps,other
6537885,2022-07-02T08:40:00Z,2022-07-12T10:01:00Z,กรุงเทพมหานคร,Bangkok,department of highways,แขวงรามอินทรา - บางพลี,7-10-wheel truck,speeding,rear-end collision,3,0,1,clear,13.75783623,100.6982428,straight road,no slope
6484015,2022-07-02T11:52:00Z,2022-07-03T13:53:00Z,กรุงเทพมหานคร,Bangkok,department of highways,ถนนศรีนครินทร - แขวงคลองสองต้นนุ่น,private/passenger car,speeding,rear-end collision,2,0,0,clear,13.7328036,100.7019281,straight road,no slope
6508476,2022-07-02T13:39:00Z,2022-07-07T13:31:00Z,สมุทรปราการ,Samut Prakan,department of highways,แขวงคลองสองต้นนุ่น - พิมพา,private/passenger car,speeding,rear-end collision,2,0,1,clear,13.6551198,100.867002,straight road,no slope
6508148,2022-07-02T16:39:00Z,2022-07-07T11:57:00Z,สมุทรปราการ,Samut Prakan,department of highways,แขวงคลองสองต้นนุ่น - พิมพา,4-wheel pickup truck,speeding,rear-end collision,3,0,1,clear,13.66595694,100.8501765,straight road,no slope
6525705,2022-07-02T21:01:00Z,2022-07-10T10:44:00Z,ปทุมธานี,Pathum Thani,department of highways,บางปะอิน - แขวงรามอินทรา,4-wheel pickup truck,speeding,rollover/fallen on straight road,1,0,0,rainy,14.00506594,100.7061633,straight road,no slope
6484560,2022-07-03T00:30:00Z,2022-07-03T16:09:00Z,กรุงเทพมหานคร,Bangkok,department of highways,บางปะอิน - แขวงรามอินทรา,large truck with trailer,falling asleep,rollover/fallen on straight road,1,0,1,clear,13.88445113,100.686374,straight road,no slope
6544206,2022-07-03T00:30:00Z,2022-07-13T09:55:00Z,ปทุมธานี,Pathum Thani,department of highways,ต่างระดับคลองหลวง - ประตูน้ำพระอินทร์,private/passenger car,speeding,rear-end collision,4,1,0,clear,14.09161324,100.6183746,straight road,no slope
6608364,2022-07-03T01:50:00Z,2022-07-27T10:37:00Z,สมุทรปราการ,Samut Prakan,expressway authority of thailand,บางนา-ชลบุรี,other,other,rear-end collision,2,0,6,clear,13.601157,100.7869,straight road,other
6701063,2022-07-03T02:35:00Z,2022-08-11T09:27:00Z,ปทุมธานี,Pathum Thani,department of highways,สนามกีฬาธูปะเตมีย์ - ต่างระดับคลองหลวง,private/passenger car,speeding,rear-end collision,2,0,0,clear,14.01472093,100.6153947,straight road,no slope
7568347,2022-07-03T12:50:00Z,2023-01-24T13:36:00Z,กรุงเทพมหานคร,Bangkok,department of highways,แขวงคลองสองต้นนุ่น - พิมพา,large truck with trailer,vehicle equipment failure,collision with obstruction (on road surface),2,0,1,clear,13.73272283,100.7887834,straight road,no slope
6544149,2022-07-03T14:00:00Z,2022-07-13T09:43:00Z,สมุทรปราการ,Samut Prakan,department of highways,บางตำหรุ - คลองด่าน,6-wheel truck,speeding,rollover/fallen on straight road,1,0,0,clear,13.50377283,100.8349147,other,other
6608434,2022-07-03T16:07:00Z,2022-07-27T10:52:00Z,สมุทรปราการ,Samut Prakan,expressway authority of thailand,บางพลี-สุขสวัสดิ์,other,other,side collision,2,0,1,clear,13.625653,100.668251,straight road,other
7553828,2022-07-03T19:15:00Z,2023-01-07T15:51:00Z,กรุงเทพมหานคร,Bangkok,department of highways,ดินแดง - งามวงศ์วาน,motorcycle,speeding,rear-end collision,2,0,1,clear,13.76589521,100.5490546,straight road,no slope
6507994,2022-07-03T21:29:00Z,2022-07-07T11:16:00Z,กรุงเทพมหานคร,Bangkok,department of highways,แขวงคลองสองต้นนุ่น - พิมพา,private/passenger car,speeding,rear-end collision,3,0,2,clear,13.73111,100.7163906,straight road,no slope
6650620,2022-07-03T21:44:00Z,2022-08-03T10:26:00Z,สมุทรปราการ,Samut Prakan,expressway authority of thailand,บางนา-ชลบุรี,other,other,collision with obstruction (on road surface),1,0,0,clear,13.588384,100.835813,straight road,other
6650611,2022-07-03T21:45:00Z,2022-08-03T10:25:00Z,กรุงเทพมหานคร,Bangkok,expressway authority of thailand,บางนา-ชลบุรี,other,other,rollover/fallen on straight road,3,0,3,clear,13.666138,100.642297,straight road,other
6607993,2022-07-04T03:14:00Z,2022-07-27T09:34:00Z,กรุงเทพมหานคร,Bangkok,expressway authority of thailand,บางนา-ท่าเรือ,other,other,rear-end collision,2,0,1,clear,13.71177214,100.5662173,straight road,other
6507938,2022-07-04T06:01:00Z,2022-07-07T11:04:00Z,กรุงเทพมหานคร,Bangkok,department of highways,แขวงคลองสองต้นนุ่น - พิมพา,private/passenger car,speeding,rear-end collision,2,0,0,clear,13.73052635,100.7218194,straight road,no slope
7553829,2022-07-04T07:45:00Z,2023-01-07T15:58:00Z,กรุงเทพมหานคร,Bangkok,department of highways,ดินแดง - งามวงศ์วาน,motorcycle,speeding,rear-end collision,2,0,1,clear,13.79528505,100.5611762,straight road,no slope
6650576,2022-07-04T08:39:00Z,2022-08-03T10:18:00Z,กรุงเทพมหานคร,Bangkok,expressway authority of thailand,รามอินทรา-อาจณรงค์,other,other,rear-end collision,2,0,0,clear,13.804535,100.61704,straight road,other
7561561,2022-07-04T08:40:00Z,2023-01-17T10:37:00Z,กรุงเทพมหานคร,Bangkok,department of highways,ดาวคะนอง -  แสมดำ,motorcycle,cutting in closely by people/vehicles/animals,rear-end collision,2,0,2,clear,13.66659808,100.4468232,straight road,no slope
6650544,2022-07-04T16:18:00Z,2022-08-03T10:14:00Z,กรุงเทพมหานคร,Bangkok,expressway authority of thailand,ดินแดง-ท่าเรือ,4-wheel pickup truck,other,rear-end collision,2,0,0,clear,13.73961675,100.5507647,grade-separated intersection/ramps,other
7553827,2022-07-04T16:30:00Z,2023-01-07T15:52:00Z,กรุงเทพมหานคร,Bangkok,department of highways,ดินแดง - งามวงศ์วาน,private/passenger car,speeding,rear-end collision,2,0,0,clear,13.77144829,100.5520932,straight road,no slope
6494624,2022-07-04T17:00:00Z,2022-07-05T10:31:00Z,สมุทรปราการ,Samut Prakan,department of highways,ท้ายบ้าน - บางตำหรุ,motorcycle,speeding,collision with obstruction (on road surface),3,1,0,clear,13.51654415,100.6772706,straight road,no slope
6544162,2022-07-04T17:30:00Z,2022-07-13T09:46:00Z,สมุทรปราการ,Samut Prakan,department of highways,ทางเข้าท่าอากาศยานสุวรรณภูมิ - บางวัว,4-wheel pickup truck,speeding,rear-end collision,3,0,1,clear,13.6076213,100.7691255,straight road,no slope
6544379,2022-07-04T18:30:00Z,2022-07-13T10:39:00Z,สมุทรสาคร,Samut Sakhon,department of highways,บ้านบ่อ - พระประโทน,4-wheel pickup truck,speeding,rollover/fallen on straight road,1,0,0,rainy,13.6327272,100.0936192,other,other
7564999,2022-07-05T04:40:00Z,2023-01-20T06:50:00Z,สมุทรปราการ,Samut Prakan,department of highways,ทางเข้าท่าอากาศยานสุวรรณภูมิ - บางวัว,van,speeding,rear-end collision,2,0,1,clear,13.61450086,100.7524744,straight road,no slope
6650679,2022-07-05T10:27:00Z,2022-08-03T10:35:00Z,สมุทรปราการ,Samut Prakan,expressway authority of thailand,บางพลี-สุขสวัสดิ์,other,other,rear-end collision,3,0,0,clear,13.628232,100.592495,grade-separated intersection/ramps,other
6650559,2022-07-05T13:07:00Z,2022-08-03T10:15:00Z,กรุงเทพมหานคร,Bangkok,expressway authority of thailand,ดินแดง-ท่าเรือ,van,other,rear-end collision,2,0,0,clear,13.73247639,100.551802,straight road,other