acc_code,incident_datetime,report_datetime,province_th,province_en,agency,route,vehicle_type,presumed_cause,accident_type,number_of_vehicles_involved,number_of_fatalities,number_of_injuries,weather_condition,latitude,longitude,road_description,slope_description
6520098,2022-07-05T22:55:00Z,2022-07-09T10:15:00Z,กรุงเทพมหานคร,Bangkok,department of highways,แขวงรามอินทรา - บางพลี,4-wheel pickup truck,speeding,rollover/fallen on curved road,1,0,0,rainy,13.73297035,100.7055116,other,other
6650627,2022-07-05T23:48:00Z,2022-08-03T10:27:00Z,กรุงเทพมหานคร,Bangkok,expressway authority of thailand,บางนา-ชลบุรี,other,other,side collision,2,0,0,clear,NA,NA,straight road,other
6525707,2022-07-06T10:23:00Z,2022-07-10T10:44:00Z,กรุงเทพมหานคร,Bangkok,department of highways,แขวงคลองสองต้นนุ่น - พิมพา,private/passenger car,speeding,rear-end collision,2,0,0,clear,13.72979419,100.7554006,straight road,no slope
6567191,2022-07-06T12:42:00Z,2022-07-11T08:59:00Z,สมุทรปราการ,Samut Prakan,department of rural roads,สะพานภูมิพลที่ 2 ไปสะพานภูมิพลที่ 1,motorcycle,abrupt lane change,other,1,0,1,clear,13.662033,100.538906,y-intersection,other
7560814,2022-07-06T16:30:00Z,2023-01-16T14:28:00Z,กรุงเทพมหานคร,Bangkok,department of highways,ดินแดง - งามวงศ์วาน,motorcycle,cutting in closely by people/vehicles/animals,rear-end collision,2,0,1,clear,13.81671976,100.5589404,straight road,no slope
6513221,2022-07-06T20:20:00Z,2022-07-08T08:55:00Z,กรุงเทพมหานคร,Bangkok,department of highways,แขวงรามอินทรา - บางพลี,4-wheel pickup truck,speeding,rollover/fallen on straight road,1,0,1,clear,13.7951926,100.6819537,straight road,no slope
6701807,2022-07-06T22:10:00Z,2022-08-11T12:27:00Z,ปทุมธานี,Pathum Thani,department of highways,บางคูวัด - แยกปทุมวิไล,private/passenger car,speeding,rollover/fallen on straight road,1,0,0,clear,13.96663193,100.5137524,straight road,no slope
6506174,2022-07-07T03:36:00Z,2022-07-07T04:36:00Z,กรุงเทพมหานคร,Bangkok,expressway authority of thailand,แจ้งวัฒนะ-พญาไท,other,other,other,1,0,0,clear,NA,NA,straight road,other
7567870,2022-07-07T04:00:00Z,2023-01-24T06:58:00Z,นครปฐม,Nakhon Pathom,department of highways,นครปฐม - ดอนตูม,private/passenger car,speeding,rollover/fallen on straight road,1,0,0,clear,13.87782915,100.059681,straight road,no slope
6650568,2022-07-07T10:34:00Z,2022-08-03T10:16:00Z,กรุงเทพมหานคร,Bangkok,expressway authority of thailand,ดาวคะนอง-ท่าเรือ,other,other,rear-end collision,4,0,0,clear,13.68931278,100.5228741,straight road,other
6544184,2022-07-07T14:20:00Z,2022-07-13T09:50:00Z,สมุทรปราการ,Samut Prakan,department of highways,บางเมือง - บางพลี,large truck with trailer,speeding,rollover/fallen on straight road,1,0,0,clear,13.61965974,100.6451672,straight road,no slope
6608180,2022-07-07T18:05:00Z,2022-07-27T10:04:00Z,กรุงเทพมหานคร,Bangkok,expressway authority of thailand,รามอินทรา-อาจณรงค์,other,other,rear-end collision,2,0,0,clear,13.753147,100.598417,wide curve,other
6567194,2022-07-07T20:30:00Z,2022-07-11T08:59:00Z,กรุงเทพมหานคร,Bangkok,department of rural roads,สะพานภูมิพลที่ 1 ไปสะพานภูมิพลที่ 2,motorcycle,tailgating,other,2,0,1,clear,13.670523,100.538645,straight road,slope area
6567196,2022-07-07T22:30:00Z,2022-07-11T09:00:00Z,กรุงเทพมหานคร,Bangkok,department of rural roads,สะพานภูมิพลที่ 1 ไปสะพานภูมิพลที่ 2,motorcycle,speeding,other,2,1,0,clear,13.675105,100.539173,straight road,slope area
6544185,2022-07-08T07:30:00Z,2022-07-13T09:51:00Z,สมุทรปราการ,Samut Prakan,department of highways,ทางเข้าท่าอากาศยานสุวรรณภูมิ - บางวัว,large truck with trailer,falling asleep,rollover/fallen on straight road,1,0,0,clear,13.5753298,100.896222,straight road,no slope
6525631,2022-07-08T08:15:00Z,2022-07-10T10:06:00Z,กรุงเทพมหานคร,Bangkok,department of highways,บางปะอิน - แขวงรามอินทรา,private/passenger car,speeding,rollover/fallen on straight road,1,0,0,clear,13.85166388,100.6734323,straight road,no slope
6633322,2022-07-08T08:30:00Z,2022-07-31T14:38:00Z,กรุงเทพมหานคร,Bangkok,department of highways,แขวงรามอินทรา - บางพลี,other,speeding,collision with obstruction (on road surface),1,0,0,clear,13.73299901,100.7014078,other,other
7331710,2022-07-08T10:15:00Z,2022-07-13T12:22:00Z,นนทบุรี,Nonthaburi,department of highways,ปากเกร็ด -  คลองประปา,private/passenger car,speeding,rear-end collision,9,0,6,clear,13.90740024,100.5052793,other,other
6520124,2022-07-08T11:45:00Z,2022-07-09T10:20:00Z,กรุงเทพมหานคร,Bangkok,department of highways,บางปะอิน - แขวงรามอินทรา,private/passenger car,speeding,rear-end collision,2,0,0,clear,13.83457704,100.6737864,straight road,no slope
6544234,2022-07-08T15:20:00Z,2022-07-13T10:00:00Z,สมุทรปราการ,Samut Prakan,department of highways,ทางเข้าท่าอากาศยานสุวรรณภูมิด้านถนนบางนา - บางวัว,4-wheel pickup truck,speeding,rear-end collision,2,0,4,clear,13.64448025,100.7445994,straight road,no slope
6544209,2022-07-08T15:30:00Z,2022-07-13T09:56:00Z,สมุทรปราการ,Samut Prakan,department of highways,ทางเข้าท่าอากาศยานสุวรรณภูมิ - บางวัว,large truck with trailer,falling asleep,rear-end collision,2,0,0,clear,13.57540281,100.8962354,straight road,no slope
6525551,2022-07-08T18:07:00Z,2022-07-10T09:42:00Z,กรุงเทพมหานคร,Bangkok,department of highways,ถนนศรีนครินทร - แขวงคลองสองต้นนุ่น,private/passenger car,speeding,rear-end collision,3,0,0,clear,13.73188124,100.7103824,straight road,no slope
6520157,2022-07-08T19:24:00Z,2022-07-09T10:34:00Z,ปทุมธานี,Pathum Thani,department of highways,บางปะอิน - แขวงรามอินทรา,private/passenger car,speeding,rear-end collision,2,0,0,rainy,14.14907302,100.6594956,straight road,no slope
6525528,2022-07-08T19:48:00Z,2022-07-10T09:35:00Z,ปทุมธานี,Pathum Thani,department of highways,บางปะอิน - แขวงรามอินทรา,6-wheel truck,speeding,rear-end collision,2,0,1,rainy,14.05184333,100.6981033,straight road,no slope
6525552,2022-07-08T20:50:00Z,2022-07-10T09:43:00Z,กรุงเทพมหานคร,Bangkok,department of highways,แขวงรามอินทรา - บางพลี,4-wheel pickup truck,speeding,rollover/fallen on straight road,1,0,0,rainy,13.74753743,100.7024726,straight road,no slope
6544210,2022-07-08T21:50:00Z,2022-07-13T09:58:00Z,สมุทรปราการ,Samut Prakan,department of highways,แบริ่ง - ท้ายบ้าน,4-wheel pickup truck,speeding,rollover/fallen on straight road,1,0,1,rainy,13.59709433,100.6046578,straight road,no slope
7560844,2022-07-08T23:21:00Z,2023-01-16T14:42:00Z,กรุงเทพมหานคร,Bangkok,department of highways,แยกเข้ามีนบุรี - คลองหลวงแพ่ง,large truck with trailer,speeding,rollover/fallen on curved road,1,0,0,rainy,13.80321797,100.8856112,wide curve,no slope
6650593,2022-07-08T23:47:00Z,2022-08-03T10:22:00Z,กรุงเทพมหานคร,Bangkok,expressway authority of thailand,อาจณรงค์-บางนา,other,other,side collision,2,0,0,rainy,13.699776,100.591198,straight road,other
6650583,2022-07-09T00:06:00Z,2022-08-03T10:19:00Z,กรุงเทพมหานคร,Bangkok,expressway authority of thailand,รามอินทรา-อาจณรงค์,other,other,rear-end collision,2,0,0,rainy,13.828595,100.629079,straight road,other
6600338,2022-07-09T00:10:00Z,2022-07-26T08:59:00Z,สมุทรปราการ,Samut Prakan,department of highways,แขวงรามอินทรา - บางพลี,7-10-wheel truck,speeding,rollover/fallen on curved road,1,0,0,rainy,13.64980269,100.6873315,wide curve,no slope
6531898,2022-07-09T00:20:00Z,2022-07-11T10:48:00Z,สมุทรปราการ,Samut Prakan,department of highways,แขวงรามอินทรา - บางพลี,4-wheel pickup truck,speeding,rollover/fallen on curved road,1,0,0,rainy,13.64992519,100.6873315,wide curve,no slope
6520468,2022-07-09T00:55:00Z,2022-07-09T11:47:00Z,กรุงเทพมหานคร,Bangkok,department of highways,แขวงรามอินทรา - บางพลี,4-wheel pickup truck,speeding,rollover/fallen on curved road,1,0,0,rainy,13.73299641,100.705525,other,other
6525573,2022-07-09T01:55:00Z,2022-07-10T09:50:00Z,กรุงเทพมหานคร,Bangkok,department of highways,แขวงรามอินทรา - บางพลี,4-wheel pickup truck,speeding,rear-end collision,2,0,1,clear,13.79167084,100.6839144,straight road,no slope
7564981,2022-07-09T02:00:00Z,2023-01-20T06:49:00Z,สมุทรปราการ,Samut Prakan,department of highways,ทางเข้าท่าอากาศยานสุวรรณภูมิ - บางวัว,motorcycle,speeding,rear-end collision,2,0,1,clear,13.61689262,100.7461765,straight road,no slope
6544187,2022-07-09T02:30:00Z,2022-07-13T09:53:00Z,ปทุมธานี,Pathum Thani,department of highways,บางคูวัด - บางพูน,private/passenger car,speeding,rollover/fallen on curved road,1,0,4,clear,13.96671522,100.54555,wide curve,no slope
6525616,2022-07-09T03:50:00Z,2022-07-10T10:01:00Z,สมุทรปราการ,Samut Prakan,department of highways,แขวงรามอินทรา - บางพลี,4-wheel pickup truck,speeding,rollover/fallen on straight road,1,0,0,clear,13.65383484,100.6901023,straight road,no slope
6525554,2022-07-09T04:38:00Z,2022-07-10T09:44:00Z,กรุงเทพมหานคร,Bangkok,department of highways,บางปะอิน - แขวงรามอินทรา,4-wheel pickup truck,speeding,rollover/fallen on straight road,1,0,0,rainy,13.88608894,100.6872028,straight road,no slope
6600372,2022-07-09T06:00:00Z,2022-07-26T09:01:00Z,กรุงเทพมหานคร,Bangkok,department of highways,บางปะอิน - แขวงรามอินทรา,large truck with trailer,speeding,rear-end collision,2,0,10,rainy,13.83548077,100.6736442,straight road,no slope
6520374,2022-07-09T07:10:00Z,2022-07-09T11:23:00Z,ปทุมธานี,Pathum Thani,department of highways,บางปะอิน - แขวงรามอินทรา,private/passenger car,speeding,rear-end collision,2,0,0,clear,14.01423949,100.7020891,straight road,no slope
6602428,2022-07-09T09:00:00Z,2022-07-26T14:14:00Z,กรุงเทพมหานคร,Bangkok,department of highways,งามวงศ์วาน - ดอนเมือง,other,speeding,rollover/fallen on straight road,1,0,0,clear,13.89746215,100.5890795,straight road,no slope
6621214,2022-07-09T09:57:00Z,2022-07-29T12:26:00Z,สมุทรปราการ,Samut Prakan,department of highways,แขวงคลองสองต้นนุ่น - พิมพา,private/passenger car,speeding,rear-end collision,2,0,1,clear,13.64823621,100.8777174,straight road,no slope
6632606,2022-07-09T14:53:00Z,2022-07-31T11:37:00Z,สมุทรปราการ,Samut Prakan,department of highways,แขวงคลองสองต้นนุ่น - พิมพา,large truck with trailer,speeding,rear-end collision,2,0,1,clear,13.62267317,100.9175214,straight road,no slope
7568308,2022-07-09T16:00:00Z,2023-01-24T12:31:00Z,กรุงเทพมหานคร,Bangkok,department of highways,ถนนศรีนครินทร - แขวงคลองสองต้นนุ่น,4-wheel pickup truck,speeding,rollover/fallen on straight road,1,0,0,clear,13.74132614,100.6430885,other,other
6585369,2022-07-09T19:20:00Z,2022-07-21T11:35:00Z,กรุงเทพมหานคร,Bangkok,department of highways,แขวงรามอินทรา - บางพลี,large truck with trailer,speeding,rear-end collision,2,0,0,rainy,13.7330407,100.701912,wide curve,no slope
6525364,2022-07-09T19:25:00Z,2022-07-10T08:57:00Z,กรุงเทพมหานคร,Bangkok,department of highways,บางปะอิน - แขวงรามอินทรา,private/passenger car,speeding,rear-end collision,8,0,4,rainy,13.8318372,100.6739822,straight road,no slope
6525632,2022-07-09T20:40:00Z,2022-07-10T10:08:00Z,กรุงเทพมหานคร,Bangkok,department of highways,บางปะอิน - แขวงรามอินทรา,4-wheel pickup truck,speeding,rollover/fallen on straight road,1,0,0,rainy,13.83382958,100.6739902,straight road,no slope
6608463,2022-07-09T22:21:00Z,2022-07-27T10:58:00Z,สมุทรปราการ,Samut Prakan,expressway authority of thailand,บางพลี-สุขสวัสดิ์,4-wheel pickup truck,other,rear-end collision,2,0,1,rainy,13.634861,100.54222,grade-separated intersection/ramps,other
7560812,2022-07-10T05:30:00Z,2023-01-16T14:27:00Z,กรุงเทพมหานคร,Bangkok,department of highways,ดินแดง - งามวงศ์วาน,private/passenger car,cutting in closely by people/vehicles/animals,rear-end collision,2,0,0,clear,13.77617371,100.5547708,straight road,no slope
6591161,2022-07-10T10:25:00Z,2022-07-22T10:22:00Z,กรุงเทพมหานคร,Bangkok,department of highways,บางปะอิน - แขวงรามอินทรา,other,speeding,rollover/fallen on straight road,1,0,0,clear,13.83690797,100.6732231,straight road,no slope
6608026,2022-07-10T13:06:00Z,2022-07-27T09:38:00Z,กรุงเทพมหานคร,Bangkok,expressway authority of thailand,บางนา-ท่าเรือ,other,other,rear-end collision,3,0,2,clear,13.71177214,100.5662173,straight road,other
6600339,2022-07-10T13:30:00Z,2022-07-26T08:57:00Z,กรุงเทพมหานคร,Bangkok,department of highways,บางปะอิน - แขวงรามอินทรา,private/passenger car,speeding,rear-end collision,3,0,0,clear,13.82552658,100.6746045,straight road,no slope
6651007,2022-07-10T14:00:00Z,2022-08-03T11:36:00Z,กรุงเทพมหานคร,Bangkok,department of highways,แขวงคลองสองต้นนุ่น - พิมพา,large truck with trailer,speeding,rollover/fallen on curved road,1,0,0,clear,13.72945546,100.7408497,wide curve,no slope
6593450,2022-07-10T14:16:00Z,2022-07-25T10:11:00Z,สมุทรปราการ,Samut Prakan,department of highways,แขวงคลองสองต้นนุ่น - พิมพา,private/passenger car,speeding,rear-end collision,3,0,0,clear,13.66519069,100.8506727,straight road,no slope
6544229,2022-07-10T15:00:00Z,2022-07-13T10:01:00Z,กรุงเทพมหานคร,Bangkok,department of highways,บางนา - ทางเข้าท่าอากาศยานสุวรรณภูมิ,4-wheel pickup truck,speeding,rear-end collision,2,0,2,clear,13.67183141,100.6135762,straight road,no slope
7561554,2022-07-10T19:30:00Z,2023-01-17T10:36:00Z,กรุงเทพมหานคร,Bangkok,department of highways,ดาวคะนอง -  แสมดำ,private/passenger car,cutting in closely by people/vehicles/animals,rear-end collision,2,0,1,clear,13.6640361,100.4414481,straight road,no slope
6608325,2022-07-10T22:06:00Z,2022-07-27T10:30:00Z,กรุงเทพมหานคร,Bangkok,expressway authority of thailand,รามอินทรา-อาจณรงค์,other,other,collision with obstruction (on road surface),1,0,0,clear,13.708805,100.596698,straight road,other
6567198,2022-07-11T03:45:00Z,2022-07-13T07:10:00Z,ปทุมธานี,Pathum Thani,department of rural roads,แยกถนนเทศบาลท่าโขลง - บ้านคลองสิบสาม,motorcycle,driving under the influence of alcohol,other,1,1,0,clear,14.144535,100.622743,straight road,no slope
6567211,2022-07-11T03:45:00Z,2022-07-13T07:11:00Z,ปทุมธานี,Pathum Thani,department of rural roads,แยกถนนเทศบาลท่าโขลง - บ้านคลองสิบสาม,motorcycle,driving under the influence of alcohol,other,1,1,0,other,14.147277,100.628095,straight road,no slope
7441189,2022-07-11T06:30:00Z,2022-12-08T09:47:00Z,ปทุมธานี,Pathum Thani,department of highways,ไม่ทราบ,6-wheel truck,speeding,rollover/fallen on straight road,1,0,0,clear,14.03286914,100.4518604,straight road,no slope
6533605,2022-07-11T12:29:00Z,2022-07-11T16:02:00Z,ปทุมธานี,Pathum Thani,department of highways,บางปะอิน - แขวงรามอินทรา,4-wheel pickup truck,speeding,rear-end collision,3,0,0,clear,13.96006729,100.7127321,straight road,no slope
6741665,2022-07-11T12:30:00Z,2022-08-18T14:47:00Z,กรุงเทพมหานคร,Bangkok,department of highways,แขวงคลองสองต้นนุ่น - พิมพา,large truck with trailer,speeding,rollover/fallen on straight road,1,0,0,clear,13.72976032,100.7544914,straight road,no slope
6593376,2022-07-11T13:52:00Z,2022-07-25T09:59:00Z,กรุงเทพมหานคร,Bangkok,department of highways,แขวงคลองสองต้นนุ่น - พิมพา,private/passenger car,speeding,rollover/fallen on straight road,1,0,1,clear,13.73046382,100.7211113,straight road,no slope
6544483,2022-07-11T16:49:00Z,2022-07-13T11:10:00Z,กรุงเทพมหานคร,Bangkok,department of highways,ถนนศรีนครินทร - แขวงคลองสองต้นนุ่น,4-wheel pickup truck,speeding,rear-end collision,2,0,0,clear,13.7316754,100.7121312,straight road,no slope
7558307,2022-07-11T19:33:00Z,2023-01-12T14:30:00Z,กรุงเทพมหานคร,Bangkok,department of highways,แขวงคลองสองต้นนุ่น - พิมพา,4-wheel pickup truck,vehicle equipment failure,rollover/fallen on straight road,1,0,0,clear,13.7322851,100.7842719,straight road,no slope
7034864,2022-07-11T21:15:00Z,2022-10-04T14:07:00Z,สมุทรสาคร,Samut Sakhon,department of highways,สะพานข้ามแม่น้ำท่าจีนฝั่งตะวันตก - นาโคก,private/passenger car,speeding,rear-end collision,2,0,2,clear,13.46274716,100.0992894,straight road,no slope
6595022,2022-07-11T22:00:00Z,2022-07-25T15:01:00Z,กรุงเทพมหานคร,Bangkok,department of highways,แขวงคลองสองต้นนุ่น - พิมพา,4-wheel pickup truck,speeding,rollover/fallen on straight road,1,0,3,clear,13.73281402,100.8075508,straight road,no slope
7528100,2022-07-12T09:45:00Z,2022-12-31T13:29:00Z,กรุงเทพมหานคร,Bangkok,department of highways,ดินแดง - งามวงศ์วาน,motorcycle,speeding,rear-end collision,3,0,0,clear,13.82317501,100.5583746,straight road,no slope
6539280,2022-07-12T10:16:00Z,2022-07-12T14:10:00Z,ปทุมธานี,Pathum Thani,department of highways,บางปะอิน - แขวงรามอินทรา,private/passenger car,speeding,rear-end collision,3,0,0,clear,13.95915884,100.7127213,straight road,no slope
6600179,2022-07-12T15:10:00Z,2022-07-26T08:24:00Z,กรุงเทพมหานคร,Bangkok,department of highways,บางปะอิน - แขวงรามอินทรา,4-wheel pickup truck,vehicle equipment failure,rollover/fallen on straight road,1,0,4,clear,13.84622883,100.6724372,straight road,no slope
7560702,2022-07-12T18:00:00Z,2023-01-16T11:19:00Z,กรุงเทพมหานคร,Bangkok,department of highways,ดินแดง - งามวงศ์วาน,private/passenger car,speeding,rear-end collision,2,0,2,clear,13.78942711,100.5615087,other,other
6600210,2022-07-12T18:14:00Z,2022-07-26T08:30:00Z,กรุงเทพมหานคร,Bangkok,department of highways,บางปะอิน - แขวงรามอินทรา,4-wheel pickup truck,speeding,rollover/fallen on straight road,1,0,0,rainy,13.83276177,100.673899,straight road,no slope
6632708,2022-07-12T18:48:00Z,2022-07-31T12:02:00Z,สมุทรปราการ,Samut Prakan,department of highways,แขวงคลองสองต้นนุ่น - พิมพา,private/passenger car,speeding,rear-end collision,5,0,0,rainy,13.66447917,100.8524698,straight road,no slope
6608062,2022-07-12T20:18:00Z,2022-07-27T09:45:00Z,กรุงเทพมหานคร,Bangkok,expressway authority of thailand,ดินแดง-ท่าเรือ,other,other,side collision,2,0,0,clear,NA,NA,straight road,other
6579777,2022-07-12T23:45:00Z,2022-07-20T13:24:00Z,สมุทรสาคร,Samut Sakhon,department of highways,บ้านบ่อ - พระประโทน,4-wheel pickup truck,speeding,rollover/fallen on straight road,1,0,2,clear,13.54871326,100.1498222,straight road,no slope
6595013,2022-07-13T08:49:00Z,2022-07-25T15:03:00Z,ปทุมธานี,Pathum Thani,department of highways,บางปะอิน - แขวงรามอินทรา,4-wheel pickup truck,speeding,rollover/fallen on curved road,1,0,0,clear,14.00709326,100.7044494,other,other
6639830,2022-07-13T10:40:00Z,2022-08-01T16:40:00Z,สมุทรสาคร,Samut Sakhon,department of highways,อ้อมน้อย - สมุทรสาคร,motorcycle,speeding,rear-end collision,3,0,2,clear,13.63026391,100.2948278,other,other
6579892,2022-07-13T12:39:00Z,2022-07-20T13:49:00Z,สมุทรสาคร,Samut Sakhon,department of highways,บ้านบ่อ - พระประโทน,motorcycle,speeding,rollover/fallen on straight road,2,0,1,clear,13.56652487,100.1161551,straight road,no slope
6545245,2022-07-13T12:56:00Z,2022-07-13T14:36:00Z,กรุงเทพมหานคร,Bangkok,department of highways,แขวงคลองสองต้นนุ่น - พิมพา,4-wheel pickup truck,speeding,rear-end collision,2,0,0,rainy,13.7313002,100.7634151,straight road,no slope
6553898,2022-07-13T14:19:00Z,2022-07-15T11:28:00Z,กรุงเทพมหานคร,Bangkok,department of highways,แขวงคลองสองต้นนุ่น - พิมพา,private/passenger car,speeding,rear-end collision,3,0,0,clear,13.73072177,100.7200089,straight road,no slope
6545813,2022-07-13T16:00:00Z,2022-07-13T17:52:00Z,ปทุมธานี,Pathum Thani,department of highways,บางบัวทอง -  ลาดบัวหลวง,motorcycle,speeding,rear-end collision,2,0,1,clear,14.01784115,100.3609389,straight road,no slope
6548236,2022-07-13T19:44:00Z,2022-07-14T06:40:00Z,ปทุมธานี,Pathum Thani,department of highways,ต่างระดับรังสิต - วัดนาบุญ,4-wheel pickup truck,speeding,rear-end collision,2,0,2,clear,13.9991192,100.6826591,straight road,no slope
6567222,2022-07-14T07:50:00Z,2022-07-15T16:26:00Z,ปทุมธานี,Pathum Thani,department of rural roads,แยกทางหลวงหมายเลข 305 (กม.ที่ 18+700) - บ้านคลองแปด,motorcycle,speeding,other,2,1,1,clear,13.990402,100.777809,straight road,no slope
6552986,2022-07-14T12:15:00Z,2022-07-15T06:31:00Z,สมุทรปราการ,Samut Prakan,department of highways,บางนา - ทางเข้าท่าอากาศยานสุวรรณภูมิ,4-wheel pickup truck,speeding,rollover/fallen on straight road,1,0,0,clear,13.64547594,100.6899574,straight road,no slope
6645238,2022-07-14T12:30:00Z,2022-08-02T14:39:00Z,กรุงเทพมหานคร,Bangkok,department of highways,แขวงคลองสองต้นนุ่น - พิมพา,large truck with trailer,speeding,rollover/fallen on straight road,1,0,0,clear,13.72998439,100.758107,straight road,no slope
7561558,2022-07-14T14:45:00Z,2023-01-17T10:35:00Z,กรุงเทพมหานคร,Bangkok,department of highways,ดาวคะนอง -  แสมดำ,motorcycle,cutting in closely by people/vehicles/animals,rear-end collision,2,0,2,clear,13.64915368,100.4191938,straight road,no slope
6554632,2022-07-14T18:00:00Z,2022-07-15T15:31:00Z,กรุงเทพมหานคร,Bangkok,department of highways,ถนนศรีนครินทร - แขวงคลองสองต้นนุ่น,private/passenger car,speeding,rollover/fallen on straight road,1,0,1,clear,13.73175617,100.7062626,other,other
6608393,2022-07-14T19:09:00Z,2022-07-27T10:42:00Z,สมุทรปราการ,Samut Prakan,expressway authority of thailand,บางนา-ชลบุรี,4-wheel pickup truck,other,rear-end collision,4,0,0,clear,13.605217,100.775637,straight road,other
6552985,2022-07-14T19:30:00Z,2022-07-15T06:30:00Z,กรุงเทพมหานคร,Bangkok,department of highways,บางแค - คลองมหาสวัสดิ์,motorcycle,speeding,rollover/fallen on straight road,1,0,0,rainy,13.68785384,100.4071855,straight road,no slope
6567217,2022-07-15T00:47:00Z,2022-07-15T09:41:00Z,กรุงเทพมหานคร,Bangkok,department of rural roads,สะพานภูมิพลที่ 1 ไปสะพานภูมิพลที่ 2,4-wheel pickup truck,tailgating,other,2,0,0,rainy,13.670128,100.538629,straight road,slope area
6643812,2022-07-15T02:00:00Z,2022-08-02T08:34:00Z,นครปฐม,Nakhon Pathom,department of highways,พุทธมณฑลสาย 4 - นครชัยศรี,4-wheel pickup truck,speeding,rollover/fallen on straight road,1,0,0,rainy,13.77670533,100.2210536,straight road,no slope
6553730,2022-07-15T03:12:00Z,2022-07-15T10:29:00Z,กรุงเทพมหานคร,Bangkok,department of highways,แขวงคลองสองต้นนุ่น - พิมพา,private/passenger car,speeding,rollover/fallen on straight road,1,0,1,clear,13.72930434,100.7353887,straight road,no slope
6553329,2022-07-15T07:30:00Z,2022-07-15T08:37:00Z,กรุงเทพมหานคร,Bangkok,department of highways,อรุณอมรินทร์ - พุทธมณฑลสาย 4,private/passenger car,cutting in closely by people/vehicles/animals,rear-end collision,2,0,1,clear,13.78834178,100.3575405,straight road,no slope
6554101,2022-07-15T11:00:00Z,2022-07-15T12:48:00Z,นนทบุรี,Nonthaburi,expressway authority of thailand,แจ้งวัฒนะ-พญาไท,4-wheel pickup truck,other,collision with obstruction (on road surface),2,0,0,clear,13.85505298,100.5330522,straight road,other
6554138,2022-07-15T11:28:00Z,2022-07-15T12:55:00Z,สมุทรปราการ,Samut Prakan,department of highways,แขวงคลองสองต้นนุ่น - พิมพา,private/passenger car,speeding,rear-end collision,2,0,0,clear,13.66841985,100.8463517,straight road,no slope
7564949,2022-07-15T13:47:00Z,2023-01-20T06:26:00Z,สมุทรปราการ,Samut Prakan,department of highways,บางนา - ทางเข้าท่าอากาศยานสุวรรณภูมิ,large truck with trailer,speeding,rear-end collision,3,0,4,clear,13.6258573,100.7267775,straight road,no slope
6557573,2022-07-15T16:13:00Z,2022-07-16T06:04:00Z,สมุทรปราการ,Samut Prakan,department of highways,แขวงคลองสองต้นนุ่น - พิมพา,private/passenger car,speeding,rear-end collision,4,0,0,clear,13.65364457,100.8692899,straight road,no slope
6555907,2022-07-15T16:58:00Z,2022-07-15T21:36:00Z,สมุทรปราการ,Samut Prakan,department of highways,แขวงคลองสองต้นนุ่น - พิมพา,4-wheel pickup truck,speeding,rear-end collision,3,0,0,clear,13.65856803,100.8616483,straight road,no slope
6555759,2022-07-15T17:46:00Z,2022-07-15T20:57:00Z,กรุงเทพมหานคร,Bangkok,department of highways,ถนนศรีนครินทร - แขวงคลองสองต้นนุ่น,private/passenger car,speeding,rear-end collision,2,0,0,clear,13.73187603,100.710471,straight road,no slope
6555426,2022-07-15T18:37:00Z,2022-07-15T19:24:00Z,กรุงเทพมหานคร,Bangkok,expressway authority of thailand,พญาไท-ศรีนครินทร์,4-wheel pickup truck,other,side collision,2,0,0,clear,13.74191973,100.6388506,straight road,other
6718141,2022-07-15T19:30:00Z,2022-08-14T10:27:00Z,กรุงเทพมหานคร,Bangkok,department of highways,แยกเข้ามีนบุรี - คลองหลวงแพ่ง,4-wheel pickup truck,driving under the influence of alcohol,rollover/fallen on straight road,1,0,1,clear,13.81297516,100.718016,straight road,no slope
6592939,2022-07-15T19:45:00Z,2022-07-25T08:47:00Z,กรุงเทพมหานคร,Bangkok,department of highways,แยกเข้ามีนบุรี - คลองหลวงแพ่ง,4-wheel pickup truck,driving under the influence of alcohol,rollover/fallen on straight road,1,0,0,clear,13.81299339,100.7179785,other,other
6557584,2022-07-15T20:36:00Z,2022-07-16T06:24:00Z,กรุงเทพมหานคร,Bangkok,department of highways,พระประแดง - บางแค,large truck with trailer,speeding,rear-end collision,2,0,0,clear,13.66350181,100.405426,straight road,no slope
6558484,2022-07-15T23:53:00Z,2022-07-16T15:51:00Z,กรุงเทพมหานคร,Bangkok,department of highways,บางแค - คลองมหาสวัสดิ์,motorcycle,speeding,rollover/fallen on straight road,1,0,1,clear,13.68264432,100.4067671,other,other