acc_code,incident_datetime,report_datetime,province_th,province_en,agency,route,vehicle_type,presumed_cause,accident_type,number_of_vehicles_involved,number_of_fatalities,number_of_injuries,weather_condition,latitude,longitude,road_description,slope_description
6608085,2022-07-16T00:04:00Z,2022-07-27T09:48:00Z,กรุงเทพมหานคร,Bangkok,expressway authority of thailand,ดินแดง-ท่าเรือ,other,other,collision with obstruction (on road surface),1,0,1,clear,NA,NA,straight road,other
6558446,2022-07-16T03:30:00Z,2022-07-16T15:41:00Z,ปทุมธานี,Pathum Thani,department of highways,สนามกีฬาธูปะเตมีย์ - ต่างระดับคลองหลวง,4-wheel pickup truck,speeding,rollover/fallen on straight road,1,0,0,clear,13.99295629,100.6147671,straight road,no slope
6567233,2022-07-16T06:50:00Z,2022-07-16T10:18:00Z,กรุงเทพมหานคร,Bangkok,department of rural roads,สะพานภูมิพลที่ 2 ไปสะพานภูมิพลที่ 1,private/passenger car,abrupt lane change,other,2,1,0,clear,13.685699,100.546913,straight road,no slope
6557706,2022-07-16T09:00:00Z,2022-07-16T10:49:00Z,นครปฐม,Nakhon Pathom,department of highways,นครชัยศรี - พระประโทน,private/passenger car,speeding,rollover/fallen on straight road,1,0,2,clear,13.81347786,100.0991553,straight road,no slope
6558697,2022-07-16T09:32:00Z,2022-07-16T17:11:00Z,กรุงเทพมหานคร,Bangkok,department of highways,บางแค - คลองมหาสวัสดิ์,4-wheel pickup truck,speeding,rear-end collision,2,0,0,clear,13.71747735,100.4059437,straight road,no slope
6558078,2022-07-16T12:20:00Z,2022-07-16T13:54:00Z,กรุงเทพมหานคร,Bangkok,department of highways,อรุณอมรินทร์ - พุทธมณฑลสาย 4,motorcycle,speeding,rear-end collision,2,0,1,clear,13.78068841,100.4320389,straight road,no slope
6558741,2022-07-16T15:15:00Z,2022-07-16T17:22:00Z,นครปฐม,Nakhon Pathom,department of highways,ลาดบัวหลวง - สองพี่น้อง,motorcycle,cutting in closely by people/vehicles/animals,rear-end collision,2,1,0,clear,14.16075309,100.2495548,straight road,no slope
6558958,2022-07-16T15:20:00Z,2022-07-16T18:23:00Z,ปทุมธานี,Pathum Thani,department of highways,วัดนาบุญ - คลอง 14,4-wheel pickup truck,speeding,rear-end collision,3,0,2,clear,14.06386141,100.8556509,straight road,no slope
6558960,2022-07-16T17:00:00Z,2022-07-16T18:21:00Z,กรุงเทพมหานคร,Bangkok,department of highways,อรุณอมรินทร์ - พุทธมณฑลสาย 4,private/passenger car,speeding,rear-end collision,2,0,0,clear,13.78700806,100.3703427,straight road,no slope
6561028,2022-07-16T18:20:00Z,2022-07-17T06:11:00Z,กรุงเทพมหานคร,Bangkok,department of highways,บางแค - คลองมหาสวัสดิ์,motorcycle,speeding,rollover/fallen on straight road,1,0,1,clear,13.70612142,100.4063165,straight road,no slope
6559798,2022-07-16T18:27:00Z,2022-07-16T22:16:00Z,สมุทรปราการ,Samut Prakan,department of highways,แขวงคลองสองต้นนุ่น - พิมพา,large truck with trailer,speeding,rear-end collision,2,0,0,clear,13.64332296,100.8853698,straight road,no slope
6561022,2022-07-16T18:35:00Z,2022-07-17T06:05:00Z,กรุงเทพมหานคร,Bangkok,department of highways,พระประแดง - บางแค,motorcycle,speeding,collision with obstruction (on road surface),1,1,0,clear,13.66016833,100.4053402,other,other
6561043,2022-07-16T18:37:00Z,2022-07-17T06:25:00Z,ปทุมธานี,Pathum Thani,department of highways,บางปะอิน - แขวงรามอินทรา,private/passenger car,speeding,rear-end collision,2,0,2,clear,13.91773883,100.7038593,straight road,no slope
6658343,2022-07-16T19:37:00Z,2022-07-18T14:53:00Z,สมุทรปราการ,Samut Prakan,department of rural roads,ทางออกจากถนนวงแหวนอุตสาหกรรมสู่ถนนปู่เจ้าสมิงพราย,large truck with trailer,abrupt lane change,other,2,0,1,clear,13.650991,100.541181,grade-separated intersection/ramps,other
6565520,2022-07-16T21:35:00Z,2022-07-18T06:01:00Z,ปทุมธานี,Pathum Thani,department of highways,บางบัวทอง -  ลาดบัวหลวง,motorcycle,speeding,rollover/fallen on straight road,1,1,0,clear,14.02000628,100.3592813,straight road,no slope
6593335,2022-07-16T22:30:00Z,2022-07-25T09:50:00Z,สมุทรปราการ,Samut Prakan,department of highways,แขวงรามอินทรา - บางพลี,large truck with trailer,speeding,rear-end collision,2,0,0,clear,13.64937523,100.6872269,straight road,no slope
6602426,2022-07-16T22:50:00Z,2022-07-26T14:13:00Z,กรุงเทพมหานคร,Bangkok,department of highways,งามวงศ์วาน - ดอนเมือง,private/passenger car,speeding,rollover/fallen on straight road,1,0,0,clear,13.88623736,100.5827361,straight road,no slope
6782592,2022-07-16T23:00:00Z,2022-08-25T09:04:00Z,ปทุมธานี,Pathum Thani,department of highways,บ้านพร้าว - คลองห้า,private/passenger car,speeding,rollover/fallen on straight road,1,0,1,clear,14.06644499,100.6770345,straight road,no slope
6564711,2022-07-17T00:53:00Z,2022-07-17T23:52:00Z,สมุทรปราการ,Samut Prakan,department of highways,แขวงคลองสองต้นนุ่น - พิมพา,large truck with trailer,speeding,rear-end collision,2,0,1,clear,13.66841985,100.8463517,straight road,no slope
6565534,2022-07-17T04:20:00Z,2022-07-18T06:05:00Z,ปทุมธานี,Pathum Thani,department of highways,ต่างระดับรังสิต - วัดนาบุญ,private/passenger car,speeding,rear-end collision,2,1,0,clear,14.01529606,100.722911,straight road,no slope
6564710,2022-07-17T12:02:00Z,2022-07-17T23:51:00Z,กรุงเทพมหานคร,Bangkok,department of highways,แขวงคลองสองต้นนุ่น - พิมพา,private/passenger car,speeding,rear-end collision,3,0,0,clear,13.73062536,100.7209128,straight road,no slope
6608223,2022-07-17T14:37:00Z,2022-07-27T10:15:00Z,กรุงเทพมหานคร,Bangkok,expressway authority of thailand,รามอินทรา-อาจณรงค์,other,other,rear-end collision,2,0,3,clear,NA,NA,grade-separated intersection/ramps,other
6564706,2022-07-17T15:25:00Z,2022-07-17T23:53:00Z,สมุทรปราการ,Samut Prakan,department of highways,แขวงคลองสองต้นนุ่น - พิมพา,private/passenger car,speeding,rear-end collision,3,0,0,clear,13.66644952,100.8493987,straight road,no slope
7564285,2022-07-17T16:00:00Z,2023-01-19T13:06:00Z,สมุทรสาคร,Samut Sakhon,department of highways,แสมดำ - สะพานข้ามแม่น้ำท่าจีนฝั่งตะวันตก,4-wheel pickup truck,debris/obstruction on the road,other,3,0,3,clear,13.59286828,100.3592062,straight road,no slope
6608478,2022-07-17T19:53:00Z,2022-07-27T11:01:00Z,สมุทรปราการ,Samut Prakan,expressway authority of thailand,บางพลี-สุขสวัสดิ์,4-wheel pickup truck,other,collision with obstruction (on road surface),2,0,0,rainy,13.616083,100.616194,straight road,other
6564708,2022-07-17T22:10:00Z,2022-07-17T23:50:00Z,สมุทรปราการ,Samut Prakan,department of highways,แขวงคลองสองต้นนุ่น - พิมพา,van,speeding,rollover/fallen on straight road,1,0,0,clear,13.61824686,100.9244013,straight road,no slope
6565256,2022-07-17T22:22:00Z,2022-07-18T04:05:00Z,กรุงเทพมหานคร,Bangkok,expressway authority of thailand,พญาไท-ศรีนครินทร์,other,other,side collision,2,0,4,clear,13.74825258,100.6024044,straight road,other
6565625,2022-07-17T23:30:00Z,2022-07-18T06:32:00Z,กรุงเทพมหานคร,Bangkok,department of highways,บางปะอิน - แขวงรามอินทรา,large truck with trailer,speeding,rear-end collision,3,0,0,rainy,13.85249722,100.6737327,straight road,no slope
6594622,2022-07-18T02:48:00Z,2022-07-25T13:59:00Z,กรุงเทพมหานคร,Bangkok,department of highways,แขวงคลองสองต้นนุ่น - พิมพา,large truck with trailer,speeding,rear-end collision,2,0,1,clear,13.73033354,100.7236272,straight road,no slope
6571610,2022-07-18T08:08:00Z,2022-07-19T07:36:00Z,กรุงเทพมหานคร,Bangkok,expressway authority of thailand,พญาไท-ศรีนครินทร์,other,other,rear-end collision,3,0,0,clear,13.75462477,100.5567878,straight road,other
7560706,2022-07-18T08:30:00Z,2023-01-16T11:20:00Z,กรุงเทพมหานคร,Bangkok,department of highways,ดินแดง - งามวงศ์วาน,motorcycle,speeding,collision at intersection corner,2,0,1,clear,13.78987642,100.5615629,other,other
7444892,2022-07-18T09:20:00Z,2022-12-08T15:08:00Z,สมุทรสาคร,Samut Sakhon,department of highways,ไม่ทราบ,passenger pickup truck,speeding,rear-end collision,2,0,0,clear,13.53388878,100.212264,straight road,no slope
6650696,2022-07-18T11:01:00Z,2022-08-03T10:37:00Z,สมุทรปราการ,Samut Prakan,expressway authority of thailand,บางพลี-สุขสวัสดิ์,4-wheel pickup truck,other,rear-end collision,2,0,0,clear,13.626587,100.66871,straight road,other
7331743,2022-07-18T17:05:00Z,2022-07-20T11:25:00Z,สมุทรปราการ,Samut Prakan,department of highways,บางพลี - กิ่งแก้ว,large truck with trailer,speeding,rear-end collision,3,1,0,clear,13.6719122,100.7210871,straight road,no slope
6593027,2022-07-18T19:35:00Z,2022-07-23T11:25:00Z,กรุงเทพมหานคร,Bangkok,department of highways,แขวงรามอินทรา - บางพลี,4-wheel pickup truck,speeding,rear-end collision,2,0,0,clear,13.66120044,100.6948095,straight road,no slope
6608235,2022-07-18T21:14:00Z,2022-07-27T10:16:00Z,กรุงเทพมหานคร,Bangkok,expressway authority of thailand,รามอินทรา-อาจณรงค์,other,other,rollover/fallen on straight road,4,0,2,clear,NA,NA,straight road,other
6571566,2022-07-18T21:49:00Z,2022-07-19T07:25:00Z,กรุงเทพมหานคร,Bangkok,expressway authority of thailand,พญาไท-บางโคล่,other,other,side collision,2,0,1,clear,13.73574527,100.5184883,grade-separated intersection/ramps,other
7564282,2022-07-19T01:00:00Z,2023-01-19T13:01:00Z,สมุทรสาคร,Samut Sakhon,department of highways,สะพานข้ามแม่น้ำท่าจีนฝั่งตะวันตก - นาโคก,4-wheel pickup truck,falling asleep,rollover/fallen on straight road,1,0,0,clear,13.54445767,100.2545759,straight road,no slope
6608251,2022-07-19T04:17:00Z,2022-07-27T10:19:00Z,กรุงเทพมหานคร,Bangkok,expressway authority of thailand,รามอินทรา-อาจณรงค์,other,other,other,1,0,1,clear,NA,NA,y-intersection,other
7425581,2022-07-19T05:50:00Z,2022-12-02T14:55:00Z,กรุงเทพมหานคร,Bangkok,department of highways,ไม่ทราบ,4-wheel pickup truck,speeding,rollover/fallen on straight road,1,0,0,clear,13.90561678,100.5934033,straight road,no slope
7561553,2022-07-19T07:10:00Z,2023-01-17T10:35:00Z,กรุงเทพมหานคร,Bangkok,department of highways,ดาวคะนอง -  แสมดำ,motorcycle,cutting in closely by people/vehicles/animals,rear-end collision,2,0,2,clear,13.62619226,100.3931013,straight road,no slope
6608242,2022-07-19T14:38:00Z,2022-07-27T10:18:00Z,กรุงเทพมหานคร,Bangkok,expressway authority of thailand,รามอินทรา-อาจณรงค์,other,other,rear-end collision,5,0,0,clear,13.767149,100.602073,grade-separated intersection/ramps,other
6594619,2022-07-19T15:30:00Z,2022-07-25T13:57:00Z,สมุทรปราการ,Samut Prakan,department of highways,แขวงคลองสองต้นนุ่น - พิมพา,4-wheel pickup truck,speeding,rollover/fallen on straight road,1,0,0,clear,13.65167933,100.8723584,straight road,no slope
6579867,2022-07-19T16:55:00Z,2022-07-20T13:43:00Z,กรุงเทพมหานคร,Bangkok,expressway authority of thailand,พญาไท-ศรีนครินทร์,other,other,rear-end collision,6,0,0,clear,13.75325287,100.5748847,straight road,other
7565118,2022-07-19T18:10:00Z,2023-01-20T08:52:00Z,ปทุมธานี,Pathum Thani,department of highways,บ้านพร้าว - คลองห้า,private/passenger car,speeding,other,2,0,0,clear,14.06651004,100.6808326,straight road,no slope
7568339,2022-07-19T23:00:00Z,2023-01-24T13:31:00Z,กรุงเทพมหานคร,Bangkok,department of highways,แขวงคลองสองต้นนุ่น - พิมพา,large truck with trailer,vehicle equipment failure,rollover/fallen on straight road,1,0,0,clear,13.73184476,100.7751363,straight road,no slope
6594957,2022-07-20T00:23:00Z,2022-07-25T14:52:00Z,ปทุมธานี,Pathum Thani,department of highways,บางปะอิน - แขวงรามอินทรา,private/passenger car,speeding,rollover/fallen on straight road,1,0,0,clear,14.006604,100.7054874,straight road,no slope
6594905,2022-07-20T01:20:00Z,2022-07-25T14:46:00Z,กรุงเทพมหานคร,Bangkok,department of highways,บางปะอิน - แขวงรามอินทรา,private/passenger car,speeding,rollover/fallen on straight road,1,0,1,clear,13.89275984,100.690408,straight road,no slope
7444869,2022-07-20T09:00:00Z,2022-12-08T14:30:00Z,สมุทรสาคร,Samut Sakhon,department of highways,ไม่ทราบ,7-10-wheel truck,speeding,rollover/fallen on straight road,1,0,0,clear,13.58487223,100.3168622,straight road,no slope
7567896,2022-07-20T09:00:00Z,2023-01-24T07:15:00Z,นครปฐม,Nakhon Pathom,department of highways,นครปฐม - หนองปลาไหล,other,speeding,rollover/fallen on straight road,1,0,0,clear,13.84405947,100.0251102,straight road,no slope
7561544,2022-07-20T15:00:00Z,2023-01-17T10:34:00Z,กรุงเทพมหานคร,Bangkok,department of highways,ดาวคะนอง -  แสมดำ,private/passenger car,speeding,rear-end collision,2,0,1,clear,13.66363734,100.4411664,straight road,no slope
7560710,2022-07-20T17:50:00Z,2023-01-16T11:21:00Z,กรุงเทพมหานคร,Bangkok,department of highways,ดินแดง - งามวงศ์วาน,private/passenger car,failure to yield/signal,rear-end collision,2,0,0,clear,13.78987642,100.5615629,other,other
6594585,2022-07-20T17:54:00Z,2022-07-25T13:53:00Z,นนทบุรี,Nonthaburi,expressway authority of thailand,บางปะอิน-แจ้งวัฒนะ,4-wheel pickup truck,other,rear-end collision,4,0,0,clear,13.941493,100.561046,straight road,other
6594583,2022-07-20T22:04:00Z,2022-07-25T13:53:00Z,นนทบุรี,Nonthaburi,expressway authority of thailand,แจ้งวัฒนะ-พญาไท,other,other,side collision,3,0,0,clear,13.86680185,100.5336202,wide curve,other
6658353,2022-07-20T23:42:00Z,2022-07-21T16:32:00Z,สมุทรปราการ,Samut Prakan,department of rural roads,ถนนวงแหวนอุตสาหกรรมเข้าสะพานภูมิพลที่ 1,passenger pickup truck,speeding,other,3,0,0,rainy,13.665225,100.523154,straight road,no slope
6764600,2022-07-21T00:14:00Z,2022-08-22T09:08:00Z,สมุทรสาคร,Samut Sakhon,department of highways,บ้านบ่อ - พระประโทน,4-wheel pickup truck,speeding,rollover/fallen on straight road,2,0,1,clear,13.63139259,100.0938365,straight road,no slope
6608255,2022-07-21T03:42:00Z,2022-07-27T10:20:00Z,กรุงเทพมหานคร,Bangkok,expressway authority of thailand,รามอินทรา-อาจณรงค์,4-wheel pickup truck,other,rear-end collision,2,0,2,rainy,13.779181,100.607356,straight road,other
6592972,2022-07-21T09:08:00Z,2022-07-23T11:40:00Z,กรุงเทพมหานคร,Bangkok,department of highways,แขวงรามอินทรา - บางพลี,4-wheel pickup truck,speeding,rollover/fallen on curved road,1,0,0,rainy,13.73299641,100.705533,other,other
6586092,2022-07-21T12:54:00Z,2022-07-21T14:44:00Z,สมุทรปราการ,Samut Prakan,department of highways,แขวงคลองสองต้นนุ่น - พิมพา,private/passenger car,speeding,rear-end collision,2,0,0,rainy,13.64184506,100.8876684,straight road,no slope
7564157,2022-07-21T14:25:00Z,2023-01-19T10:51:00Z,สมุทรสาคร,Samut Sakhon,department of highways,แสมดำ - สะพานข้ามแม่น้ำท่าจีนฝั่งตะวันตก,large truck with trailer,speeding,rear-end collision,2,0,0,clear,13.56223172,100.2762921,straight road,no slope
6593485,2022-07-21T20:57:00Z,2022-07-25T10:15:00Z,สมุทรปราการ,Samut Prakan,department of highways,แขวงคลองสองต้นนุ่น - พิมพา,large truck with trailer,speeding,rollover/fallen on curved road,1,0,0,clear,13.67351501,100.8388254,wide curve,no slope
6592522,2022-07-22T00:35:00Z,2022-07-22T15:49:00Z,สมุทรสาคร,Samut Sakhon,department of highways,สะพานข้ามแม่น้ำท่าจีนฝั่งตะวันตก - นาโคก,private/passenger car,speeding,rear-end collision,2,1,0,clear,13.51017292,100.1390317,straight road,no slope
6602322,2022-07-22T01:30:00Z,2022-07-26T13:56:00Z,นนทบุรี,Nonthaburi,department of highways,คลองมหาสวัสดิ์ - คลองบางไผ่,motorcycle,speeding,rear-end collision,2,2,1,clear,13.84016602,100.4131776,straight road,no slope
6603536,2022-07-22T02:31:00Z,2022-07-26T17:20:00Z,ปทุมธานี,Pathum Thani,department of highways,บางปะอิน - แขวงรามอินทรา,4-wheel pickup truck,speeding,rear-end collision,2,0,1,clear,14.05540276,100.6979853,straight road,no slope
7568324,2022-07-22T04:00:00Z,2023-01-24T13:24:00Z,กรุงเทพมหานคร,Bangkok,department of highways,บางปะอิน - แขวงรามอินทรา,private/passenger car,speeding,rollover/fallen on straight road,1,0,0,clear,13.89864423,100.6936481,straight road,no slope
7414642,2022-07-22T09:45:00Z,2022-11-29T09:10:00Z,นครปฐม,Nakhon Pathom,department of highways,ดอนตูม - บางเลน,private/passenger car,speeding,rollover/fallen on straight road,1,0,1,clear,14.00497225,100.1733827,straight road,no slope
7560709,2022-07-22T17:15:00Z,2023-01-16T11:23:00Z,กรุงเทพมหานคร,Bangkok,department of highways,ดินแดง - งามวงศ์วาน,private/passenger car,cutting in closely by people/vehicles/animals,rear-end collision,2,0,0,clear,13.81237815,100.5594445,straight road,slope area
7560708,2022-07-22T17:45:00Z,2023-01-16T11:24:00Z,กรุงเทพมหานคร,Bangkok,department of highways,ดินแดง - งามวงศ์วาน,motorcycle,failure to yield/signal,rear-end collision,2,0,0,clear,13.80787839,100.5598766,straight road,no slope
7568341,2022-07-22T18:20:00Z,2023-01-24T13:32:00Z,กรุงเทพมหานคร,Bangkok,department of highways,แขวงรามอินทรา - บางพลี,4-wheel pickup truck,speeding,rear-end collision,2,0,0,clear,13.69279482,100.6994229,straight road,no slope
6593000,2022-07-22T19:53:00Z,2022-07-23T13:39:00Z,กรุงเทพมหานคร,Bangkok,department of highways,ถนนศรีนครินทร - แขวงคลองสองต้นนุ่น,private/passenger car,speeding,rollover/fallen on straight road,1,0,0,clear,13.73383799,100.6928542,straight road,no slope
7561552,2022-07-22T20:30:00Z,2023-01-17T10:33:00Z,กรุงเทพมหานคร,Bangkok,department of highways,ดาวคะนอง -  แสมดำ,private/passenger car,speeding,rear-end collision,2,0,1,clear,13.66970212,100.4519516,straight road,no slope
6658369,2022-07-22T21:00:00Z,2022-07-25T15:26:00Z,กรุงเทพมหานคร,Bangkok,department of rural roads,สะพานภูมิพลที่ 2 ไปสะพานภูมิพลที่ 1,motorcycle,speeding,other,2,0,1,clear,13.67018,100.538418,straight road,slope area
7565133,2022-07-22T22:00:00Z,2023-01-20T08:58:00Z,ปทุมธานี,Pathum Thani,department of highways,บ้านพร้าว - คลองห้า,private/passenger car,speeding,rear-end collision,2,0,2,clear,14.06513629,100.6140241,wide curve,no slope
6608413,2022-07-22T22:50:00Z,2022-07-27T10:46:00Z,สมุทรปราการ,Samut Prakan,expressway authority of thailand,บางนา-ชลบุรี,other,other,rear-end collision,2,0,2,clear,13.606466,100.772144,straight road,other
6603535,2022-07-22T23:00:00Z,2022-07-26T17:18:00Z,กรุงเทพมหานคร,Bangkok,department of highways,บางปะอิน - แขวงรามอินทรา,4-wheel pickup truck,speeding,rollover/fallen on straight road,1,0,1,rainy,13.82820139,100.6741807,straight road,no slope
6650586,2022-07-22T23:05:00Z,2022-08-03T10:20:00Z,กรุงเทพมหานคร,Bangkok,expressway authority of thailand,รามอินทรา-วงแหวนรอบนอก,other,other,rear-end collision,2,0,0,rainy,13.875542,100.6466,grade-separated intersection/ramps,other
7560829,2022-07-23T01:00:00Z,2023-01-16T14:37:00Z,กรุงเทพมหานคร,Bangkok,department of highways,แยกเข้ามีนบุรี - คลองหลวงแพ่ง,private/passenger car,speeding,rollover/fallen on straight road,1,0,0,clear,13.81016995,100.804638,straight road,no slope
6595322,2022-07-23T01:08:00Z,2022-07-25T15:53:00Z,กรุงเทพมหานคร,Bangkok,expressway authority of thailand,บางปะอิน-แจ้งวัฒนะ,other,other,collision with obstruction (on road surface),1,0,1,clear,NA,NA,straight road,other
6608103,2022-07-23T05:30:00Z,2022-07-27T09:50:00Z,กรุงเทพมหานคร,Bangkok,expressway authority of thailand,ดาวคะนอง-ท่าเรือ,other,other,collision with obstruction (on road surface),1,1,0,clear,NA,NA,wide curve,other
6595320,2022-07-23T06:07:00Z,2022-07-25T15:53:00Z,กรุงเทพมหานคร,Bangkok,expressway authority of thailand,แจ้งวัฒนะ-พญาไท,large truck with trailer,other,rear-end collision,2,0,0,clear,13.79365109,100.5384937,y-intersection,other
7560828,2022-07-23T06:40:00Z,2023-01-16T14:37:00Z,กรุงเทพมหานคร,Bangkok,department of highways,แยกเข้ามีนบุรี - คลองหลวงแพ่ง,private/passenger car,speeding,rollover/fallen on curved road,1,0,1,clear,13.80276475,100.8820572,wide curve,no slope
7414675,2022-07-23T08:40:00Z,2022-11-29T09:40:00Z,ปทุมธานี,Pathum Thani,department of highways,คลองระพีพัฒน์ - บึงคำพร้อย,6-wheel truck,speeding,rollover/fallen on straight road,1,0,0,clear,13.95207858,100.7128635,straight road,no slope
6829470,2022-07-23T10:50:00Z,2022-09-02T15:03:00Z,กรุงเทพมหานคร,Bangkok,department of highways,ดาวคะนอง -  แสมดำ,private/passenger car,speeding,rear-end collision,2,0,0,clear,13.67472168,100.4591802,straight road,no slope
7565132,2022-07-23T19:55:00Z,2023-01-20T08:56:00Z,ปทุมธานี,Pathum Thani,department of highways,ต่างระดับรังสิต - วัดนาบุญ,private/passenger car,cutting in closely by people/vehicles/animals,rear-end collision,2,0,3,clear,14.00645566,100.70209439999999,straight road,no slope
6593488,2022-07-23T20:42:00Z,2022-07-25T10:16:00Z,กรุงเทพมหานคร,Bangkok,department of highways,บางปะอิน - แขวงรามอินทรา,private/passenger car,speeding,rear-end collision,2,0,0,clear,13.8646559,100.6773671,straight road,no slope
7561550,2022-07-23T21:00:00Z,2023-01-17T10:32:00Z,กรุงเทพมหานคร,Bangkok,department of highways,ดาวคะนอง -  แสมดำ,private/passenger car,cutting in closely by people/vehicles/animals,rear-end collision,2,0,0,clear,13.66214393,100.4394096,straight road,no slope
7560845,2022-07-23T23:00:00Z,2023-01-16T14:41:00Z,กรุงเทพมหานคร,Bangkok,department of highways,แยกเข้ามีนบุรี - คลองหลวงแพ่ง,private/passenger car,speeding,rollover/fallen on curved road,1,0,0,clear,13.81004753,100.9076911,wide curve,no slope
7444929,2022-07-23T23:15:00Z,2022-12-08T14:39:00Z,สมุทรสาคร,Samut Sakhon,department of highways,ไม่ทราบ,private/passenger car,speeding,rear-end collision,2,0,0,clear,13.54643423,100.2591598,straight road,no slope
6593620,2022-07-24T00:35:00Z,2022-07-25T10:36:00Z,ปทุมธานี,Pathum Thani,department of highways,บางปะอิน - แขวงรามอินทรา,private/passenger car,speeding,rollover/fallen on straight road,1,0,1,clear,13.97554153,100.7132202,straight road,no slope
6593746,2022-07-24T02:45:00Z,2022-07-25T10:55:00Z,ปทุมธานี,Pathum Thani,department of highways,ต่างระดับคลองหลวง - ประตูน้ำพระอินทร์,motorcycle,speeding,rear-end collision,2,1,0,clear,14.05914167,100.6171355,straight road,no slope
7444926,2022-07-24T15:20:00Z,2022-12-08T15:09:00Z,สมุทรสาคร,Samut Sakhon,department of highways,ไม่ทราบ,passenger pickup truck,speeding,rear-end collision,3,0,0,clear,13.53276485,100.2089596,straight road,no slope
6632754,2022-07-24T16:10:00Z,2022-07-31T12:17:00Z,กรุงเทพมหานคร,Bangkok,department of highways,แขวงคลองสองต้นนุ่น - พิมพา,private/passenger car,speeding,rear-end collision,2,0,0,clear,13.72963785,100.7490331,straight road,no slope
7331763,2022-07-24T19:30:00Z,2022-07-26T14:17:00Z,ปทุมธานี,Pathum Thani,department of highways,บ้านพร้าว - คลองห้า,motorcycle,speeding,rear-end collision,2,2,0,clear,14.06526898,100.6313592,other,other
6608293,2022-07-24T19:34:00Z,2022-07-27T10:24:00Z,กรุงเทพมหานคร,Bangkok,expressway authority of thailand,รามอินทรา-วงแหวนรอบนอก,other,other,rear-end collision,3,0,5,rainy,13.875542,100.6466,grade-separated intersection/ramps,other
6595324,2022-07-24T20:34:00Z,2022-07-25T15:54:00Z,กรุงเทพมหานคร,Bangkok,expressway authority of thailand,แจ้งวัฒนะ-พญาไท,other,other,side collision,2,0,0,clear,13.80746272,100.5478562,straight road,other
6658377,2022-07-24T21:18:00Z,2022-07-27T11:06:00Z,กรุงเทพมหานคร,Bangkok,department of rural roads,สะพานภูมิพลที่ 1 ไปสะพานภูมิพลที่ 2,motorcycle,unfamiliarity with the route/unskilled driving,other,1,0,1,clear,13.670592,100.538677,straight road,slope area
6603237,2022-07-24T21:56:00Z,2022-07-26T16:07:00Z,ปทุมธานี,Pathum Thani,department of highways,บางปะอิน - แขวงรามอินทรา,4-wheel pickup truck,speeding,rear-end collision,2,0,0,rainy,13.96735554,100.7128554,straight road,no slope
6595326,2022-07-24T22:18:00Z,2022-07-25T15:54:00Z,กรุงเทพมหานคร,Bangkok,expressway authority of thailand,พญาไท-บางโคล่,other,other,side collision,3,0,0,clear,13.76587122,100.5275072,straight road,other
6603166,2022-07-25T04:40:00Z,2022-07-26T15:51:00Z,กรุงเทพมหานคร,Bangkok,department of highways,บางปะอิน - แขวงรามอินทรา,6-wheel truck,speeding,rear-end collision,2,0,0,clear,13.87223099,100.6803605,straight road,no slope
7568328,2022-07-25T09:25:00Z,2023-01-24T13:26:00Z,กรุงเทพมหานคร,Bangkok,department of highways,บางปะอิน - แขวงรามอินทรา,4-wheel pickup truck,speeding,rollover/fallen on straight road,1,0,2,clear,13.86903329,100.6786868,straight road,no slope
7558328,2022-07-25T10:30:00Z,2023-01-12T14:35:00Z,กรุงเทพมหานคร,Bangkok,department of highways,แขวงคลองสองต้นนุ่น - พิมพา,private/passenger car,speeding,rear-end collision,2,0,2,clear,13.73205841,100.7724488,straight road,no slope
6650569,2022-07-25T18:50:00Z,2022-08-03T10:16:00Z,กรุงเทพมหานคร,Bangkok,expressway authority of thailand,ดาวคะนอง-ท่าเรือ,van,other,side collision,2,0,0,clear,NA,NA,merge lane,other
7560683,2022-07-25T19:00:00Z,2023-01-16T11:09:00Z,กรุงเทพมหานคร,Bangkok,department of highways,ดินแดง - งามวงศ์วาน,motorcycle,speeding,rear-end collision,2,0,0,clear,13.81328065,100.5593742,straight road,no slope
6626069,2022-07-25T22:37:00Z,2022-07-30T09:26:00Z,ปทุมธานี,Pathum Thani,department of highways,บางปะอิน - แขวงรามอินทรา,large truck with trailer,speeding,rollover/fallen on straight road,1,0,0,clear,13.97830309,100.7132846,straight road,no slope
6615140,2022-07-25T23:21:00Z,2022-07-28T11:54:00Z,กรุงเทพมหานคร,Bangkok,department of highways,ถนนศรีนครินทร - แขวงคลองสองต้นนุ่น,6-wheel truck,speeding,rollover/fallen on straight road,1,0,0,clear,13.73752478,100.6604531,straight road,no slope