acc_code,incident_datetime,report_datetime,province_th,province_en,agency,route,vehicle_type,presumed_cause,accident_type,number_of_vehicles_involved,number_of_fatalities,number_of_injuries,weather_condition,latitude,longitude,road_description,slope_description
6845280,2022-08-14T13:47:00Z,2022-09-05T09:59:00Z,กรุงเทพมหานคร,Bangkok,expressway authority of thailand,แจ้งวัฒนะ-พญาไท,other,other,side collision,1,0,0,clear,NA,NA,other,other
6788712,2022-08-14T17:18:00Z,2022-08-26T10:18:00Z,สมุทรปราการ,Samut Prakan,expressway authority of thailand,บางนา-ชลบุรี,other,other,rear-end collision,4,0,0,clear,13.59026,100.825906,straight road,other
6729066,2022-08-14T17:30:00Z,2022-08-16T10:47:00Z,กรุงเทพมหานคร,Bangkok,department of rural roads,สะพานภูมิพลที่ 1 ไปสะพานภูมิพลที่ 2,motorcycle,tailgating,other,2,0,1,clear,13.669686,100.538583,straight road,slope area
7561287,2022-08-14T17:40:00Z,2023-01-17T08:17:00Z,กรุงเทพมหานคร,Bangkok,department of highways,อรุณอมรินทร์ - พุทธมณฑลสาย 4,large passenger vehicle,speeding,rear-end collision,2,0,0,clear,13.78346142,100.403472,straight road,no slope
6729092,2022-08-14T22:22:00Z,2022-08-16T10:55:00Z,กรุงเทพมหานคร,Bangkok,expressway authority of thailand,พญาไท-บางโคล่,other,other,side collision,2,0,0,clear,13.76340725,100.526268,straight road,other
6788707,2022-08-14T22:50:00Z,2022-08-26T10:17:00Z,สมุทรปราการ,Samut Prakan,expressway authority of thailand,บางนา-ชลบุรี,6-wheel truck,other,rear-end collision,3,0,0,clear,13.60833,100.766925,straight road,other
6729067,2022-08-15T02:13:00Z,2022-08-16T10:48:00Z,กรุงเทพมหานคร,Bangkok,department of rural roads,สะพานภูมิพลที่ 1 ไปสะพานภูมิพลที่ 2,private/passenger car,speeding,other,2,0,2,clear,13.672324,100.538753,straight road,slope area
6916935,2022-08-15T06:10:00Z,2022-09-16T10:49:00Z,สมุทรสาคร,Samut Sakhon,department of highways,แสมดำ - สะพานข้ามแม่น้ำท่าจีนฝั่งตะวันตก,private/passenger car,speeding,rear-end collision,3,0,0,clear,13.58745332,100.3236964,other,other
6723229,2022-08-15T06:53:00Z,2022-08-15T09:49:00Z,กรุงเทพมหานคร,Bangkok,department of highways,แขวงคลองสองต้นนุ่น - พิมพา,private/passenger car,speeding,rear-end collision,2,0,0,clear,13.72998439,100.7581177,straight road,no slope
7560697,2022-08-15T09:35:00Z,2023-01-16T11:13:00Z,กรุงเทพมหานคร,Bangkok,department of highways,ดินแดง - งามวงศ์วาน,motorcycle,failure to yield/signal,rear-end collision,2,0,1,clear,13.83577593,100.5571948,straight road,no slope
6846546,2022-08-15T10:00:00Z,2022-09-05T14:47:00Z,ปทุมธานี,Pathum Thani,department of highways,บางบัวทอง - บางคูวัด,other,speeding,rollover/fallen on straight road,1,0,0,clear,13.95800571,100.5019802,other,other
6729788,2022-08-15T11:58:00Z,2022-08-16T13:51:00Z,ปทุมธานี,Pathum Thani,department of highways,บางปะอิน - แขวงรามอินทรา,4-wheel pickup truck,speeding,rear-end collision,2,0,0,clear,13.96916455,100.7128957,straight road,no slope
7561621,2022-08-15T16:10:00Z,2023-01-17T11:17:00Z,กรุงเทพมหานคร,Bangkok,department of highways,บางแค - คลองมหาสวัสดิ์,private/passenger car,speeding,collision with obstruction (on road surface),2,0,1,clear,13.68691827,100.4073827,straight road,no slope
6740488,2022-08-15T17:00:00Z,2022-08-18T10:03:00Z,สมุทรสาคร,Samut Sakhon,department of highways,สะพานข้ามแม่น้ำท่าจีนฝั่งตะวันตก - นาโคก,large truck with trailer,cutting in closely by people/vehicles/animals,rear-end collision,2,0,0,rainy,13.54413433,100.25184,straight road,no slope
6916932,2022-08-15T17:10:00Z,2022-09-16T10:46:00Z,สมุทรสาคร,Samut Sakhon,department of highways,สะพานข้ามแม่น้ำท่าจีนฝั่งตะวันตก - นาโคก,private/passenger car,speeding,rear-end collision,2,0,0,clear,13.54464803,100.2554691,other,other
7565268,2022-08-15T18:30:00Z,2023-01-20T09:45:00Z,กรุงเทพมหานคร,Bangkok,department of highways,บางแค - คลองมหาสวัสดิ์,4-wheel pickup truck,speeding,rollover/fallen on straight road,1,0,0,rainy,13.76696226,100.4075329,straight road,no slope
7561618,2022-08-15T19:30:00Z,2023-01-17T11:19:00Z,กรุงเทพมหานคร,Bangkok,department of highways,บางแค - คลองมหาสวัสดิ์,private/passenger car,speeding,rear-end collision,3,0,0,clear,13.76409137,100.4066572,straight road,no slope
6730208,2022-08-15T20:03:00Z,2022-08-16T15:31:00Z,กรุงเทพมหานคร,Bangkok,department of highways,บางปะอิน - แขวงรามอินทรา,private/passenger car,speeding,rear-end collision,4,0,1,clear,13.89563435,100.6925189,straight road,no slope
6981795,2022-08-15T20:30:00Z,2022-09-26T08:40:00Z,ปทุมธานี,Pathum Thani,department of highways,คลองบางหลวง - ต่างระดับเชียงรากน้อย,4-wheel pickup truck,speeding,rollover/fallen on curved road,1,0,0,rainy,14.03202343,100.4518765,other,other
6809315,2022-08-15T20:36:00Z,2022-08-30T13:35:00Z,กรุงเทพมหานคร,Bangkok,department of highways,บางปะอิน - แขวงรามอินทรา,large truck with trailer,speeding,rear-end collision,2,0,1,rainy,13.86730682,100.6779921,straight road,no slope
7561310,2022-08-15T20:45:00Z,2023-01-17T08:39:00Z,กรุงเทพมหานคร,Bangkok,department of highways,อรุณอมรินทร์ - พุทธมณฑลสาย 4,private/passenger car,speeding,rear-end collision,2,0,0,clear,13.78269664,100.4140224,straight road,no slope
6740482,2022-08-15T23:00:00Z,2022-08-18T10:04:00Z,สมุทรปราการ,Samut Prakan,department of highways,ราษฎร์บูรณะ - พระสมุทรเจดีย์,private/passenger car,speeding,rollover/fallen on straight road,1,0,1,clear,13.60386209,100.5561447,straight road,no slope
6808768,2022-08-16T00:30:00Z,2022-08-30T11:04:00Z,กรุงเทพมหานคร,Bangkok,department of highways,แขวงคลองสองต้นนุ่น - พิมพา,private/passenger car,speeding,rollover/fallen on straight road,1,0,1,rainy,13.73003911,100.7263389,straight road,no slope
6727350,2022-08-16T00:39:00Z,2022-08-16T01:44:00Z,กรุงเทพมหานคร,Bangkok,expressway authority of thailand,พญาไท-บางโคล่,other,other,rear-end collision,2,0,0,rainy,13.74018529,100.5199841,straight road,other
6809359,2022-08-16T01:30:00Z,2022-08-30T13:46:00Z,กรุงเทพมหานคร,Bangkok,department of highways,แขวงรามอินทรา - บางพลี,4-wheel pickup truck,speeding,rollover/fallen on straight road,1,0,1,rainy,13.77740609,100.6873584,straight road,no slope
6788724,2022-08-16T09:24:00Z,2022-08-26T10:21:00Z,สมุทรปราการ,Samut Prakan,expressway authority of thailand,บางนา-ชลบุรี,other,other,rear-end collision,2,0,0,clear,13.613801,100.753244,straight road,other
6809365,2022-08-16T17:30:00Z,2022-08-30T13:49:00Z,ปทุมธานี,Pathum Thani,department of highways,บางปะอิน - แขวงรามอินทรา,4-wheel pickup truck,speeding,rear-end collision,2,0,1,clear,14.06260733,100.6969151,straight road,no slope
6788649,2022-08-17T08:25:00Z,2022-08-26T10:02:00Z,กรุงเทพมหานคร,Bangkok,expressway authority of thailand,รามอินทรา-อาจณรงค์,other,other,rear-end collision,3,0,1,clear,NA,NA,wide curve,other
7441479,2022-08-17T08:30:00Z,2022-12-08T10:06:00Z,กรุงเทพมหานคร,Bangkok,department of highways,ไม่ทราบ,private/passenger car,speeding,rear-end collision,2,0,0,clear,13.67825302,100.4650891,straight road,no slope
7561359,2022-08-17T09:00:00Z,2023-01-17T08:55:00Z,กรุงเทพมหานคร,Bangkok,department of highways,อรุณอมรินทร์ - พุทธมณฑลสาย 4,other,speeding,rollover/fallen on straight road,1,0,0,clear,13.78129538,100.4276964,straight road,no slope
7561202,2022-08-17T09:10:00Z,2023-01-17T07:07:00Z,กรุงเทพมหานคร,Bangkok,department of highways,อรุณอมรินทร์ - พุทธมณฑลสาย 4,private/passenger car,speeding,rear-end collision,4,0,0,clear,13.78654699,100.3757541,straight road,no slope
7561572,2022-08-17T11:00:00Z,2023-01-17T10:49:00Z,กรุงเทพมหานคร,Bangkok,department of highways,อรุณอมรินทร์ - พุทธมณฑลสาย 4,motorcycle,speeding,rear-end collision,2,0,1,clear,13.78103488,100.4471478,straight road,no slope
6916913,2022-08-17T14:00:00Z,2022-09-16T10:40:00Z,สมุทรสาคร,Samut Sakhon,department of highways,สะพานข้ามแม่น้ำท่าจีนฝั่งตะวันตก - นาโคก,4-wheel pickup truck,speeding,rear-end collision,2,0,0,clear,13.53525784,100.2163598,straight road,no slope
6916898,2022-08-17T16:30:00Z,2022-09-16T10:39:00Z,สมุทรสาคร,Samut Sakhon,department of highways,แสมดำ - สะพานข้ามแม่น้ำท่าจีนฝั่งตะวันตก,4-wheel pickup truck,speeding,rear-end collision,2,0,0,clear,13.59009694,100.3305146,straight road,no slope
6737410,2022-08-17T20:20:00Z,2022-08-17T21:14:00Z,นนทบุรี,Nonthaburi,expressway authority of thailand,แจ้งวัฒนะ-พญาไท,other,other,collision with obstruction (on road surface),1,0,0,clear,13.850065,100.5333966,straight road,other
6916911,2022-08-17T22:30:00Z,2022-09-16T10:43:00Z,สมุทรสาคร,Samut Sakhon,department of highways,สะพานข้ามแม่น้ำท่าจีนฝั่งตะวันตก - นาโคก,4-wheel pickup truck,speeding,rear-end collision,2,0,0,clear,13.53188343,100.2063444,straight road,no slope
6808737,2022-08-17T23:36:00Z,2022-08-30T10:54:00Z,กรุงเทพมหานคร,Bangkok,department of highways,ถนนศรีนครินทร - แขวงคลองสองต้นนุ่น,van,debris/obstruction on the road,collision with obstruction (on road surface),1,0,0,clear,13.7368682,100.6666034,straight road,no slope
6746614,2022-08-18T03:50:00Z,2022-08-19T11:23:00Z,กรุงเทพมหานคร,Bangkok,department of highways,แขวงรามอินทรา - บางพลี,4-wheel pickup truck,speeding,rear-end collision,2,0,0,clear,13.70007321,100.6995544,straight road,no slope
6788657,2022-08-18T07:21:00Z,2022-08-26T10:03:00Z,กรุงเทพมหานคร,Bangkok,expressway authority of thailand,รามอินทรา-อาจณรงค์,other,other,rear-end collision,4,0,0,clear,13.81731,100.623894,straight road,other
7565270,2022-08-18T10:00:00Z,2023-01-20T09:42:00Z,กรุงเทพมหานคร,Bangkok,department of highways,อรุณอมรินทร์ - พุทธมณฑลสาย 4,other,speeding,rollover/fallen on straight road,1,0,0,clear,13.78032241,100.4333036,straight road,no slope
6845609,2022-08-18T10:48:00Z,2022-09-05T11:06:00Z,สมุทรปราการ,Samut Prakan,expressway authority of thailand,บางพลี-สุขสวัสดิ์,4-wheel pickup truck,other,rear-end collision,3,0,0,clear,13.626399,100.595699,straight road,other
6808736,2022-08-18T12:29:00Z,2022-08-30T10:51:00Z,กรุงเทพมหานคร,Bangkok,department of highways,แขวงคลองสองต้นนุ่น - พิมพา,4-wheel pickup truck,vehicle equipment failure,rollover/fallen on straight road,1,0,1,clear,13.73382497,100.7987425,straight road,no slope
6745706,2022-08-18T12:50:00Z,2022-08-19T08:38:00Z,กรุงเทพมหานคร,Bangkok,department of highways,บางปะอิน - แขวงรามอินทรา,4-wheel pickup truck,speeding,rear-end collision,2,0,0,clear,13.88191498,100.6853708,straight road,no slope
6827927,2022-08-18T13:05:00Z,2022-09-02T10:22:00Z,กรุงเทพมหานคร,Bangkok,expressway authority of thailand,บางปะอิน-แจ้งวัฒนะ,other,other,rear-end collision,1,0,0,clear,NA,NA,straight road,other
6746735,2022-08-18T16:00:00Z,2022-08-19T11:45:00Z,กรุงเทพมหานคร,Bangkok,department of highways,ถนนศรีนครินทร - แขวงคลองสองต้นนุ่น,private/passenger car,speeding,rear-end collision,7,0,0,clear,13.74082329,100.644384,straight road,no slope
6827933,2022-08-18T18:39:00Z,2022-09-02T10:23:00Z,นนทบุรี,Nonthaburi,expressway authority of thailand,แจ้งวัฒนะ-พญาไท,other,other,rear-end collision,4,0,2,clear,13.86987625,100.5346613,straight road,other
6747444,2022-08-18T19:40:00Z,2022-08-19T14:46:00Z,กรุงเทพมหานคร,Bangkok,department of highways,แขวงรามอินทรา - บางพลี,7-10-wheel truck,speeding,rear-end collision,3,0,4,clear,13.69915593,100.6997663,straight road,no slope
6808754,2022-08-18T21:59:00Z,2022-08-30T10:55:00Z,สมุทรปราการ,Samut Prakan,department of highways,แขวงคลองสองต้นนุ่น - พิมพา,private/passenger car,speeding,rear-end collision,2,0,2,clear,13.7025514,100.8238318,straight road,no slope
6747780,2022-08-18T22:35:00Z,2022-08-19T15:04:00Z,กรุงเทพมหานคร,Bangkok,department of highways,แขวงรามอินทรา - บางพลี,4-wheel pickup truck,speeding,rollover/fallen on straight road,1,0,1,rainy,13.70552729,100.6998119,straight road,no slope
6745972,2022-08-19T07:30:00Z,2022-08-19T09:20:00Z,กรุงเทพมหานคร,Bangkok,department of highways,บางปะอิน - แขวงรามอินทรา,private/passenger car,speeding,rear-end collision,2,0,0,clear,13.88678416,100.6878921,straight road,no slope
6748253,2022-08-19T11:20:00Z,2022-08-19T15:20:00Z,สมุทรปราการ,Samut Prakan,department of highways,แขวงรามอินทรา - บางพลี,large truck with trailer,speeding,rear-end collision,3,0,0,clear,13.65701985,100.6920737,straight road,no slope
6916756,2022-08-19T12:10:00Z,2022-09-16T10:10:00Z,สมุทรสาคร,Samut Sakhon,department of highways,แสมดำ - สะพานข้ามแม่น้ำท่าจีนฝั่งตะวันตก,private/passenger car,speeding,rear-end collision,4,0,2,clear,13.59257368,100.3546733,straight road,no slope
6917156,2022-08-19T14:23:00Z,2022-09-16T11:41:00Z,สมุทรสาคร,Samut Sakhon,department of highways,แสมดำ - สะพานข้ามแม่น้ำท่าจีนฝั่งตะวันตก,private/passenger car,speeding,rear-end collision,2,0,0,clear,13.59219305,100.3360748,straight road,no slope
6771956,2022-08-19T14:36:00Z,2022-08-23T14:26:00Z,สมุทรปราการ,Samut Prakan,department of highways,แขวงคลองสองต้นนุ่น - พิมพา,private/passenger car,speeding,rear-end collision,7,0,0,clear,13.66595694,100.8501765,straight road,no slope
6806537,2022-08-19T15:10:00Z,2022-08-29T15:01:00Z,ปทุมธานี,Pathum Thani,department of highways,บางปะอิน - แขวงรามอินทรา,4-wheel pickup truck,speeding,rear-end collision,2,0,0,clear,14.03817489,100.6981087,straight road,no slope
6846321,2022-08-19T15:55:00Z,2022-09-05T14:04:00Z,กรุงเทพมหานคร,Bangkok,expressway authority of thailand,พญาไท-บางโคล่,other,other,other,1,0,0,clear,NA,NA,grade-separated intersection/ramps,other
6771866,2022-08-19T16:15:00Z,2022-08-23T14:04:00Z,กรุงเทพมหานคร,Bangkok,department of highways,แขวงคลองสองต้นนุ่น - พิมพา,private/passenger car,speeding,rear-end collision,3,0,0,clear,13.72983067,100.7563072,straight road,no slope
6759608,2022-08-19T16:29:00Z,2022-08-21T09:24:00Z,กรุงเทพมหานคร,Bangkok,department of highways,ถนนศรีนครินทร - แขวงคลองสองต้นนุ่น,4-wheel pickup truck,speeding,rear-end collision,2,0,1,clear,13.73240235,100.7035938,straight road,no slope
6788539,2022-08-19T17:00:00Z,2022-08-26T09:38:00Z,กรุงเทพมหานคร,Bangkok,expressway authority of thailand,ดาวคะนอง-ท่าเรือ,other,other,other,1,0,0,clear,NA,NA,y-intersection,other
6788848,2022-08-19T17:26:00Z,2022-08-26T10:46:00Z,สมุทรปราการ,Samut Prakan,expressway authority of thailand,บางพลี-สุขสวัสดิ์,4-wheel pickup truck,other,rear-end collision,5,0,2,clear,13.627777,100.593292,grade-separated intersection/ramps,other
6759738,2022-08-19T17:48:00Z,2022-08-21T09:50:00Z,กรุงเทพมหานคร,Bangkok,department of highways,ถนนศรีนครินทร - แขวงคลองสองต้นนุ่น,6-wheel truck,speeding,rear-end collision,2,0,0,clear,13.74146423,100.6423563,straight road,no slope
6788841,2022-08-19T18:53:00Z,2022-08-26T10:45:00Z,กรุงเทพมหานคร,Bangkok,expressway authority of thailand,บางพลี-สุขสวัสดิ์,other,other,rear-end collision,3,0,0,clear,NA,NA,other,other
6845538,2022-08-19T19:22:00Z,2022-09-05T10:54:00Z,กรุงเทพมหานคร,Bangkok,expressway authority of thailand,ดินแดง-ท่าเรือ,other,other,rear-end collision,2,0,0,clear,13.73970861,100.5510253,straight road,other
7561574,2022-08-19T19:50:00Z,2023-01-17T10:50:00Z,กรุงเทพมหานคร,Bangkok,department of highways,อรุณอมรินทร์ - พุทธมณฑลสาย 4,motorcycle,speeding,rear-end collision,3,0,1,clear,13.78410094,100.4572061,straight road,no slope
7565182,2022-08-19T20:30:00Z,2023-01-20T09:12:00Z,ปทุมธานี,Pathum Thani,department of highways,ต่างระดับคลองหลวง - ประตูน้ำพระอินทร์,4-wheel pickup truck,cutting in closely by people/vehicles/animals,rear-end collision,2,0,0,clear,14.0767322,100.6178114,straight road,no slope
6822354,2022-08-20T00:27:00Z,2022-09-01T12:57:00Z,กรุงเทพมหานคร,Bangkok,expressway authority of thailand,แจ้งวัฒนะ-พญาไท,other,other,collision with obstruction (on road surface),1,0,0,clear,13.79970872,100.540181,wide curve,other
7564994,2022-08-20T01:00:00Z,2023-01-20T06:53:00Z,สมุทรปราการ,Samut Prakan,department of highways,ทางเข้าท่าอากาศยานสุวรรณภูมิ - บางวัว,motorcycle,speeding,rear-end collision,2,0,2,clear,13.59292304,100.8127396,straight road,no slope
6752829,2022-08-20T02:04:00Z,2022-08-20T03:22:00Z,กรุงเทพมหานคร,Bangkok,expressway authority of thailand,แจ้งวัฒนะ-พญาไท,other,other,rear-end collision,2,0,0,clear,13.79279042,100.5382282,straight road,other
6788663,2022-08-20T02:42:00Z,2022-08-26T10:04:00Z,กรุงเทพมหานคร,Bangkok,expressway authority of thailand,รามอินทรา-อาจณรงค์,other,other,rear-end collision,2,0,4,other,13.794531,100.612283,straight road,other
6916742,2022-08-20T03:20:00Z,2022-09-16T10:08:00Z,สมุทรสาคร,Samut Sakhon,department of highways,แสมดำ - สะพานข้ามแม่น้ำท่าจีนฝั่งตะวันตก,7-10-wheel truck,speeding,rollover/fallen on straight road,1,0,0,clear,13.59264668,100.3583184,other,other
7561218,2022-08-20T08:15:00Z,2023-01-17T07:15:00Z,กรุงเทพมหานคร,Bangkok,department of highways,อรุณอมรินทร์ - พุทธมณฑลสาย 4,motorcycle,speeding,rear-end collision,2,0,1,clear,13.78577723,100.3799973,straight road,no slope
6771824,2022-08-20T11:14:00Z,2022-08-23T13:51:00Z,สมุทรปราการ,Samut Prakan,department of highways,แขวงคลองสองต้นนุ่น - พิมพา,4-wheel pickup truck,speeding,rear-end collision,2,0,0,clear,13.67564947,100.8371571,straight road,no slope
7564284,2022-08-20T11:50:00Z,2023-01-19T13:05:00Z,สมุทรสาคร,Samut Sakhon,department of highways,แสมดำ - สะพานข้ามแม่น้ำท่าจีนฝั่งตะวันตก,4-wheel pickup truck,vehicle equipment failure,rear-end collision,2,0,0,clear,13.57270687,100.293315,other,other
6788992,2022-08-20T12:44:00Z,2022-08-26T11:11:00Z,กรุงเทพมหานคร,Bangkok,department of highways,แขวงคลองสองต้นนุ่น - พิมพา,private/passenger car,speeding,rear-end collision,2,0,0,clear,13.72787909,100.8112335,straight road,no slope
7527314,2022-08-20T15:40:00Z,2022-12-31T10:35:00Z,กรุงเทพมหานคร,Bangkok,department of highways,บางแค - คลองมหาสวัสดิ์,private/passenger car,speeding,rear-end collision,2,0,1,clear,13.76976669,100.4078762,straight road,no slope
6808555,2022-08-20T18:30:00Z,2022-08-30T10:16:00Z,ปทุมธานี,Pathum Thani,department of highways,บางปะอิน - แขวงรามอินทรา,4-wheel pickup truck,vehicle equipment failure,rollover/fallen on straight road,1,0,0,clear,14.14341353,100.6623709,straight road,no slope
6802941,2022-08-20T19:52:00Z,2022-08-28T23:10:00Z,กรุงเทพมหานคร,Bangkok,expressway authority of thailand,ดินแดง-ท่าเรือ,4-wheel pickup truck,other,rear-end collision,3,0,0,clear,13.73961675,100.5507647,straight road,other
6803038,2022-08-20T19:52:00Z,2022-08-28T23:34:00Z,กรุงเทพมหานคร,Bangkok,expressway authority of thailand,ดินแดง-ท่าเรือ,other,other,rear-end collision,3,0,0,clear,13.73961675,100.5507647,straight road,other
6759825,2022-08-20T19:55:00Z,2022-08-21T10:11:00Z,กรุงเทพมหานคร,Bangkok,department of highways,แขวงรามอินทรา - บางพลี,4-wheel pickup truck,speeding,rear-end collision,3,0,1,rainy,13.80785178,100.6786358,straight road,no slope
6808501,2022-08-20T21:04:00Z,2022-08-30T10:06:00Z,กรุงเทพมหานคร,Bangkok,department of highways,แขวงคลองสองต้นนุ่น - พิมพา,private/passenger car,speeding,rollover/fallen on straight road,1,0,0,clear,13.72979679,100.7554006,wide curve,no slope
7561277,2022-08-20T22:41:00Z,2023-01-17T08:12:00Z,กรุงเทพมหานคร,Bangkok,department of highways,อรุณอมรินทร์ - พุทธมณฑลสาย 4,motorcycle,speeding,collision with obstruction (on road surface),2,0,1,clear,13.78527317,100.3890458,other,other
7443177,2022-08-20T22:50:00Z,2022-12-08T10:13:00Z,กรุงเทพมหานคร,Bangkok,department of highways,ไม่ทราบ,private/passenger car,speeding,rear-end collision,2,0,0,clear,13.67800023,100.4647042,straight road,no slope
6803011,2022-08-21T00:51:00Z,2022-08-28T23:26:00Z,กรุงเทพมหานคร,Bangkok,expressway authority of thailand,ดาวคะนอง-ท่าเรือ,large truck with trailer,other,rear-end collision,2,0,2,clear,13.70420609,100.5436327,straight road,other
6821209,2022-08-21T01:50:00Z,2022-09-01T09:00:00Z,กรุงเทพมหานคร,Bangkok,department of rural roads,สะพานภูมิพลที่ 2 ไปสะพานภูมิพลที่ 1,private/passenger car,speeding,other,3,0,1,clear,13.685809,100.547662,four-way intersection,other
6806530,2022-08-21T02:07:00Z,2022-08-29T14:57:00Z,กรุงเทพมหานคร,Bangkok,department of highways,บางปะอิน - แขวงรามอินทรา,4-wheel pickup truck,speeding,rollover/fallen on straight road,1,0,0,clear,13.83200388,100.6739473,straight road,no slope
6806529,2022-08-21T03:01:00Z,2022-08-29T14:56:00Z,กรุงเทพมหานคร,Bangkok,department of highways,ถนนศรีนครินทร - แขวงคลองสองต้นนุ่น,motorcycle,speeding,rear-end collision,2,0,1,clear,13.73752999,100.6603244,straight road,no slope
6806534,2022-08-21T08:02:00Z,2022-08-29T14:59:00Z,ปทุมธานี,Pathum Thani,department of highways,บางปะอิน - แขวงรามอินทรา,private/passenger car,speeding,rear-end collision,2,0,0,clear,14.05183032,100.6980228,straight road,no slope
6808465,2022-08-21T08:06:00Z,2022-08-30T10:05:00Z,กรุงเทพมหานคร,Bangkok,department of highways,แขวงคลองสองต้นนุ่น - พิมพา,private/passenger car,speeding,rollover/fallen on straight road,1,0,1,clear,13.73198807,100.7706329,straight road,no slope
7564291,2022-08-21T09:00:00Z,2023-01-19T13:18:00Z,สมุทรสาคร,Samut Sakhon,department of highways,สมุทรสาคร - บางบอน,4-wheel pickup truck,speeding,head-on collision (not overtaking),2,0,0,clear,13.58120913,100.315336,straight road,no slope
6806538,2022-08-21T11:15:00Z,2022-08-29T15:02:00Z,กรุงเทพมหานคร,Bangkok,department of highways,แขวงคลองสองต้นนุ่น - พิมพา,private/passenger car,speeding,rollover/fallen on straight road,1,0,0,clear,13.73183955,100.7669878,straight road,no slope
6771615,2022-08-21T16:09:00Z,2022-08-23T12:40:00Z,สมุทรปราการ,Samut Prakan,department of highways,แขวงคลองสองต้นนุ่น - พิมพา,private/passenger car,speeding,rear-end collision,2,0,0,clear,13.66841985,100.8463517,straight road,no slope
7565154,2022-08-21T16:10:00Z,2023-01-20T09:02:00Z,ปทุมธานี,Pathum Thani,department of highways,ต่างระดับรังสิต - วัดนาบุญ,4-wheel pickup truck,speeding,rollover/fallen on straight road,1,0,1,clear,13.99521014,100.6647527,other,other
6771239,2022-08-21T17:28:00Z,2022-08-23T11:19:00Z,กรุงเทพมหานคร,Bangkok,department of highways,แขวงคลองสองต้นนุ่น - พิมพา,4-wheel pickup truck,speeding,rear-end collision,4,0,0,rainy,13.72940335,100.7317623,straight road,no slope
6808503,2022-08-21T19:35:00Z,2022-08-30T10:09:00Z,กรุงเทพมหานคร,Bangkok,department of highways,แขวงรามอินทรา - บางพลี,private/passenger car,speeding,rear-end collision,2,0,1,rainy,13.80148841,100.6803739,straight road,no slope
7565170,2022-08-22T06:06:00Z,2023-01-20T09:08:00Z,ปทุมธานี,Pathum Thani,department of highways,คลองบ้านใหม่ - บางพูน,large truck with trailer,brake/anti-lock brake system failure,rollover/fallen on straight road,1,0,0,clear,13.98893261,100.550681,other,other
7439414,2022-08-22T07:30:00Z,2022-12-07T13:48:00Z,กรุงเทพมหานคร,Bangkok,department of highways,ไม่ทราบ,4-wheel pickup truck,speeding,rear-end collision,2,0,0,clear,13.77034112,100.4074216,straight road,no slope
6788856,2022-08-22T08:15:00Z,2022-08-26T10:47:00Z,สมุทรปราการ,Samut Prakan,expressway authority of thailand,บางพลี-สุขสวัสดิ์,4-wheel pickup truck,other,rear-end collision,3,0,0,clear,13.629721,100.53034,straight road,other
7561275,2022-08-22T08:30:00Z,2023-01-17T08:13:00Z,กรุงเทพมหานคร,Bangkok,department of highways,อรุณอมรินทร์ - พุทธมณฑลสาย 4,private/passenger car,speeding,rear-end collision,2,0,0,clear,13.78453988,100.3958961,straight road,no slope
6776909,2022-08-22T11:51:00Z,2022-08-24T09:42:00Z,ปทุมธานี,Pathum Thani,department of highways,บางปะอิน - แขวงรามอินทรา,4-wheel pickup truck,speeding,rear-end collision,2,0,0,clear,13.96004906,100.7127321,straight road,no slope
6806467,2022-08-22T12:55:00Z,2022-08-29T14:30:00Z,กรุงเทพมหานคร,Bangkok,department of highways,บางปะอิน - แขวงรามอินทรา,private/passenger car,vehicle equipment failure,rollover/fallen on straight road,1,0,0,clear,13.8354964,100.673604,straight road,no slope
6806315,2022-08-22T13:30:00Z,2022-08-29T13:59:00Z,สมุทรปราการ,Samut Prakan,department of highways,แขวงรามอินทรา - บางพลี,7-10-wheel truck,speeding,rollover/fallen on curved road,1,0,2,clear,13.6469069,100.6854808,other,other
6771185,2022-08-22T16:12:00Z,2022-08-23T11:07:00Z,กรุงเทพมหานคร,Bangkok,department of highways,แขวงคลองสองต้นนุ่น - พิมพา,4-wheel pickup truck,speeding,rear-end collision,4,0,0,clear,13.72953884,100.7444867,straight road,no slope
6771925,2022-08-22T19:05:00Z,2022-08-23T14:16:00Z,กรุงเทพมหานคร,Bangkok,department of rural roads,สะพานภูมิพลที่ 1 ไปสะพานภูมิพลที่ 2,private/passenger car,speeding,other,2,0,0,clear,13.673304,100.538894,straight road,slope area
6822264,2022-08-22T19:44:00Z,2022-09-01T12:39:00Z,กรุงเทพมหานคร,Bangkok,expressway authority of thailand,พญาไท-ศรีนครินทร์,other,other,rear-end collision,2,0,1,clear,13.75354188,100.5757466,straight road,other
7560696,2022-08-23T00:50:00Z,2023-01-16T11:14:00Z,กรุงเทพมหานคร,Bangkok,department of highways,ดินแดง - งามวงศ์วาน,motorcycle,speeding,rear-end collision,3,0,2,clear,13.83036139,100.5575663,other,other