acc_code,incident_datetime,report_datetime,province_th,province_en,agency,route,vehicle_type,presumed_cause,accident_type,number_of_vehicles_involved,number_of_fatalities,number_of_injuries,weather_condition,latitude,longitude,road_description,slope_description
6771921,2022-08-23T01:50:00Z,2022-08-23T14:16:00Z,กรุงเทพมหานคร,Bangkok,department of rural roads,สะพานภูมิพลที่ 2 ไปสะพานภูมิพลที่ 1,private/passenger car,speeding,other,3,0,0,clear,13.685856,100.547855,t-intersection,other
6806472,2022-08-23T04:35:00Z,2022-08-29T14:33:00Z,กรุงเทพมหานคร,Bangkok,department of highways,บางปะอิน - แขวงรามอินทรา,private/passenger car,speeding,rear-end collision,2,0,1,clear,13.82280487,100.6749263,straight road,no slope
6834342,2022-08-23T06:00:00Z,2022-09-03T10:28:00Z,ปทุมธานี,Pathum Thani,department of highways,ต่างระดับคลองหลวง - ประตูน้ำพระอินทร์,large passenger vehicle,speeding,rear-end collision,2,1,0,clear,14.12635876,100.6184819,straight road,no slope
6771112,2022-08-23T07:02:00Z,2022-08-23T10:49:00Z,สมุทรปราการ,Samut Prakan,department of highways,แขวงคลองสองต้นนุ่น - พิมพา,large truck with trailer,speeding,rear-end collision,2,0,0,clear,13.67088535,100.8425268,straight road,no slope
6772131,2022-08-23T07:45:00Z,2022-08-23T15:03:00Z,สมุทรปราการ,Samut Prakan,department of rural roads,ถนนวงแหวนอุตสาหกรรมเข้าสะพานภูมิพลที่ 1,motorcycle,abrupt lane change,other,2,0,1,clear,13.663979,100.528663,straight road,slope area
7561340,2022-08-23T09:00:00Z,2023-01-17T08:48:00Z,กรุงเทพมหานคร,Bangkok,department of highways,อรุณอมรินทร์ - พุทธมณฑลสาย 4,private/passenger car,speeding,rear-end collision,5,0,0,clear,13.7819831,100.4185514,straight road,no slope
6782449,2022-08-23T10:20:00Z,2022-08-25T08:33:00Z,กรุงเทพมหานคร,Bangkok,department of rural roads,สะพานภูมิพลที่ 2 ไปสะพานภูมิพลที่ 1,private/passenger car,tailgating,other,2,0,0,clear,13.685756,100.547154,straight road,no slope
6777171,2022-08-23T11:19:00Z,2022-08-24T10:38:00Z,ปทุมธานี,Pathum Thani,department of highways,บางปะอิน - แขวงรามอินทรา,large truck with trailer,speeding,rear-end collision,3,0,0,clear,14.06233934,100.6972799,straight road,no slope
6916740,2022-08-23T16:20:00Z,2022-09-16T10:07:00Z,สมุทรสาคร,Samut Sakhon,department of highways,แสมดำ - สะพานข้ามแม่น้ำท่าจีนฝั่งตะวันตก,private/passenger car,cutting in closely by people/vehicles/animals,rear-end collision,4,0,0,clear,13.59410925,100.3616363,straight road,no slope
6784432,2022-08-23T17:50:00Z,2022-08-25T15:51:00Z,สมุทรปราการ,Samut Prakan,department of rural roads,ออกจากสะพานภูมิพลที่ 2 ไปถนนวงแหวนอุตสาหกรรม,passenger pickup truck,sudden stop,other,2,0,0,clear,13.664212,100.534519,straight road,slope area
7565185,2022-08-23T19:50:00Z,2023-01-20T09:10:00Z,ปทุมธานี,Pathum Thani,department of highways,บ้านพร้าว - คลองห้า,4-wheel pickup truck,vehicle equipment failure,rollover/fallen on straight road,2,0,0,clear,14.06557079,100.6482035,other,other
6827936,2022-08-23T20:27:00Z,2022-09-02T10:24:00Z,กรุงเทพมหานคร,Bangkok,expressway authority of thailand,พญาไท-บางโคล่,other,other,collision with obstruction (on road surface),1,0,1,clear,NA,NA,straight road,other
7561204,2022-08-23T22:15:00Z,2023-01-17T07:05:00Z,กรุงเทพมหานคร,Bangkok,department of highways,อรุณอมรินทร์ - พุทธมณฑลสาย 4,private/passenger car,cutting in closely by people/vehicles/animals,rear-end collision,2,0,0,clear,13.78660382,100.3748503,straight road,no slope
6806411,2022-08-24T02:05:00Z,2022-08-29T14:17:00Z,กรุงเทพมหานคร,Bangkok,department of highways,แขวงรามอินทรา - บางพลี,private/passenger car,speeding,rollover/fallen on straight road,1,0,1,clear,13.75637728,100.6990233,straight road,no slope
6916627,2022-08-24T05:30:00Z,2022-09-16T09:43:00Z,สมุทรสาคร,Samut Sakhon,department of highways,แสมดำ - สะพานข้ามแม่น้ำท่าจีนฝั่งตะวันตก,large truck with trailer,speeding,rollover/fallen on straight road,1,0,0,clear,13.59599155,100.3636265,straight road,no slope
6916720,2022-08-24T06:59:00Z,2022-09-16T10:04:00Z,สมุทรสาคร,Samut Sakhon,department of highways,แสมดำ - สะพานข้ามแม่น้ำท่าจีนฝั่งตะวันตก,motorcycle,speeding,rear-end collision,2,1,1,clear,13.55814203,100.2717876,straight road,no slope
7561349,2022-08-24T09:00:00Z,2023-01-17T08:51:00Z,กรุงเทพมหานคร,Bangkok,department of highways,อรุณอมรินทร์ - พุทธมณฑลสาย 4,private/passenger car,speeding,rear-end collision,3,0,0,clear,13.78148554,100.4231058,straight road,no slope
7561362,2022-08-24T09:00:00Z,2023-01-17T08:58:00Z,กรุงเทพมหานคร,Bangkok,department of highways,อรุณอมรินทร์ - พุทธมณฑลสาย 4,motorcycle,speeding,rollover/fallen on straight road,1,0,1,clear,13.78064152,100.4320242,straight road,no slope
6788694,2022-08-24T15:09:00Z,2022-08-26T10:13:00Z,กรุงเทพมหานคร,Bangkok,department of highways,ถนนศรีนครินทร - แขวงคลองสองต้นนุ่น,private/passenger car,speeding,rear-end collision,2,0,1,clear,13.73192814,100.7099104,straight road,no slope
6805782,2022-08-24T16:00:00Z,2022-08-29T11:44:00Z,กรุงเทพมหานคร,Bangkok,department of highways,แขวงคลองสองต้นนุ่น - พิมพา,4-wheel pickup truck,speeding,rollover/fallen on straight road,1,0,0,clear,13.7082634,100.8210128,straight road,no slope
7528699,2022-08-24T16:10:00Z,2022-12-31T16:24:00Z,กรุงเทพมหานคร,Bangkok,department of highways,ดินแดง - งามวงศ์วาน,motorcycle,speeding,rear-end collision,2,0,1,clear,13.82157553,100.558446,straight road,no slope
6845600,2022-08-24T17:30:00Z,2022-09-05T11:04:00Z,สมุทรปราการ,Samut Prakan,expressway authority of thailand,บางนา-ชลบุรี,other,other,rear-end collision,2,0,0,clear,13.641864,100.696336,straight road,other
7444986,2022-08-24T21:30:00Z,2022-12-08T15:18:00Z,สมุทรสาคร,Samut Sakhon,department of highways,ไม่ทราบ,4-wheel pickup truck,cutting in closely by people/vehicles/animals,rear-end collision,2,0,2,clear,13.5305613,100.2024311,straight road,no slope
6918490,2022-08-24T21:40:00Z,2022-09-16T13:41:00Z,ปทุมธานี,Pathum Thani,department of highways,บางคูวัด - บางพูน,large truck with trailer,cutting in closely by people/vehicles/animals,rollover/fallen on curved road,1,0,0,clear,13.98455489,100.5926013,other,other
6788593,2022-08-24T22:00:00Z,2022-08-26T09:49:00Z,กรุงเทพมหานคร,Bangkok,expressway authority of thailand,ดาวคะนอง-ท่าเรือ,6-wheel truck,other,rear-end collision,3,0,1,clear,13.70779766,100.5489125,straight road,other
7565184,2022-08-24T22:30:00Z,2023-01-20T09:14:00Z,ปทุมธานี,Pathum Thani,department of highways,ต่างระดับคลองหลวง - ประตูน้ำพระอินทร์,large truck with trailer,speeding,collision with obstruction (on road surface),2,1,0,clear,14.09071312,100.6183398,straight road,no slope
6822320,2022-08-25T00:27:00Z,2022-09-01T12:51:00Z,กรุงเทพมหานคร,Bangkok,expressway authority of thailand,แจ้งวัฒนะ-พญาไท,other,other,rear-end collision,2,0,1,clear,13.78205663,100.5344038,straight road,other
7561203,2022-08-25T05:44:00Z,2023-01-17T07:08:00Z,กรุงเทพมหานคร,Bangkok,department of highways,อรุณอมรินทร์ - พุทธมณฑลสาย 4,private/passenger car,vehicle equipment failure,rear-end collision,2,0,1,clear,13.78648618,100.376852,straight road,no slope
7561205,2022-08-25T07:25:00Z,2023-01-17T07:06:00Z,กรุงเทพมหานคร,Bangkok,department of highways,อรุณอมรินทร์ - พุทธมณฑลสาย 4,4-wheel pickup truck,cutting in closely by people/vehicles/animals,rear-end collision,2,0,0,clear,13.78654959,100.3739449,straight road,no slope
6806174,2022-08-25T11:00:00Z,2022-08-29T13:40:00Z,กรุงเทพมหานคร,Bangkok,department of highways,บางปะอิน - แขวงรามอินทรา,4-wheel pickup truck,speeding,rollover/fallen on straight road,1,0,1,rainy,13.83206639,100.6739366,straight road,no slope
6910037,2022-08-25T13:00:00Z,2022-09-15T10:36:00Z,ปทุมธานี,Pathum Thani,department of highways,ลำลูกกา - คลอง 16,large truck with trailer,speeding,rear-end collision,2,1,0,clear,13.93537402,100.7511467,other,other
7139523,2022-08-25T14:00:00Z,2022-10-20T11:09:00Z,ปทุมธานี,Pathum Thani,department of highways,บางปะอิน - แขวงรามอินทรา,4-wheel pickup truck,vehicle equipment failure,rollover/fallen on straight road,1,0,0,clear,14.01814823,100.700123,straight road,no slope
6845531,2022-08-25T14:45:00Z,2022-09-05T10:53:00Z,กรุงเทพมหานคร,Bangkok,expressway authority of thailand,บางนา-ท่าเรือ,4-wheel pickup truck,other,rear-end collision,3,0,0,clear,13.71280723,100.575238,straight road,other
7444704,2022-08-25T16:50:00Z,2022-12-08T14:13:00Z,สมุทรปราการ,Samut Prakan,department of highways,ไม่ทราบ,private/passenger car,speeding,rear-end collision,2,0,1,clear,13.59545841,100.8039151,straight road,no slope
7561288,2022-08-25T17:10:00Z,2023-01-17T08:15:00Z,กรุงเทพมหานคร,Bangkok,department of highways,อรุณอมรินทร์ - พุทธมณฑลสาย 4,large truck with trailer,cutting in closely by people/vehicles/animals,rear-end collision,2,0,0,clear,13.78385086,100.4027304,straight road,no slope
7561623,2022-08-25T22:05:00Z,2023-01-17T11:21:00Z,กรุงเทพมหานคร,Bangkok,department of highways,บางแค - คลองมหาสวัสดิ์,motorcycle,speeding,rear-end collision,2,0,3,clear,13.7689083,100.4072405,straight road,no slope
6916691,2022-08-25T22:50:00Z,2022-09-16T09:57:00Z,สมุทรสาคร,Samut Sakhon,department of highways,แสมดำ - สะพานข้ามแม่น้ำท่าจีนฝั่งตะวันตก,private/passenger car,speeding,rear-end collision,2,0,0,clear,13.59042283,100.3313595,straight road,no slope
6809238,2022-08-26T00:25:00Z,2022-08-30T13:21:00Z,กรุงเทพมหานคร,Bangkok,department of highways,แขวงคลองสองต้นนุ่น - พิมพา,6-wheel truck,speeding,rear-end collision,3,0,0,clear,13.72458039,100.8129635,straight road,no slope
6822361,2022-08-26T00:42:00Z,2022-09-01T12:59:00Z,กรุงเทพมหานคร,Bangkok,expressway authority of thailand,พญาไท-ศรีนครินทร์,other,other,collision with obstruction (on road surface),1,0,0,clear,NA,NA,wide curve,other
6809138,2022-08-26T06:39:00Z,2022-08-30T12:55:00Z,สมุทรปราการ,Samut Prakan,department of highways,แขวงคลองสองต้นนุ่น - พิมพา,4-wheel pickup truck,speeding,rear-end collision,2,0,0,clear,13.63643903,100.8960879,straight road,no slope
6803042,2022-08-26T11:19:00Z,2022-08-28T23:35:00Z,กรุงเทพมหานคร,Bangkok,expressway authority of thailand,ดาวคะนอง-ท่าเรือ,4-wheel pickup truck,other,rear-end collision,3,0,1,clear,13.68567901,100.5204283,grade-separated intersection/ramps,other
6910109,2022-08-26T12:40:00Z,2022-09-15T10:50:00Z,สมุทรสาคร,Samut Sakhon,department of highways,แสมดำ - สะพานข้ามแม่น้ำท่าจีนฝั่งตะวันตก,4-wheel pickup truck,speeding,rear-end collision,2,0,0,clear,13.59009694,100.3305146,straight road,no slope
6800074,2022-08-26T14:46:00Z,2022-08-28T11:16:00Z,กรุงเทพมหานคร,Bangkok,department of highways,แขวงคลองสองต้นนุ่น - พิมพา,other,speeding,rear-end collision,3,0,0,clear,13.729518,100.7435775,straight road,no slope
6803030,2022-08-26T18:17:00Z,2022-08-28T23:31:00Z,กรุงเทพมหานคร,Bangkok,expressway authority of thailand,ดินแดง-ท่าเรือ,other,other,rear-end collision,5,0,0,clear,13.74231972,100.5503734,grade-separated intersection/ramps,other
6800009,2022-08-26T20:44:00Z,2022-08-28T11:02:00Z,กรุงเทพมหานคร,Bangkok,department of highways,แขวงคลองสองต้นนุ่น - พิมพา,private/passenger car,speeding,rear-end collision,3,0,0,clear,13.72956229,100.745396,straight road,no slope
7561612,2022-08-26T21:00:00Z,2023-01-17T11:14:00Z,กรุงเทพมหานคร,Bangkok,department of highways,บางแค - คลองมหาสวัสดิ์,large truck with trailer,speeding,rear-end collision,3,0,0,rainy,13.70417225,100.4063232,straight road,no slope
6806204,2022-08-26T21:05:00Z,2022-08-29T13:44:00Z,กรุงเทพมหานคร,Bangkok,department of highways,บางปะอิน - แขวงรามอินทรา,private/passenger car,speeding,rear-end collision,2,0,0,rainy,13.89820941,100.6935114,straight road,no slope
6806237,2022-08-26T22:13:00Z,2022-08-29T13:47:00Z,ปทุมธานี,Pathum Thani,department of highways,บางปะอิน - แขวงรามอินทรา,private/passenger car,speeding,rollover/fallen on straight road,1,0,0,rainy,14.0126104,100.7027435,straight road,no slope
7561451,2022-08-26T22:38:00Z,2023-01-17T09:43:00Z,กรุงเทพมหานคร,Bangkok,department of highways,อรุณอมรินทร์ - พุทธมณฑลสาย 4,private/passenger car,speeding,rear-end collision,2,0,0,clear,13.78013876,100.4419108,straight road,no slope
7564456,2022-08-27T01:19:00Z,2023-01-19T15:05:00Z,สมุทรสาคร,Samut Sakhon,department of highways,แสมดำ - สะพานข้ามแม่น้ำท่าจีนฝั่งตะวันตก,motorcycle,reversing vehicle,pedestrian collision,1,0,2,rainy,13.57707406,100.3016648,straight road,no slope
6799531,2022-08-27T03:40:00Z,2022-08-28T08:45:00Z,กรุงเทพมหานคร,Bangkok,department of highways,แขวงรามอินทรา - บางพลี,4-wheel pickup truck,speeding,rear-end collision,2,0,0,clear,13.69087942,100.6994176,straight road,no slope
6845549,2022-08-27T05:02:00Z,2022-09-05T10:56:00Z,กรุงเทพมหานคร,Bangkok,expressway authority of thailand,รามอินทรา-วงแหวนรอบนอก,other,other,rear-end collision,2,0,1,clear,13.892827,100.659686,wide curve,other
6806083,2022-08-27T06:00:00Z,2022-08-29T13:08:00Z,กรุงเทพมหานคร,Bangkok,department of highways,บางปะอิน - แขวงรามอินทรา,private/passenger car,speeding,rollover/fallen on straight road,1,0,0,clear,13.87149407,100.6796631,straight road,no slope
6799654,2022-08-27T09:03:00Z,2022-08-28T09:14:00Z,กรุงเทพมหานคร,Bangkok,department of highways,ถนนศรีนครินทร - แขวงคลองสองต้นนุ่น,private/passenger car,speeding,rear-end collision,3,0,0,clear,13.73533095,100.6784668,straight road,no slope
6799726,2022-08-27T09:35:00Z,2022-08-28T09:31:00Z,กรุงเทพมหานคร,Bangkok,department of highways,ถนนศรีนครินทร - แขวงคลองสองต้นนุ่น,private/passenger car,speeding,rear-end collision,3,0,0,clear,13.73433825,100.6865349,straight road,no slope
7564297,2022-08-27T09:50:00Z,2023-01-19T13:25:00Z,สมุทรสาคร,Samut Sakhon,department of highways,สมุทรสาคร - บางบอน,4-wheel pickup truck,cutting in closely by people/vehicles/animals,rear-end collision,2,0,1,clear,13.56357853,100.2956834,straight road,no slope
7561220,2022-08-27T11:45:00Z,2023-01-17T07:18:00Z,กรุงเทพมหานคร,Bangkok,department of highways,อรุณอมรินทร์ - พุทธมณฑลสาย 4,motorcycle,speeding,rear-end collision,2,0,1,clear,13.7856587,100.385524,straight road,no slope
6809586,2022-08-27T13:30:00Z,2022-08-30T14:41:00Z,สมุทรปราการ,Samut Prakan,department of rural roads,สะพานภูมิพลที่ 1 ไปสะพานภูมิพลที่ 2,large truck with trailer,speeding,other,3,0,0,clear,13.648569,100.5419,grade-separated intersection/ramps,other
6803047,2022-08-27T13:52:00Z,2022-08-28T23:36:00Z,กรุงเทพมหานคร,Bangkok,expressway authority of thailand,บางนา-ท่าเรือ,other,other,side collision,2,0,0,clear,13.71188515,100.5681358,y-intersection,other
6916793,2022-08-27T20:50:00Z,2022-09-16T10:18:00Z,ปทุมธานี,Pathum Thani,department of highways,ต่างระดับคลองหลวง - ประตูน้ำพระอินทร์,motorcycle,running red lights/traffic signals,rear-end collision,2,1,0,clear,14.11688537,100.6185731,straight road,no slope
6800825,2022-08-27T22:33:00Z,2022-08-28T14:35:00Z,กรุงเทพมหานคร,Bangkok,department of highways,ถนนศรีนครินทร - แขวงคลองสองต้นนุ่น,private/passenger car,speeding,rear-end collision,2,0,0,clear,13.73742838,100.6612632,straight road,no slope
6813631,2022-08-27T22:42:00Z,2022-08-31T09:26:00Z,กรุงเทพมหานคร,Bangkok,department of rural roads,สะพานภูมิพลที่ 1 ไปสะพานภูมิพลที่ 2,4-wheel pickup truck,speeding,other,2,0,0,clear,13.669671,100.538545,straight road,slope area
6806336,2022-08-27T23:35:00Z,2022-08-29T14:01:00Z,กรุงเทพมหานคร,Bangkok,department of highways,ถนนศรีนครินทร - แขวงคลองสองต้นนุ่น,4-wheel pickup truck,speeding,rollover/fallen on straight road,1,0,0,clear,13.7324284,100.7072469,straight road,no slope
6845555,2022-08-28T02:27:00Z,2022-09-05T10:57:00Z,กรุงเทพมหานคร,Bangkok,expressway authority of thailand,รามอินทรา-อาจณรงค์,other,other,side collision,1,0,1,clear,NA,NA,straight road,other
6800937,2022-08-28T04:40:00Z,2022-08-28T15:05:00Z,กรุงเทพมหานคร,Bangkok,department of highways,ถนนศรีนครินทร - แขวงคลองสองต้นนุ่น,private/passenger car,speeding,rear-end collision,2,0,2,clear,13.7390594,100.6538308,straight road,no slope
6814992,2022-08-28T06:10:00Z,2022-08-31T13:51:00Z,กรุงเทพมหานคร,Bangkok,department of highways,บางปะอิน - แขวงรามอินทรา,4-wheel pickup truck,vehicle equipment failure,rollover/fallen on straight road,1,0,0,clear,13.86818959,100.6780833,straight road,no slope
6815050,2022-08-28T16:50:00Z,2022-08-31T14:00:00Z,กรุงเทพมหานคร,Bangkok,department of highways,แขวงรามอินทรา - บางพลี,private/passenger car,speeding,rollover/fallen on straight road,1,0,0,clear,13.77783852,100.6868702,straight road,no slope
6910083,2022-08-28T17:28:00Z,2022-09-15T10:49:00Z,สมุทรสาคร,Samut Sakhon,department of highways,แสมดำ - สะพานข้ามแม่น้ำท่าจีนฝั่งตะวันตก,4-wheel pickup truck,falling asleep,rear-end collision,3,0,0,clear,13.55354764,100.2668926,straight road,no slope
6806391,2022-08-28T21:39:00Z,2022-08-29T14:12:00Z,กรุงเทพมหานคร,Bangkok,department of highways,แขวงคลองสองต้นนุ่น - พิมพา,4-wheel pickup truck,speeding,rear-end collision,3,0,0,clear,13.71886879,100.8157772,straight road,no slope
6814173,2022-08-28T22:30:00Z,2022-08-31T10:59:00Z,กรุงเทพมหานคร,Bangkok,department of highways,แขวงรามอินทรา - บางพลี,private/passenger car,speeding,rear-end collision,2,0,3,clear,13.68549276,100.6993237,straight road,no slope
7564997,2022-08-28T23:52:00Z,2023-01-20T06:54:00Z,สมุทรปราการ,Samut Prakan,department of highways,ทางเข้าท่าอากาศยานสุวรรณภูมิ - บางวัว,4-wheel pickup truck,speeding,rear-end collision,2,0,1,clear,13.59325935,100.8127986,straight road,no slope
6806343,2022-08-29T00:57:00Z,2022-08-29T14:04:00Z,สมุทรปราการ,Samut Prakan,department of highways,แขวงคลองสองต้นนุ่น - พิมพา,private/passenger car,speeding,rollover/fallen on straight road,1,0,0,clear,13.65266456,100.8708268,straight road,no slope
7565006,2022-08-29T08:25:00Z,2023-01-20T06:58:00Z,สมุทรปราการ,Samut Prakan,department of highways,บางนา - ทางเข้าท่าอากาศยานสุวรรณภูมิ,van,falling asleep,rollover/fallen on straight road,1,0,0,rainy,13.63529473,100.708234,straight road,no slope
6806127,2022-08-29T09:05:00Z,2022-08-29T13:25:00Z,สมุทรปราการ,Samut Prakan,expressway authority of thailand,บางนา-ชลบุรี,other,other,rear-end collision,3,0,0,clear,13.612148,100.757495,straight road,other
6809212,2022-08-29T10:00:00Z,2022-08-30T13:11:00Z,กรุงเทพมหานคร,Bangkok,department of highways,แขวงรามอินทรา - บางพลี,private/passenger car,speeding,rear-end collision,4,0,7,clear,13.72524222,100.7015204,straight road,no slope
6806448,2022-08-29T10:43:00Z,2022-08-29T14:29:00Z,กรุงเทพมหานคร,Bangkok,department of highways,แขวงคลองสองต้นนุ่น - พิมพา,large truck with trailer,speeding,rollover/fallen on straight road,1,0,0,clear,13.72927568,100.7344821,straight road,no slope
6806664,2022-08-29T12:55:00Z,2022-08-29T16:45:00Z,กรุงเทพมหานคร,Bangkok,department of highways,บางปะอิน - แขวงรามอินทรา,private/passenger car,speeding,rear-end collision,5,0,3,clear,13.88846101,100.6884956,straight road,no slope
6807918,2022-08-29T18:53:00Z,2022-08-30T08:15:00Z,กรุงเทพมหานคร,Bangkok,department of highways,บางปะอิน - แขวงรามอินทรา,private/passenger car,speeding,rear-end collision,3,0,0,rainy,13.8796444,100.6839278,straight road,no slope
6813635,2022-08-29T19:00:00Z,2022-08-31T09:27:00Z,กรุงเทพมหานคร,Bangkok,department of rural roads,สะพานภูมิพลที่ 1 ไปสะพานภูมิพลที่ 2,motorcycle,speeding,other,2,0,1,clear,13.669686,100.538572,straight road,slope area
7444876,2022-08-29T19:55:00Z,2022-12-08T14:32:00Z,สมุทรสาคร,Samut Sakhon,department of highways,ไม่ทราบ,private/passenger car,speeding,rear-end collision,3,0,2,clear,13.57777541,100.3030407,straight road,no slope
6981800,2022-08-29T21:00:00Z,2022-09-26T08:40:00Z,ปทุมธานี,Pathum Thani,department of highways,บ้านพร้าว - คลองห้า,4-wheel pickup truck,vehicle equipment failure,rollover/fallen on straight road,1,0,0,clear,14.06550575,100.5995938,straight road,no slope
6813640,2022-08-29T23:13:00Z,2022-08-31T09:27:00Z,กรุงเทพมหานคร,Bangkok,department of rural roads,สะพานภูมิพลที่ 1 ไปสะพานภูมิพลที่ 2,motorcycle,speeding,other,2,1,0,clear,13.670726,100.538639,straight road,slope area
6815023,2022-08-30T02:44:00Z,2022-08-31T13:58:00Z,สมุทรปราการ,Samut Prakan,department of highways,แขวงคลองสองต้นนุ่น - พิมพา,large truck with trailer,speeding,rollover/fallen on straight road,1,0,0,clear,13.67290777,100.8395067,straight road,no slope
7561234,2022-08-30T06:40:00Z,2023-01-17T07:20:00Z,กรุงเทพมหานคร,Bangkok,department of highways,อรุณอมรินทร์ - พุทธมณฑลสาย 4,4-wheel pickup truck,failure to yield right of way,other,2,0,1,clear,13.78229309,100.4144651,connecting to public/commercial area,other
7444973,2022-08-30T08:45:00Z,2022-12-08T15:23:00Z,สมุทรสาคร,Samut Sakhon,department of highways,ไม่ทราบ,private/passenger car,speeding,rear-end collision,2,0,0,clear,13.52997455,100.2006903,straight road,no slope
6852266,2022-08-30T15:00:00Z,2022-09-06T14:38:00Z,กรุงเทพมหานคร,Bangkok,department of highways,แขวงคลองสองต้นนุ่น - พิมพา,4-wheel pickup truck,speeding,rollover/fallen on straight road,1,0,0,clear,13.73272283,100.7887941,straight road,no slope
7564942,2022-08-30T20:30:00Z,2023-01-20T06:15:00Z,สมุทรปราการ,Samut Prakan,department of highways,บางนา - ทางเข้าท่าอากาศยานสุวรรณภูมิ,private/passenger car,speeding,rear-end collision,2,0,2,clear,13.65751246,100.6674255,straight road,no slope
6821507,2022-08-30T22:01:00Z,2022-09-01T10:11:00Z,กรุงเทพมหานคร,Bangkok,department of highways,แขวงคลองสองต้นนุ่น - พิมพา,large truck with trailer,speeding,rear-end collision,2,0,1,clear,13.72961961,100.7481238,straight road,no slope
7425584,2022-08-31T01:25:00Z,2022-12-02T15:07:00Z,สมุทรสาคร,Samut Sakhon,department of highways,ไม่ทราบ,private/passenger car,speeding,rollover/fallen on straight road,1,0,0,clear,13.64823621,100.3008145,straight road,no slope
7527238,2022-08-31T10:30:00Z,2022-12-31T10:21:00Z,กรุงเทพมหานคร,Bangkok,department of highways,บางแค - คลองมหาสวัสดิ์,private/passenger car,speeding,rear-end collision,2,0,0,clear,13.68205535,100.4065526,straight road,no slope
7564459,2022-08-31T11:15:00Z,2023-01-19T15:09:00Z,สมุทรสาคร,Samut Sakhon,department of highways,แสมดำ - สะพานข้ามแม่น้ำท่าจีนฝั่งตะวันตก,6-wheel truck,speeding,rear-end collision,5,0,0,clear,13.56932778,100.2868295,straight road,no slope
6821430,2022-08-31T13:50:00Z,2022-09-01T09:52:00Z,สมุทรปราการ,Samut Prakan,department of highways,แขวงคลองสองต้นนุ่น - พิมพา,6-wheel truck,speeding,rear-end collision,4,0,0,clear,13.67290777,100.8395067,straight road,no slope
7527118,2022-08-31T14:35:00Z,2022-12-31T09:54:00Z,กรุงเทพมหานคร,Bangkok,department of highways,ดินแดง - งามวงศ์วาน,motorcycle,speeding,rear-end collision,2,0,1,clear,13.80338043,100.5603484,straight road,no slope
7564984,2022-08-31T16:18:00Z,2023-01-20T06:45:00Z,กรุงเทพมหานคร,Bangkok,department of highways,บางนา - ทางเข้าท่าอากาศยานสุวรรณภูมิ,private/passenger car,speeding,rear-end collision,2,0,1,clear,13.67204642,100.6130987,other,other
6827939,2022-08-31T18:02:00Z,2022-09-02T10:25:00Z,กรุงเทพมหานคร,Bangkok,expressway authority of thailand,แจ้งวัฒนะ-พญาไท,other,other,collision with obstruction (on road surface),1,0,0,rainy,13.81949799,100.5495543,wide curve,other
6852076,2022-08-31T19:05:00Z,2022-09-06T13:54:00Z,ปทุมธานี,Pathum Thani,department of highways,บางปะอิน - แขวงรามอินทรา,4-wheel pickup truck,speeding,rear-end collision,2,0,0,rainy,13.92186788,100.7050985,straight road,no slope
6821238,2022-08-31T22:32:00Z,2022-09-01T09:05:00Z,สมุทรปราการ,Samut Prakan,department of highways,แขวงคลองสองต้นนุ่น - พิมพา,large truck with trailer,speeding,rear-end collision,2,0,0,clear,13.69438968,100.8278498,straight road,no slope
6858350,2022-08-31T22:35:00Z,2022-09-07T13:51:00Z,สมุทรปราการ,Samut Prakan,department of rural roads,ถนนวงแหวนอุตสาหกรรมเข้าสะพานภูมิพลที่ 1,private/passenger car,speeding,other,2,0,1,clear,13.663903,100.530546,straight road,slope area
6982089,2022-09-01T01:30:00Z,2022-09-26T09:50:00Z,กรุงเทพมหานคร,Bangkok,expressway authority of thailand,รามอินทรา-อาจณรงค์,other,other,collision with obstruction (on road surface),1,0,1,clear,NA,NA,straight road,other
7476067,2022-09-01T05:02:00Z,2022-12-21T08:56:00Z,สมุทรสาคร,Samut Sakhon,department of highways,ไม่ทราบ,motorcycle,running red lights/traffic signals,collision with obstruction (on road surface),2,0,0,clear,13.55354764,100.2668953,straight road,no slope
7560719,2022-09-01T07:56:00Z,2023-01-16T11:27:00Z,กรุงเทพมหานคร,Bangkok,department of highways,ดินแดง - งามวงศ์วาน,private/passenger car,speeding,rear-end collision,2,0,1,clear,13.82424717,100.5582359,straight road,no slope
7564943,2022-09-01T08:07:00Z,2023-01-20T06:16:00Z,สมุทรปราการ,Samut Prakan,department of highways,บางนา - ทางเข้าท่าอากาศยานสุวรรณภูมิ,private/passenger car,speeding,rear-end collision,2,0,2,clear,13.65661065,100.6690496,straight road,no slope
6822327,2022-09-01T10:31:00Z,2022-09-01T12:52:00Z,กรุงเทพมหานคร,Bangkok,expressway authority of thailand,พญาไท-ศรีนครินทร์,other,other,collision with obstruction (on road surface),1,0,0,clear,NA,NA,other,other
6824134,2022-09-01T19:06:00Z,2022-09-01T19:50:00Z,กรุงเทพมหานคร,Bangkok,expressway authority of thailand,พญาไท-ศรีนครินทร์,other,other,rear-end collision,4,0,0,clear,13.75325287,100.5748847,wide curve,other