acc_code,incident_datetime,report_datetime,province_th,province_en,agency,route,vehicle_type,presumed_cause,accident_type,number_of_vehicles_involved,number_of_fatalities,number_of_injuries,weather_condition,latitude,longitude,road_description,slope_description
6851912,2022-09-01T21:40:00Z,2022-09-06T13:15:00Z,กรุงเทพมหานคร,Bangkok,department of highways,แขวงคลองสองต้นนุ่น - พิมพา,6-wheel truck,vehicle equipment failure,other,1,0,0,clear,13.72940335,100.7317623,straight road,no slope
7564458,2022-09-01T22:00:00Z,2023-01-19T15:08:00Z,สมุทรสาคร,Samut Sakhon,department of highways,แสมดำ - สะพานข้ามแม่น้ำท่าจีนฝั่งตะวันตก,6-wheel truck,speeding,rollover/fallen on straight road,1,0,0,clear,13.58487223,100.3168622,straight road,no slope
6851846,2022-09-02T01:30:00Z,2022-09-06T13:03:00Z,ปทุมธานี,Pathum Thani,department of highways,บางปะอิน - แขวงรามอินทรา,4-wheel pickup truck,falling asleep,rollover/fallen on straight road,1,0,0,clear,13.92529916,100.7060158,other,other
6839552,2022-09-02T02:13:00Z,2022-09-04T08:56:00Z,กรุงเทพมหานคร,Bangkok,expressway authority of thailand,พญาไท-ศรีนครินทร์,other,other,side collision,2,0,0,clear,13.74878636,100.6024215,grade-separated intersection/ramps,other
6851513,2022-09-02T03:00:00Z,2022-09-06T11:32:00Z,ปทุมธานี,Pathum Thani,department of highways,บางปะอิน - แขวงรามอินทรา,4-wheel pickup truck,vehicle equipment failure,rollover/fallen on straight road,1,0,0,clear,14.04174234,100.6981972,straight road,no slope
7560721,2022-09-02T07:25:00Z,2023-01-16T11:28:00Z,กรุงเทพมหานคร,Bangkok,department of highways,ดินแดง - งามวงศ์วาน,private/passenger car,speeding,rear-end collision,2,0,1,clear,13.82586545,100.5580486,straight road,no slope
7521486,2022-09-02T08:10:00Z,2022-12-30T10:19:00Z,กรุงเทพมหานคร,Bangkok,department of highways,ดินแดง - งามวงศ์วาน,van,speeding,rear-end collision,2,0,0,clear,13.76870771,100.5508809,straight road,no slope
6828898,2022-09-02T12:25:00Z,2022-09-02T13:27:00Z,กรุงเทพมหานคร,Bangkok,expressway authority of thailand,หมอชิต-กาญจนาฯ,other,other,rear-end collision,2,0,1,clear,NA,NA,grade-separated intersection/ramps,other
6851864,2022-09-02T13:26:00Z,2022-09-06T13:07:00Z,สมุทรปราการ,Samut Prakan,department of highways,แขวงคลองสองต้นนุ่น - พิมพา,private/passenger car,speeding,rear-end collision,3,0,0,clear,13.64332035,100.8853724,straight road,no slope
6981925,2022-09-02T14:53:00Z,2022-09-26T09:10:00Z,กรุงเทพมหานคร,Bangkok,expressway authority of thailand,ดาวคะนอง-ท่าเรือ,other,other,rear-end collision,5,0,0,clear,13.68711338,100.5215591,grade-separated intersection/ramps,other
7564460,2022-09-02T18:30:00Z,2023-01-19T15:07:00Z,สมุทรสาคร,Samut Sakhon,department of highways,แสมดำ - สะพานข้ามแม่น้ำท่าจีนฝั่งตะวันตก,private/passenger car,speeding,rear-end collision,2,0,0,clear,13.59860901,100.3661799,straight road,no slope
6851780,2022-09-02T18:39:00Z,2022-09-06T12:45:00Z,สมุทรปราการ,Samut Prakan,department of highways,แขวงคลองสองต้นนุ่น - พิมพา,private/passenger car,speeding,rear-end collision,3,0,0,clear,13.66250881,100.8555302,straight road,no slope
7192607,2022-09-02T23:10:00Z,2022-10-28T09:14:00Z,กรุงเทพมหานคร,Bangkok,department of rural roads,สะพานภูมิพลที่ 1 ไปสะพานภูมิพลที่ 2,private/passenger car,tailgating,other,2,0,1,clear,13.671973,100.538765,straight road,slope area
6851560,2022-09-03T02:13:00Z,2022-09-06T11:49:00Z,สมุทรปราการ,Samut Prakan,department of highways,แขวงคลองสองต้นนุ่น - พิมพา,6-wheel truck,speeding,rear-end collision,2,0,1,clear,13.6699002,100.8440584,straight road,no slope
7565216,2022-09-03T05:40:00Z,2023-01-20T09:27:00Z,กรุงเทพมหานคร,Bangkok,department of highways,ดินแดง - งามวงศ์วาน,private/passenger car,cutting in closely by people/vehicles/animals,rollover/fallen on straight road,1,0,1,clear,13.83649591,100.5572677,straight road,no slope
6982097,2022-09-03T09:44:00Z,2022-09-26T09:51:00Z,กรุงเทพมหานคร,Bangkok,expressway authority of thailand,รามอินทรา-อาจณรงค์,other,other,rear-end collision,2,0,0,clear,13.843223,100.636178,straight road,other
6852031,2022-09-03T11:45:00Z,2022-09-06T13:40:00Z,สมุทรปราการ,Samut Prakan,department of highways,แขวงคลองสองต้นนุ่น - พิมพา,private/passenger car,speeding,rear-end collision,3,0,0,clear,13.66891243,100.8455872,straight road,no slope
6852034,2022-09-03T15:03:00Z,2022-09-06T13:41:00Z,สมุทรปราการ,Samut Prakan,department of highways,แขวงคลองสองต้นนุ่น - พิมพา,private/passenger car,speeding,rear-end collision,2,0,0,clear,13.66644952,100.8494094,straight road,no slope
6840225,2022-09-03T15:09:00Z,2022-09-04T11:52:00Z,กรุงเทพมหานคร,Bangkok,department of highways,ถนนศรีนครินทร - แขวงคลองสองต้นนุ่น,private/passenger car,speeding,rear-end collision,2,0,0,clear,13.73179786,100.7111066,straight road,no slope
6839506,2022-09-04T07:24:00Z,2022-09-04T08:45:00Z,ปทุมธานี,Pathum Thani,expressway authority of thailand,บางปะอิน-แจ้งวัฒนะ,4-wheel pickup truck,other,side collision,2,0,1,clear,13.957957,100.566081,straight road,other
6982250,2022-09-04T12:20:00Z,2022-09-26T10:20:00Z,สมุทรปราการ,Samut Prakan,expressway authority of thailand,บางนา-ชลบุรี,other,other,rear-end collision,2,0,1,clear,13.607083,100.770389,straight road,other
6851293,2022-09-04T13:02:00Z,2022-09-06T10:42:00Z,กรุงเทพมหานคร,Bangkok,department of highways,แขวงคลองสองต้นนุ่น - พิมพา,private/passenger car,speeding,rear-end collision,2,0,0,clear,13.72966652,100.7508543,straight road,no slope
6844820,2022-09-04T16:11:00Z,2022-09-05T08:24:00Z,ปทุมธานี,Pathum Thani,department of highways,บางปะอิน - แขวงรามอินทรา,private/passenger car,speeding,rear-end collision,3,0,0,clear,13.98647308,100.713349,straight road,no slope
7040024,2022-09-04T16:30:00Z,2022-10-05T08:14:00Z,นครปฐม,Nakhon Pathom,department of highways,พุทธมณฑลสาย 4 - นครชัยศรี,4-wheel pickup truck,speeding,rollover/fallen on straight road,1,0,0,clear,13.766832,100.1858067,wide curve,no slope
7560715,2022-09-04T16:50:00Z,2023-01-16T11:29:00Z,กรุงเทพมหานคร,Bangkok,department of highways,ดินแดง - งามวงศ์วาน,motorcycle,speeding,rear-end collision,2,0,1,clear,13.84674064,100.5611008,straight road,no slope
7444942,2022-09-04T17:45:00Z,2022-12-08T15:10:00Z,สมุทรสาคร,Samut Sakhon,department of highways,ไม่ทราบ,private/passenger car,speeding,rear-end collision,2,0,0,clear,13.53247017,100.2080878,straight road,no slope
6852053,2022-09-04T22:20:00Z,2022-09-06T13:45:00Z,กรุงเทพมหานคร,Bangkok,department of highways,แขวงรามอินทรา - บางพลี,4-wheel pickup truck,speeding,rollover/fallen on straight road,1,0,0,rainy,13.79418192,100.6824607,straight road,no slope
6851237,2022-09-04T22:30:00Z,2022-09-06T10:29:00Z,กรุงเทพมหานคร,Bangkok,department of highways,แขวงคลองสองต้นนุ่น - พิมพา,private/passenger car,speeding,rear-end collision,2,0,0,rainy,13.70989463,100.8202082,straight road,no slope
6845299,2022-09-04T22:45:00Z,2022-09-05T10:05:00Z,กรุงเทพมหานคร,Bangkok,expressway authority of thailand,พญาไท-ศรีนครินทร์,other,other,other,1,0,0,rainy,NA,NA,y-intersection,other
6981927,2022-09-04T22:55:00Z,2022-09-26T09:11:00Z,กรุงเทพมหานคร,Bangkok,expressway authority of thailand,ดินแดง-ท่าเรือ,other,other,other,2,0,0,rainy,13.73695134,100.5510481,straight road,other
7028856,2022-09-05T00:35:00Z,2022-10-03T15:50:00Z,กรุงเทพมหานคร,Bangkok,expressway authority of thailand,ดินแดง-ท่าเรือ,other,other,collision with obstruction (on road surface),1,0,0,rainy,13.72626288,100.5524935,straight road,other
7028341,2022-09-05T00:54:00Z,2022-10-03T14:36:00Z,นนทบุรี,Nonthaburi,expressway authority of thailand,แจ้งวัฒนะ-พญาไท,other,other,side collision,1,0,1,clear,13.84919324,100.5330493,straight road,other
6852029,2022-09-05T01:00:00Z,2022-09-06T13:42:00Z,สมุทรปราการ,Samut Prakan,department of highways,แขวงรามอินทรา - บางพลี,large truck with trailer,speeding,rollover/fallen on curved road,1,0,0,rainy,13.64984961,100.6873342,wide curve,no slope
7564296,2022-09-05T01:12:00Z,2023-01-19T13:22:00Z,สมุทรสาคร,Samut Sakhon,department of highways,อ้อมน้อย - สมุทรสาคร,large truck with trailer,speeding,head-on collision (not overtaking),2,1,0,rainy,13.60383081,100.2852657,straight road,no slope
6903171,2022-09-05T06:15:00Z,2022-09-14T11:09:00Z,นครปฐม,Nakhon Pathom,department of highways,นครชัยศรี - พระประโทน,4-wheel pickup truck,speeding,rollover/fallen on straight road,1,0,0,rainy,13.78548938,100.1737019,straight road,no slope
6851997,2022-09-05T08:45:00Z,2022-09-06T13:34:00Z,กรุงเทพมหานคร,Bangkok,department of highways,บางปะอิน - แขวงรามอินทรา,4-wheel pickup truck,speeding,rear-end collision,3,0,0,clear,13.90540849,100.6974649,straight road,no slope
7033349,2022-09-05T13:30:00Z,2022-10-04T09:16:00Z,สมุทรปราการ,Samut Prakan,department of highways,บางตำหรุ - คลองด่าน,4-wheel pickup truck,speeding,rollover/fallen on straight road,1,0,1,clear,13.50414057,100.8331016,straight road,no slope
7444846,2022-09-05T17:00:00Z,2022-12-08T14:29:00Z,สมุทรสาคร,Samut Sakhon,department of highways,ไม่ทราบ,4-wheel pickup truck,worn-out/tire blowout,rollover/fallen on straight road,1,0,0,clear,13.58559442,100.3185412,straight road,no slope
7564464,2022-09-05T17:05:00Z,2023-01-19T15:06:00Z,สมุทรสาคร,Samut Sakhon,department of highways,แสมดำ - สะพานข้ามแม่น้ำท่าจีนฝั่งตะวันตก,private/passenger car,speeding,rear-end collision,2,0,1,clear,13.5720759,100.2920973,straight road,no slope
6981942,2022-09-05T19:45:00Z,2022-09-26T09:17:00Z,กรุงเทพมหานคร,Bangkok,expressway authority of thailand,บางนา-ท่าเรือ,4-wheel pickup truck,other,rear-end collision,3,0,0,clear,13.70134275,100.5907756,straight road,other
7000843,2022-09-06T13:00:00Z,2022-09-29T07:33:00Z,นครปฐม,Nakhon Pathom,department of highways,ดอนตูม - ลำลูกบัว,other,speeding,rollover/fallen on curved road,1,0,0,clear,13.96704319,100.0945741,wide curve,no slope
7180441,2022-09-06T18:10:00Z,2022-10-26T15:43:00Z,นครปฐม,Nakhon Pathom,department of highways,อ้อมน้อย - ศาลายา,6-wheel truck,speeding,rollover/fallen on straight road,1,0,0,rainy,13.73987752,100.2999133,straight road,no slope
6857107,2022-09-06T19:05:00Z,2022-09-07T09:37:00Z,กรุงเทพมหานคร,Bangkok,department of highways,แขวงรามอินทรา - บางพลี,4-wheel pickup truck,speeding,rollover/fallen on straight road,1,0,1,clear,13.73235545,100.7076922,straight road,no slope
7055005,2022-09-06T20:19:00Z,2022-10-07T13:15:00Z,กรุงเทพมหานคร,Bangkok,department of highways,บางปะอิน - แขวงรามอินทรา,private/passenger car,speeding,rollover/fallen on straight road,1,0,1,clear,13.88189154,100.6852904,straight road,no slope
6981967,2022-09-06T21:58:00Z,2022-09-26T09:22:00Z,กรุงเทพมหานคร,Bangkok,expressway authority of thailand,ดินแดง-ท่าเรือ,other,other,collision with obstruction (on road surface),1,0,2,rainy,13.72626288,100.5524935,straight road,other
6890658,2022-09-06T23:55:00Z,2022-09-12T14:43:00Z,สมุทรปราการ,Samut Prakan,department of rural roads,สะพานภูมิพลที่ 1 ไปสะพานภูมิพลที่ 2,motorcycle,unfamiliarity with the route/unskilled driving,other,2,0,1,rainy,13.659548,100.539712,straight road,slope area
6855477,2022-09-07T00:52:00Z,2022-09-07T02:10:00Z,กรุงเทพมหานคร,Bangkok,expressway authority of thailand,แจ้งวัฒนะ-พญาไท,other,other,collision with obstruction (on road surface),1,0,0,rainy,13.82478099,100.5462972,wide curve,other
6982259,2022-09-07T01:29:00Z,2022-09-26T10:23:00Z,กรุงเทพมหานคร,Bangkok,expressway authority of thailand,บางนา-ชลบุรี,other,other,collision with obstruction (on road surface),1,0,0,clear,13.66439414,100.6523134,straight road,other
6857323,2022-09-07T02:06:00Z,2022-09-07T10:19:00Z,กรุงเทพมหานคร,Bangkok,department of highways,ถนนศรีนครินทร - แขวงคลองสองต้นนุ่น,private/passenger car,speeding,rollover/fallen on straight road,1,0,0,rainy,13.7367744,100.6689611,straight road,no slope
7033167,2022-09-07T02:10:00Z,2022-10-04T08:45:00Z,กรุงเทพมหานคร,Bangkok,department of highways,งามวงศ์วาน - ดอนเมือง,private/passenger car,speeding,rollover/fallen on straight road,1,0,1,clear,13.92553347,100.6047571,straight road,no slope
6857460,2022-09-07T03:05:00Z,2022-09-07T10:42:00Z,กรุงเทพมหานคร,Bangkok,department of highways,แขวงรามอินทรา - บางพลี,4-wheel pickup truck,speeding,rollover/fallen on curved road,1,0,1,rainy,13.73295211,100.7055196,other,other
7033198,2022-09-07T04:00:00Z,2022-10-04T08:52:00Z,นนทบุรี,Nonthaburi,department of highways,คลองวัดแดง - บางบัวทอง,4-wheel pickup truck,speeding,rollover/fallen on straight road,1,0,0,clear,13.87873303,100.4339138,other,other
7331966,2022-09-07T07:30:00Z,2022-09-07T11:24:00Z,สมุทรปราการ,Samut Prakan,department of highways,บางปู - บางพลี,4-wheel pickup truck,speeding,rollover/fallen on straight road,1,0,1,rainy,13.55730764,100.6923607,straight road,no slope
6857245,2022-09-07T08:28:00Z,2022-09-07T10:04:00Z,กรุงเทพมหานคร,Bangkok,department of highways,แขวงคลองสองต้นนุ่น - พิมพา,private/passenger car,speeding,rear-end collision,3,0,0,clear,13.73091718,100.7182011,straight road,no slope
6890661,2022-09-07T09:30:00Z,2022-09-12T14:43:00Z,กรุงเทพมหานคร,Bangkok,department of rural roads,สะพานภูมิพลที่ 1 ไปสะพานภูมิพลที่ 2,private/passenger car,speeding,other,2,0,1,rainy,13.671498,100.538741,straight road,slope area
7042044,2022-09-07T11:30:00Z,2022-10-05T14:33:00Z,กรุงเทพมหานคร,Bangkok,department of highways,แขวงรามอินทรา - บางพลี,other,speeding,rollover/fallen on straight road,1,0,0,clear,13.79525252,100.6825331,other,other
6863226,2022-09-07T14:37:00Z,2022-09-08T09:33:00Z,กรุงเทพมหานคร,Bangkok,department of highways,ถนนศรีนครินทร - แขวงคลองสองต้นนุ่น,private/passenger car,speeding,rear-end collision,6,0,0,clear,13.74101089,100.6443331,straight road,no slope
7034123,2022-09-07T15:27:00Z,2022-10-04T11:16:00Z,สมุทรสาคร,Samut Sakhon,department of highways,สะพานข้ามแม่น้ำท่าจีนฝั่งตะวันตก - นาโคก,4-wheel pickup truck,speeding,rear-end collision,2,0,0,clear,13.54111208,100.2337727,straight road,no slope
6876675,2022-09-07T21:40:00Z,2022-09-10T09:25:00Z,ปทุมธานี,Pathum Thani,department of highways,บางปะอิน - แขวงรามอินทรา,4-wheel pickup truck,speeding,rear-end collision,2,0,0,rainy,13.92015222,100.7046237,straight road,no slope
6863456,2022-09-07T22:05:00Z,2022-09-08T10:13:00Z,กรุงเทพมหานคร,Bangkok,department of highways,แขวงรามอินทรา - บางพลี,6-wheel truck,speeding,rollover/fallen on straight road,1,0,0,clear,13.6978191,100.6994793,straight road,no slope
7055036,2022-09-07T22:11:00Z,2022-10-07T13:25:00Z,กรุงเทพมหานคร,Bangkok,department of highways,แขวงคลองสองต้นนุ่น - พิมพา,private/passenger car,speeding,rollover/fallen on straight road,1,0,0,rainy,13.73244664,100.7860851,straight road,no slope
6889576,2022-09-07T22:20:00Z,2022-09-12T11:10:00Z,กรุงเทพมหานคร,Bangkok,department of highways,แขวงรามอินทรา - บางพลี,private/passenger car,speeding,rollover/fallen on straight road,1,0,1,rainy,13.65822399,100.6926396,straight road,no slope
7055039,2022-09-07T23:20:00Z,2022-10-07T13:23:00Z,กรุงเทพมหานคร,Bangkok,department of highways,แขวงคลองสองต้นนุ่น - พิมพา,4-wheel pickup truck,speeding,rollover/fallen on straight road,1,0,0,rainy,13.72131813,100.8145755,straight road,no slope
6981969,2022-09-07T23:41:00Z,2022-09-26T09:23:00Z,กรุงเทพมหานคร,Bangkok,expressway authority of thailand,ดินแดง-ท่าเรือ,other,other,side collision,4,0,1,other,13.73430978,100.551604,straight road,other
6864533,2022-09-07T23:59:00Z,2022-09-08T14:21:00Z,กรุงเทพมหานคร,Bangkok,department of highways,แขวงคลองสองต้นนุ่น - พิมพา,private/passenger car,speeding,rear-end collision,2,0,1,rainy,13.7321939,100.7824561,straight road,no slope
7515379,2022-09-08T00:05:00Z,2022-12-28T19:46:00Z,กรุงเทพมหานคร,Bangkok,department of highways,ไม่ทราบ,passenger pickup truck,speeding,rear-end collision,2,0,0,clear,13.76433811,100.5481308,other,other
6861105,2022-09-08T00:17:00Z,2022-09-08T00:49:00Z,กรุงเทพมหานคร,Bangkok,expressway authority of thailand,พญาไท-บางโคล่,other,other,collision with obstruction (on road surface),1,0,0,rainy,13.72322148,100.5176317,wide curve,other
6863514,2022-09-08T01:00:00Z,2022-09-08T10:23:00Z,กรุงเทพมหานคร,Bangkok,department of highways,แขวงรามอินทรา - บางพลี,private/passenger car,speeding,rollover/fallen on straight road,1,0,0,rainy,13.71958796,100.7003751,straight road,no slope
6982344,2022-09-08T02:21:00Z,2022-09-26T10:41:00Z,สมุทรปราการ,Samut Prakan,expressway authority of thailand,บางพลี-สุขสวัสดิ์,7-10-wheel truck,other,collision with obstruction (on road surface),2,0,0,rainy,13.637099,100.547235,grade-separated intersection/ramps,other
6888904,2022-09-08T03:55:00Z,2022-09-12T08:50:00Z,กรุงเทพมหานคร,Bangkok,department of highways,บางปะอิน - แขวงรามอินทรา,4-wheel pickup truck,speeding,rollover/fallen on straight road,1,0,0,clear,13.83094909,100.6740251,straight road,no slope
6876725,2022-09-08T14:02:00Z,2022-09-10T09:52:00Z,ปทุมธานี,Pathum Thani,department of highways,บางปะอิน - แขวงรามอินทรา,private/passenger car,speeding,rear-end collision,2,0,0,clear,13.99002312,100.7127079,straight road,no slope
6870066,2022-09-08T14:11:00Z,2022-09-09T12:13:00Z,กรุงเทพมหานคร,Bangkok,department of highways,แขวงคลองสองต้นนุ่น - พิมพา,private/passenger car,speeding,rear-end collision,2,0,0,rainy,13.72621151,100.8121589,straight road,no slope
6871192,2022-09-08T16:20:00Z,2022-09-09T15:30:00Z,สมุทรปราการ,Samut Prakan,department of highways,ราษฎร์บูรณะ - พระสมุทรเจดีย์,7-10-wheel truck,speeding,rollover/fallen on straight road,1,0,0,rainy,13.61298106,100.5478808,straight road,no slope
6865525,2022-09-08T16:34:00Z,2022-09-08T18:59:00Z,ปทุมธานี,Pathum Thani,expressway authority of thailand,บางปะอิน-แจ้งวัฒนะ,other,other,other,1,0,0,rainy,14.086442,100.578343,straight road,other
6890261,2022-09-08T16:45:00Z,2022-09-12T13:25:00Z,กรุงเทพมหานคร,Bangkok,department of highways,แขวงรามอินทรา - บางพลี,6-wheel truck,speeding,rollover/fallen on straight road,1,0,3,rainy,13.70734876,100.6998199,straight road,no slope
6869914,2022-09-08T17:01:00Z,2022-09-09T11:42:00Z,สมุทรปราการ,Samut Prakan,department of highways,แขวงคลองสองต้นนุ่น - พิมพา,4-wheel pickup truck,speeding,rear-end collision,2,0,0,rainy,13.66546435,100.8509409,straight road,no slope
7557406,2022-09-08T17:30:00Z,2023-01-12T09:00:00Z,กรุงเทพมหานคร,Bangkok,department of highways,บางนา - ทางเข้าท่าอากาศยานสุวรรณภูมิ,motorcycle,speeding,rear-end collision,2,0,1,clear,13.6642837,100.6520699,straight road,no slope
7055092,2022-09-08T18:00:00Z,2022-10-07T13:30:00Z,กรุงเทพมหานคร,Bangkok,department of highways,แขวงคลองสองต้นนุ่น - พิมพา,4-wheel pickup truck,speeding,rollover/fallen on curved road,1,0,1,rainy,13.73029446,100.7597217,wide curve,no slope
6890663,2022-09-08T18:50:00Z,2022-09-12T14:44:00Z,สมุทรปราการ,Samut Prakan,department of rural roads,สะพานภูมิพลที่ 1 ไปสะพานภูมิพลที่ 2,passenger pickup truck,speeding,other,2,0,1,rainy,13.649964,100.541433,grade-separated intersection/ramps,other
6876839,2022-09-08T19:22:00Z,2022-09-10T10:29:00Z,ปทุมธานี,Pathum Thani,department of highways,บางปะอิน - แขวงรามอินทรา,private/passenger car,speeding,rear-end collision,2,0,0,clear,14.01091103,100.7035321,straight road,no slope
6895495,2022-09-08T20:52:00Z,2022-09-13T08:53:00Z,สมุทรปราการ,Samut Prakan,department of rural roads,สะพานภูมิพลที่ 1 ไปสะพานภูมิพลที่ 2,motorcycle,speeding,other,2,0,2,rainy,13.6622,100.539066,straight road,slope area
6938722,2022-09-09T00:40:00Z,2022-09-19T16:41:00Z,กรุงเทพมหานคร,Bangkok,department of rural roads,สะพานภูมิพลที่ 1 ไปสะพานภูมิพลที่ 2,private/passenger car,speeding,other,2,0,0,clear,13.672324,100.538721,straight road,slope area
7055095,2022-09-09T05:12:00Z,2022-10-07T13:34:00Z,กรุงเทพมหานคร,Bangkok,department of highways,บางปะอิน - แขวงรามอินทรา,private/passenger car,speeding,rear-end collision,2,0,1,clear,13.91091765,100.7001445,straight road,no slope
6883037,2022-09-09T07:24:00Z,2022-09-11T09:35:00Z,กรุงเทพมหานคร,Bangkok,department of highways,แขวงรามอินทรา - บางพลี,7-10-wheel truck,speeding,rear-end collision,3,0,0,clear,13.74448131,100.702773,straight road,no slope
7564969,2022-09-09T07:49:00Z,2023-01-20T06:42:00Z,กรุงเทพมหานคร,Bangkok,department of highways,บางนา - ทางเข้าท่าอากาศยานสุวรรณภูมิ,motorcycle,speeding,rear-end collision,2,0,2,clear,13.66852801,100.6326118,other,other
6869696,2022-09-09T08:04:00Z,2022-09-09T11:03:00Z,กรุงเทพมหานคร,Bangkok,department of highways,แขวงคลองสองต้นนุ่น - พิมพา,private/passenger car,speeding,rear-end collision,4,0,0,clear,13.73111,100.7163906,straight road,no slope
6890543,2022-09-09T12:30:00Z,2022-09-12T14:23:00Z,กรุงเทพมหานคร,Bangkok,department of highways,แขวงคลองสองต้นนุ่น - พิมพา,4-wheel pickup truck,speeding,rear-end collision,2,0,0,clear,13.73111,100.7163879,straight road,no slope
6872798,2022-09-09T14:23:00Z,2022-09-09T19:42:00Z,กรุงเทพมหานคร,Bangkok,expressway authority of thailand,แจ้งวัฒนะ-พญาไท,other,other,other,1,0,1,clear,NA,NA,straight road,other
7072876,2022-09-09T14:30:00Z,2022-10-10T09:39:00Z,สมุทรสาคร,Samut Sakhon,department of highways,สมุทรสาคร - บางบอน,4-wheel pickup truck,speeding,rollover/fallen on straight road,1,0,0,clear,13.55796472,100.2897236,straight road,no slope
6938301,2022-09-09T16:20:00Z,2022-09-19T15:22:00Z,กรุงเทพมหานคร,Bangkok,department of rural roads,จุดเชื่อมต่อสะพานภูมิพลที่ 1 เข้าถนนวงแหวนอุตสาหกรรม,motorcycle,unfamiliarity with the route/unskilled driving,other,1,1,0,clear,13.664087,100.516628,grade-separated intersection/ramps,other
7054302,2022-09-09T16:30:00Z,2022-10-07T10:54:00Z,สมุทรปราการ,Samut Prakan,department of highways,แขวงคลองสองต้นนุ่น - พิมพา,large truck with trailer,vehicle equipment failure,rollover/fallen on straight road,1,0,1,clear,13.64430301,100.8838409,straight road,no slope
6882790,2022-09-09T16:45:00Z,2022-09-11T08:48:00Z,กรุงเทพมหานคร,Bangkok,department of highways,บางปะอิน - แขวงรามอินทรา,4-wheel pickup truck,speeding,rear-end collision,2,0,0,clear,13.91059481,100.6999084,straight road,no slope
7055117,2022-09-09T18:00:00Z,2022-10-07T13:36:00Z,กรุงเทพมหานคร,Bangkok,department of highways,บางปะอิน - แขวงรามอินทรา,4-wheel pickup truck,debris/obstruction on the road,rollover/fallen on straight road,1,0,1,clear,13.83810598,100.67292,straight road,no slope
7034124,2022-09-09T19:50:00Z,2022-10-04T11:18:00Z,สมุทรสาคร,Samut Sakhon,department of highways,แสมดำ - สะพานข้ามแม่น้ำท่าจีนฝั่งตะวันตก,private/passenger car,speeding,rear-end collision,3,0,0,clear,13.60379692,100.3713351,straight road,no slope
6982272,2022-09-10T00:50:00Z,2022-09-26T10:26:00Z,สมุทรปราการ,Samut Prakan,expressway authority of thailand,บางนา-ชลบุรี,other,other,collision with obstruction (on road surface),1,0,1,clear,13.594673,100.806021,straight road,other
6890479,2022-09-10T02:00:00Z,2022-09-12T14:10:00Z,กรุงเทพมหานคร,Bangkok,department of highways,แขวงคลองสองต้นนุ่น - พิมพา,private/passenger car,speeding,rollover/fallen on straight road,1,0,0,rainy,13.73323872,100.8067515,straight road,no slope
6877635,2022-09-10T13:10:00Z,2022-09-10T13:50:00Z,กรุงเทพมหานคร,Bangkok,expressway authority of thailand,หมอชิต-กาญจนาฯ,other,other,side collision,2,0,1,clear,NA,NA,straight road,other
7054340,2022-09-10T13:50:00Z,2022-10-07T10:58:00Z,กรุงเทพมหานคร,Bangkok,department of highways,แขวงรามอินทรา - บางพลี,private/passenger car,debris/obstruction on the road,collision with obstruction (on road surface),1,0,0,clear,13.80176192,100.6802666,straight road,no slope
6936734,2022-09-10T21:44:00Z,2022-09-19T09:44:00Z,ปทุมธานี,Pathum Thani,department of highways,บางปะอิน - แขวงรามอินทรา,private/passenger car,speeding,rear-end collision,4,0,0,clear,14.00754609,100.7050449,straight road,no slope
7139521,2022-09-11T00:44:00Z,2022-10-20T11:06:00Z,ปทุมธานี,Pathum Thani,department of highways,บางปะอิน - แขวงรามอินทรา,4-wheel pickup truck,speeding,rollover/fallen on straight road,1,0,0,clear,14.00754609,100.7050073,straight road,no slope
7033168,2022-09-11T01:30:00Z,2022-10-04T08:46:00Z,กรุงเทพมหานคร,Bangkok,department of highways,บางแค - คลองมหาสวัสดิ์,private/passenger car,speeding,rear-end collision,2,0,1,clear,13.73685517,100.4061127,other,other
6881623,2022-09-11T02:48:00Z,2022-09-11T03:50:00Z,กรุงเทพมหานคร,Bangkok,expressway authority of thailand,พญาไท-ศรีนครินทร์,other,other,collision with obstruction (on road surface),1,0,0,clear,13.74258955,100.6333301,wide curve,other
7564945,2022-09-11T08:50:00Z,2023-01-20T06:20:00Z,สมุทรปราการ,Samut Prakan,department of highways,บางนา - ทางเข้าท่าอากาศยานสุวรรณภูมิ,private/passenger car,speeding,rear-end collision,2,0,1,clear,13.65211461,100.677284,straight road,no slope
6887165,2022-09-11T23:48:00Z,2022-09-12T00:57:00Z,กรุงเทพมหานคร,Bangkok,expressway authority of thailand,พญาไท-บางโคล่,other,other,rear-end collision,2,0,3,rainy,13.71464863,100.5201868,wide curve,other