acc_code,incident_datetime,report_datetime,province_th,province_en,agency,route,vehicle_type,presumed_cause,accident_type,number_of_vehicles_involved,number_of_fatalities,number_of_injuries,weather_condition,latitude,longitude,road_description,slope_description
7565046,2022-09-12T01:00:00Z,2023-01-20T07:38:00Z,ปทุมธานี,Pathum Thani,department of highways,ต่างระดับคลองหลวง - ประตูน้ำพระอินทร์,4-wheel pickup truck,running red lights/traffic signals,rear-end collision,2,1,0,clear,14.12590877,100.6184846,straight road,no slope
6888907,2022-09-12T05:36:00Z,2022-09-12T08:50:00Z,ปทุมธานี,Pathum Thani,department of highways,บางปะอิน - แขวงรามอินทรา,large truck with trailer,speeding,rear-end collision,2,0,1,clear,14.06537566,100.6969473,straight road,no slope
6889726,2022-09-12T06:24:00Z,2022-09-12T11:36:00Z,กรุงเทพมหานคร,Bangkok,department of highways,แขวงคลองสองต้นนุ่น - พิมพา,private/passenger car,speeding,rear-end collision,2,0,0,rainy,13.73121422,100.7154867,straight road,no slope
6890340,2022-09-12T08:50:00Z,2022-09-12T13:49:00Z,สมุทรปราการ,Samut Prakan,department of highways,แขวงรามอินทรา - บางพลี,private/passenger car,speeding,rear-end collision,3,0,0,clear,13.64930486,100.6872859,wide curve,no slope
6890476,2022-09-12T10:16:00Z,2022-09-12T14:12:00Z,กรุงเทพมหานคร,Bangkok,department of highways,แขวงรามอินทรา - บางพลี,van,speeding,rear-end collision,2,0,1,clear,13.73306415,100.7055464,other,other
7054275,2022-09-12T10:30:00Z,2022-10-07T10:49:00Z,กรุงเทพมหานคร,Bangkok,department of highways,บางปะอิน - แขวงรามอินทรา,private/passenger car,cutting in closely by people/vehicles/animals,rear-end collision,2,0,2,clear,13.87797529,100.6830078,straight road,no slope
7041985,2022-09-12T11:00:00Z,2022-10-05T14:20:00Z,สมุทรปราการ,Samut Prakan,department of highways,แขวงรามอินทรา - บางพลี,other,speeding,rollover/fallen on straight road,1,0,0,clear,13.65204944,100.6879806,straight road,no slope
6982359,2022-09-12T22:54:00Z,2022-09-26T10:44:00Z,สมุทรปราการ,Samut Prakan,expressway authority of thailand,บางพลี-สุขสวัสดิ์,4-wheel pickup truck,other,rear-end collision,2,0,0,clear,13.62716,100.594942,straight road,other
6918498,2022-09-13T07:23:00Z,2022-09-16T13:41:00Z,สมุทรปราการ,Samut Prakan,department of highways,แขวงคลองสองต้นนุ่น - พิมพา,private/passenger car,speeding,rear-end collision,2,0,0,clear,13.65610241,100.8654705,straight road,no slope
6896566,2022-09-13T08:27:00Z,2022-09-13T12:13:00Z,กรุงเทพมหานคร,Bangkok,expressway authority of thailand,แจ้งวัฒนะ-พญาไท,other,other,other,1,0,0,clear,NA,NA,straight road,other
6902805,2022-09-13T13:03:00Z,2022-09-14T09:57:00Z,กรุงเทพมหานคร,Bangkok,department of highways,ถนนศรีนครินทร - แขวงคลองสองต้นนุ่น,private/passenger car,speeding,rear-end collision,2,0,6,clear,13.73262903,100.7020032,straight road,no slope
6930737,2022-09-13T14:50:00Z,2022-09-18T10:11:00Z,กรุงเทพมหานคร,Bangkok,department of highways,แขวงรามอินทรา - บางพลี,private/passenger car,speeding,rollover/fallen on straight road,1,0,0,rainy,13.71900429,100.7003724,straight road,no slope
6930736,2022-09-13T16:46:00Z,2022-09-18T10:10:00Z,กรุงเทพมหานคร,Bangkok,department of highways,แขวงรามอินทรา - บางพลี,4-wheel pickup truck,speeding,rollover/fallen on curved road,1,0,0,rainy,13.73303549,100.7054901,other,other
7054280,2022-09-14T04:20:00Z,2022-10-07T10:48:00Z,กรุงเทพมหานคร,Bangkok,department of highways,บางปะอิน - แขวงรามอินทรา,7-10-wheel truck,speeding,rear-end collision,2,0,1,clear,13.819327789999999,100.6757498,straight road,no slope
7054177,2022-09-14T09:39:00Z,2022-10-07T10:32:00Z,กรุงเทพมหานคร,Bangkok,department of highways,ถนนศรีนครินทร - แขวงคลองสองต้นนุ่น,6-wheel truck,overloaded vehicle,other,1,0,0,clear,13.74082851,100.6437671,straight road,no slope
6904627,2022-09-14T14:28:00Z,2022-09-14T16:15:00Z,กรุงเทพมหานคร,Bangkok,expressway authority of thailand,พญาไท-บางโคล่,other,other,collision with obstruction (on road surface),1,0,0,clear,NA,NA,grade-separated intersection/ramps,other
7034104,2022-09-14T15:40:00Z,2022-10-04T11:14:00Z,สมุทรสาคร,Samut Sakhon,department of highways,แสมดำ - สะพานข้ามแม่น้ำท่าจีนฝั่งตะวันตก,private/passenger car,cutting in closely by people/vehicles/animals,rear-end collision,2,0,0,clear,13.5676669,100.2835786,straight road,no slope
6982363,2022-09-14T17:17:00Z,2022-09-26T10:46:00Z,สมุทรปราการ,Samut Prakan,expressway authority of thailand,บางพลี-สุขสวัสดิ์,4-wheel pickup truck,other,rear-end collision,3,0,0,clear,13.620951,100.608366,straight road,other
6916648,2022-09-14T21:26:00Z,2022-09-16T09:48:00Z,กรุงเทพมหานคร,Bangkok,department of highways,ถนนศรีนครินทร - แขวงคลองสองต้นนุ่น,4-wheel pickup truck,speeding,rollover/fallen on straight road,1,0,1,clear,13.73605528,100.6733787,straight road,no slope
6916741,2022-09-15T12:10:00Z,2022-09-16T10:08:00Z,กรุงเทพมหานคร,Bangkok,department of highways,ถนนศรีนครินทร - แขวงคลองสองต้นนุ่น,7-10-wheel truck,speeding,rear-end collision,3,0,0,clear,13.73232939,100.7078478,straight road,no slope
7054120,2022-09-15T13:35:00Z,2022-10-07T10:20:00Z,กรุงเทพมหานคร,Bangkok,department of highways,บางปะอิน - แขวงรามอินทรา,4-wheel pickup truck,overloaded vehicle,rollover/fallen on straight road,1,0,0,clear,13.85755452,100.675554,straight road,no slope
7564430,2022-09-15T13:50:00Z,2023-01-19T14:52:00Z,สมุทรสาคร,Samut Sakhon,department of highways,สะพานข้ามแม่น้ำท่าจีนฝั่งตะวันตก - นาโคก,large truck with trailer,speeding,rear-end collision,3,0,1,clear,13.54289831,100.2408859,straight road,no slope
7444969,2022-09-15T16:50:00Z,2022-12-08T15:13:00Z,สมุทรสาคร,Samut Sakhon,department of highways,ไม่ทราบ,passenger pickup truck,speeding,rear-end collision,4,0,0,clear,13.53188343,100.2063471,straight road,no slope
7560670,2022-09-15T17:15:00Z,2023-01-16T10:55:00Z,กรุงเทพมหานคร,Bangkok,department of highways,ดินแดง - งามวงศ์วาน,motorcycle,cutting in closely by people/vehicles/animals,rear-end collision,3,0,2,clear,13.82616253,100.5580168,straight road,no slope
7444951,2022-09-15T18:00:00Z,2022-12-08T15:11:00Z,สมุทรสาคร,Samut Sakhon,department of highways,ไม่ทราบ,4-wheel pickup truck,speeding,rear-end collision,3,0,1,clear,13.5321755,100.2072188,straight road,no slope
7054152,2022-09-15T19:00:00Z,2022-10-07T10:25:00Z,สมุทรปราการ,Samut Prakan,department of highways,แขวงคลองสองต้นนุ่น - พิมพา,4-wheel pickup truck,speeding,other,1,0,0,clear,13.62807951,100.9091019,straight road,no slope
7132465,2022-09-15T22:34:00Z,2022-10-19T11:35:00Z,สมุทรปราการ,Samut Prakan,expressway authority of thailand,บางพลี-สุขสวัสดิ์,4-wheel pickup truck,other,rear-end collision,7,0,1,clear,13.624497,100.599831,wide curve,other
6982283,2022-09-16T02:10:00Z,2022-09-26T10:31:00Z,กรุงเทพมหานคร,Bangkok,expressway authority of thailand,บางนา-ชลบุรี,other,other,rear-end collision,2,0,3,clear,13.66861643,100.6296593,straight road,other
6916718,2022-09-16T03:20:00Z,2022-09-16T10:01:00Z,กรุงเทพมหานคร,Bangkok,department of highways,บางปะอิน - แขวงรามอินทรา,private/passenger car,speeding,rear-end collision,2,0,0,clear,13.91097753,100.7000989,straight road,no slope
7180444,2022-09-16T04:00:00Z,2022-10-26T15:42:00Z,นครปฐม,Nakhon Pathom,department of highways,อ้อมน้อย - ศาลายา,private/passenger car,speeding,rollover/fallen on straight road,1,0,1,rainy,13.72005959,100.2986473,straight road,no slope
7055143,2022-09-16T09:45:00Z,2022-10-07T13:43:00Z,สมุทรปราการ,Samut Prakan,department of highways,แขวงคลองสองต้นนุ่น - พิมพา,passenger pickup truck,speeding,rear-end collision,2,0,0,clear,13.67236568,100.8402336,straight road,no slope
7560665,2022-09-16T11:50:00Z,2023-01-16T10:57:00Z,กรุงเทพมหานคร,Bangkok,department of highways,ดินแดง - งามวงศ์วาน,private/passenger car,speeding,rear-end collision,4,0,0,clear,13.81417875,100.5592636,straight road,no slope
7055172,2022-09-16T13:39:00Z,2022-10-07T13:45:00Z,ปทุมธานี,Pathum Thani,department of highways,บางปะอิน - แขวงรามอินทรา,4-wheel pickup truck,speeding,rear-end collision,2,0,0,clear,14.00254152,100.7072255,straight road,no slope
6924574,2022-09-16T15:43:00Z,2022-09-17T10:29:00Z,กรุงเทพมหานคร,Bangkok,department of highways,ถนนศรีนครินทร - แขวงคลองสองต้นนุ่น,4-wheel pickup truck,speeding,rear-end collision,3,0,0,clear,13.73281923,100.7018289,straight road,no slope
7034153,2022-09-16T16:48:00Z,2022-10-04T11:28:00Z,กรุงเทพมหานคร,Bangkok,department of highways,แขวงคลองสองต้นนุ่น - พิมพา,private/passenger car,speeding,rear-end collision,2,0,0,clear,13.73042995,100.7227233,straight road,no slope
6981999,2022-09-16T19:32:00Z,2022-09-26T09:33:00Z,กรุงเทพมหานคร,Bangkok,expressway authority of thailand,ดินแดง-ท่าเรือ,4-wheel pickup truck,other,rear-end collision,2,0,0,clear,13.73514965,100.5515158,straight road,other
7008586,2022-09-16T20:58:00Z,2022-09-30T13:25:00Z,นครปฐม,Nakhon Pathom,department of highways,บ้านบ่อ - พระประโทน,private/passenger car,speeding,rear-end collision,2,0,3,clear,13.70895133,100.077357,straight road,no slope
6982046,2022-09-17T00:05:00Z,2022-09-26T09:41:00Z,กรุงเทพมหานคร,Bangkok,expressway authority of thailand,ดาวคะนอง-ท่าเรือ,other,other,collision with obstruction (on road surface),1,0,1,clear,13.69880482,100.5402996,straight road,other
6982038,2022-09-17T02:19:00Z,2022-09-26T09:40:00Z,กรุงเทพมหานคร,Bangkok,expressway authority of thailand,บางนา-ท่าเรือ,6-wheel truck,other,rear-end collision,2,0,1,clear,NA,NA,straight road,other
6944887,2022-09-17T02:58:00Z,2022-09-20T14:59:00Z,กรุงเทพมหานคร,Bangkok,department of highways,แขวงคลองสองต้นนุ่น - พิมพา,other,speeding,rear-end collision,2,0,0,rainy,13.73340027,100.7951322,straight road,no slope
7041107,2022-09-17T03:30:00Z,2022-10-05T11:27:00Z,นนทบุรี,Nonthaburi,department of highways,คลองบางไผ่ - คลองบางหลวง,4-wheel pickup truck,speeding,rollover/fallen on straight road,2,0,0,clear,13.92088379,100.4119813,straight road,no slope
6924739,2022-09-17T05:40:00Z,2022-09-17T11:12:00Z,กรุงเทพมหานคร,Bangkok,department of highways,แขวงรามอินทรา - บางพลี,7-10-wheel truck,speeding,rear-end collision,2,1,0,clear,13.67717668,100.699439,straight road,no slope
6924602,2022-09-17T09:10:00Z,2022-09-17T10:34:00Z,ปทุมธานี,Pathum Thani,department of highways,บางปะอิน - แขวงรามอินทรา,4-wheel pickup truck,speeding,rear-end collision,2,0,0,clear,13.94027072,100.7102644,straight road,no slope
7444828,2022-09-17T10:40:00Z,2022-12-08T15:25:00Z,สมุทรสาคร,Samut Sakhon,department of highways,ไม่ทราบ,6-wheel truck,speeding,rear-end collision,2,0,1,clear,13.52469636,100.1850182,straight road,no slope
6930485,2022-09-17T11:52:00Z,2022-09-18T09:17:00Z,กรุงเทพมหานคร,Bangkok,department of highways,ถนนศรีนครินทร - แขวงคลองสองต้นนุ่น,4-wheel pickup truck,speeding,rear-end collision,2,0,0,clear,13.73189687,100.7105756,straight road,no slope
6930234,2022-09-17T15:20:00Z,2022-09-18T08:04:00Z,กรุงเทพมหานคร,Bangkok,department of highways,บางปะอิน - แขวงรามอินทรา,large truck with trailer,speeding,rear-end collision,2,0,0,clear,13.88197226,100.6851911,straight road,no slope
7041173,2022-09-17T15:30:00Z,2022-10-05T11:39:00Z,กรุงเทพมหานคร,Bangkok,department of highways,แขวงรามอินทรา - บางพลี,private/passenger car,speeding,rear-end collision,2,0,0,clear,13.80364515,100.679757,straight road,no slope
7041102,2022-09-17T16:40:00Z,2022-10-05T11:29:00Z,นนทบุรี,Nonthaburi,department of highways,คลองบางไผ่ - คลองบางหลวง,private/passenger car,speeding,rear-end collision,3,0,2,clear,13.94624761,100.4211464,straight road,no slope
6938723,2022-09-17T22:00:00Z,2022-09-19T16:40:00Z,กรุงเทพมหานคร,Bangkok,department of rural roads,สะพานภูมิพลที่ 1 ไปสะพานภูมิพลที่ 2,private/passenger car,speeding,other,2,0,1,clear,13.671581,100.538688,straight road,slope area
6930794,2022-09-17T22:45:00Z,2022-09-18T10:31:00Z,กรุงเทพมหานคร,Bangkok,department of highways,ถนนศรีนครินทร - แขวงคลองสองต้นนุ่น,private/passenger car,speeding,rear-end collision,3,0,0,clear,13.73770716,100.6577629,straight road,no slope
7414622,2022-09-18T01:00:00Z,2022-11-29T09:04:00Z,นนทบุรี,Nonthaburi,department of highways,บางบัวทอง - ไทรน้อย,private/passenger car,speeding,rollover/fallen on straight road,1,0,0,clear,13.92452596,100.4146582,straight road,no slope
6930830,2022-09-18T04:50:00Z,2022-09-18T10:49:00Z,กรุงเทพมหานคร,Bangkok,department of highways,แขวงรามอินทรา - บางพลี,private/passenger car,speeding,rear-end collision,2,0,2,clear,13.77162544,100.6904831,straight road,no slope
6930920,2022-09-18T07:30:00Z,2022-09-18T11:09:00Z,กรุงเทพมหานคร,Bangkok,department of highways,แขวงรามอินทรา - บางพลี,7-10-wheel truck,speeding,rear-end collision,2,0,0,clear,13.76359117,100.6950214,straight road,no slope
7055231,2022-09-18T12:37:00Z,2022-10-07T13:57:00Z,ปทุมธานี,Pathum Thani,department of highways,บางปะอิน - แขวงรามอินทรา,4-wheel pickup truck,speeding,rollover/fallen on straight road,1,0,0,rainy,14.0041889,100.7064906,straight road,no slope
7055232,2022-09-18T17:17:00Z,2022-10-07T13:58:00Z,ปทุมธานี,Pathum Thani,department of highways,บางปะอิน - แขวงรามอินทรา,private/passenger car,speeding,rear-end collision,3,0,0,clear,14.0453878,100.6984413,straight road,no slope
6934389,2022-09-18T22:09:00Z,2022-09-18T23:09:00Z,กรุงเทพมหานคร,Bangkok,expressway authority of thailand,พญาไท-บางโคล่,other,other,side collision,2,0,0,rainy,13.76250523,100.5261421,straight road,other
7055233,2022-09-18T23:07:00Z,2022-10-07T13:59:00Z,ปทุมธานี,Pathum Thani,department of highways,บางปะอิน - แขวงรามอินทรา,4-wheel pickup truck,speeding,rear-end collision,2,0,0,clear,14.07443492,100.6957322,straight road,no slope
6935407,2022-09-19T00:03:00Z,2022-09-19T03:10:00Z,นนทบุรี,Nonthaburi,expressway authority of thailand,แจ้งวัฒนะ-พญาไท,other,other,collision with obstruction (on road surface),1,0,0,rainy,13.85237538,100.5331147,straight road,other
6938719,2022-09-19T01:00:00Z,2022-09-19T16:41:00Z,นนทบุรี,Nonthaburi,department of rural roads,ถนนราชพฤกษ์,private/passenger car,speeding,other,1,1,0,rainy,13.881705,100.450814,y-intersection,other
7564470,2022-09-19T03:30:00Z,2023-01-19T15:13:00Z,สมุทรสาคร,Samut Sakhon,department of highways,สะพานข้ามแม่น้ำท่าจีนฝั่งตะวันตก - นาโคก,private/passenger car,cutting in closely by people/vehicles/animals,rear-end collision,2,0,0,clear,13.54482013,100.2560484,straight road,no slope
6937253,2022-09-19T04:30:00Z,2022-09-19T11:27:00Z,กรุงเทพมหานคร,Bangkok,department of highways,แขวงรามอินทรา - บางพลี,4-wheel pickup truck,speeding,rollover/fallen on curved road,1,0,0,clear,13.73304591,100.7055089,other,other
6938725,2022-09-19T06:30:00Z,2022-09-19T16:40:00Z,กรุงเทพมหานคร,Bangkok,department of rural roads,สะพานภูมิพลที่ 2 ไปสะพานภูมิพลที่ 1,motorcycle,abrupt lane change,other,2,0,1,clear,13.683334,100.541623,wide curve,slope area
6936437,2022-09-19T07:33:00Z,2022-09-19T08:38:00Z,กรุงเทพมหานคร,Bangkok,expressway authority of thailand,พญาไท-ศรีนครินทร์,4-wheel pickup truck,other,rear-end collision,2,0,0,clear,13.74219859,100.6315289,straight road,other
6937355,2022-09-19T08:06:00Z,2022-09-19T11:50:00Z,กรุงเทพมหานคร,Bangkok,department of highways,แขวงรามอินทรา - บางพลี,private/passenger car,speeding,rear-end collision,2,0,0,clear,13.76409397,100.6947505,straight road,no slope
6982160,2022-09-19T10:03:00Z,2022-09-26T10:05:00Z,กรุงเทพมหานคร,Bangkok,expressway authority of thailand,รามอินทรา-อาจณรงค์,6-wheel truck,other,rear-end collision,2,0,1,clear,NA,NA,straight road,other
6937427,2022-09-19T10:12:00Z,2022-09-19T12:12:00Z,กรุงเทพมหานคร,Bangkok,department of highways,ถนนศรีนครินทร - แขวงคลองสองต้นนุ่น,private/passenger car,speeding,rear-end collision,2,0,0,clear,13.73241277,100.7073811,straight road,no slope
7033346,2022-09-19T12:40:00Z,2022-10-04T09:19:00Z,กรุงเทพมหานคร,Bangkok,department of highways,อุดมสุข - สมุทรปราการ,private/passenger car,speeding,rollover/fallen on straight road,1,0,0,clear,13.66044981,100.6433675,straight road,no slope
7028351,2022-09-19T21:42:00Z,2022-10-03T14:37:00Z,กรุงเทพมหานคร,Bangkok,expressway authority of thailand,แจ้งวัฒนะ-พญาไท,other,other,collision with obstruction (on road surface),1,0,0,clear,13.80243237,100.5426265,straight road,other
7444824,2022-09-20T00:33:00Z,2022-12-08T14:58:00Z,สมุทรสาคร,Samut Sakhon,department of highways,ไม่ทราบ,large truck with trailer,speeding,rear-end collision,2,0,0,clear,13.53933105,100.2284512,straight road,no slope
7072879,2022-09-20T01:45:00Z,2022-10-10T09:38:00Z,กรุงเทพมหานคร,Bangkok,department of highways,แขวงรามอินทรา - บางพลี,private/passenger car,speeding,rollover/fallen on straight road,1,0,0,clear,13.72944504,100.7018557,other,other
7565044,2022-09-20T03:20:00Z,2023-01-20T07:39:00Z,ปทุมธานี,Pathum Thani,department of highways,ต่างระดับรังสิต - วัดนาบุญ,4-wheel pickup truck,speeding,rollover/fallen on straight road,2,0,0,clear,14.00710627,100.7035884,straight road,no slope
7073258,2022-09-20T06:23:00Z,2022-10-10T10:40:00Z,กรุงเทพมหานคร,Bangkok,department of highways,แขวงคลองสองต้นนุ่น - พิมพา,4-wheel pickup truck,speeding,rollover/fallen on straight road,1,0,0,clear,13.73244664,100.7860851,straight road,no slope
6944241,2022-09-20T11:57:00Z,2022-09-20T12:35:00Z,กรุงเทพมหานคร,Bangkok,expressway authority of thailand,แจ้งวัฒนะ-พญาไท,other,other,other,1,0,0,rainy,NA,NA,other,other
7560682,2022-09-20T12:20:00Z,2023-01-16T11:06:00Z,กรุงเทพมหานคร,Bangkok,department of highways,ดินแดง - งามวงศ์วาน,private/passenger car,speeding,rear-end collision,2,0,0,rainy,13.8159725,100.5590191,straight road,no slope
7564467,2022-09-20T15:05:00Z,2023-01-19T15:10:00Z,สมุทรสาคร,Samut Sakhon,department of highways,แสมดำ - สะพานข้ามแม่น้ำท่าจีนฝั่งตะวันตก,4-wheel pickup truck,speeding,rollover/fallen on straight road,1,0,0,clear,13.58027575,100.3079223,straight road,no slope
7564444,2022-09-20T21:00:00Z,2023-01-19T14:59:00Z,สมุทรสาคร,Samut Sakhon,department of highways,แสมดำ - สะพานข้ามแม่น้ำท่าจีนฝั่งตะวันตก,private/passenger car,speeding,rear-end collision,5,0,0,clear,13.5672419,100.2827686,straight road,no slope
7564462,2022-09-20T22:50:00Z,2023-01-19T15:09:00Z,สมุทรสาคร,Samut Sakhon,department of highways,แสมดำ - สะพานข้ามแม่น้ำท่าจีนฝั่งตะวันตก,private/passenger car,driving under the influence of alcohol,rollover/fallen on straight road,1,0,0,clear,13.58415526,100.3153816,straight road,no slope
7565005,2022-09-21T07:54:00Z,2023-01-20T06:55:00Z,สมุทรปราการ,Samut Prakan,department of highways,ทางเข้าท่าอากาศยานสุวรรณภูมิ - บางวัว,private/passenger car,speeding,rear-end collision,2,0,1,clear,13.59854774,100.7952891,straight road,no slope
7564465,2022-09-21T12:10:00Z,2023-01-19T15:12:00Z,สมุทรสาคร,Samut Sakhon,department of highways,แสมดำ - สะพานข้ามแม่น้ำท่าจีนฝั่งตะวันตก,4-wheel pickup truck,vehicle equipment failure,rollover/fallen on straight road,1,0,0,clear,13.58487223,100.3168622,straight road,no slope
7560809,2022-09-21T14:00:00Z,2023-01-16T14:27:00Z,กรุงเทพมหานคร,Bangkok,department of highways,ดินแดง - งามวงศ์วาน,motorcycle,speeding,rear-end collision,2,0,1,clear,13.7766861,100.5550601,straight road,no slope
6952010,2022-09-21T14:54:00Z,2022-09-21T17:44:00Z,กรุงเทพมหานคร,Bangkok,expressway authority of thailand,แจ้งวัฒนะ-พญาไท,other,other,side collision,1,0,0,clear,NA,NA,other,other
7564469,2022-09-21T19:35:00Z,2023-01-19T15:13:00Z,สมุทรสาคร,Samut Sakhon,department of highways,สะพานข้ามแม่น้ำท่าจีนฝั่งตะวันตก - นาโคก,private/passenger car,speeding,rollover/fallen on straight road,1,0,0,clear,13.54428296,100.2532106,straight road,no slope
6956426,2022-09-21T20:04:00Z,2022-09-22T09:35:00Z,กรุงเทพมหานคร,Bangkok,department of highways,แขวงรามอินทรา - บางพลี,private/passenger car,speeding,rear-end collision,2,0,0,clear,13.76837425,100.6922695,straight road,no slope
7565026,2022-09-21T23:20:00Z,2023-01-20T07:18:00Z,ปทุมธานี,Pathum Thani,department of highways,ต่างระดับรังสิต - วัดนาบุญ,private/passenger car,speeding,rollover/fallen on straight road,1,0,0,clear,14.02127394,100.7370151,straight road,no slope
7072744,2022-09-22T00:30:00Z,2022-10-10T09:10:00Z,กรุงเทพมหานคร,Bangkok,department of highways,แขวงคลองสองต้นนุ่น - พิมพา,4-wheel pickup truck,speeding,rollover/fallen on straight road,1,0,1,clear,13.729518,100.7435775,straight road,no slope
6954747,2022-09-22T02:00:00Z,2022-09-22T03:05:00Z,กรุงเทพมหานคร,Bangkok,expressway authority of thailand,พญาไท-ศรีนครินทร์,other,other,collision with obstruction (on road surface),1,0,0,rainy,13.75104648,100.5954058,merge lane,other
6956564,2022-09-22T02:04:00Z,2022-09-22T10:07:00Z,กรุงเทพมหานคร,Bangkok,department of highways,ถนนศรีนครินทร - แขวงคลองสองต้นนุ่น,private/passenger car,speeding,rear-end collision,4,0,1,rainy,13.73528666,100.6792983,straight road,no slope
6954948,2022-09-22T02:32:00Z,2022-09-22T04:02:00Z,กรุงเทพมหานคร,Bangkok,expressway authority of thailand,พญาไท-ศรีนครินทร์,other,other,collision with obstruction (on road surface),1,0,0,rainy,13.75473716,100.5802173,straight road,other
7561798,2022-09-22T04:00:00Z,2023-01-17T14:45:00Z,นนทบุรี,Nonthaburi,department of highways,คลองวัดแดง - บางบัวทอง,private/passenger car,speeding,rollover/fallen on straight road,1,0,0,clear,13.87873303,100.4339245,straight road,no slope
7047212,2022-09-22T08:00:00Z,2022-10-06T09:45:00Z,นครปฐม,Nakhon Pathom,department of highways,ลาดบัวหลวง - สองพี่น้อง,private/passenger car,speeding,rear-end collision,2,0,1,clear,14.15927589,100.2088281,straight road,no slope
7560680,2022-09-22T08:10:00Z,2023-01-16T11:07:00Z,กรุงเทพมหานคร,Bangkok,department of highways,ดินแดง - งามวงศ์วาน,private/passenger car,speeding,rear-end collision,2,0,0,clear,13.76667628,100.5495123,straight road,no slope
7564383,2022-09-22T08:20:00Z,2023-01-19T14:22:00Z,สมุทรสาคร,Samut Sakhon,department of highways,อ้อมน้อย - สมุทรสาคร,large passenger vehicle,speeding,head-on collision (not overtaking),3,0,1,rainy,13.64812205,100.288434,straight road,no slope
7072838,2022-09-22T15:03:00Z,2022-10-10T09:34:00Z,ปทุมธานี,Pathum Thani,department of highways,บางปะอิน - แขวงรามอินทรา,4-wheel pickup truck,speeding,rear-end collision,2,0,0,clear,14.01178544,100.7034409,other,other
6982190,2022-09-23T00:11:00Z,2022-09-26T10:09:00Z,กรุงเทพมหานคร,Bangkok,expressway authority of thailand,รามอินทรา-อาจณรงค์,other,other,collision with obstruction (on road surface),2,0,2,rainy,13.770622,100.605593,grade-separated intersection/ramps,other
6982183,2022-09-23T01:24:00Z,2022-09-26T10:09:00Z,กรุงเทพมหานคร,Bangkok,expressway authority of thailand,รามอินทรา-วงแหวนรอบนอก,other,other,collision with obstruction (on road surface),1,0,2,rainy,13.892578,100.658793,straight road,other
7567876,2022-09-23T02:30:00Z,2023-01-24T07:04:00Z,นครปฐม,Nakhon Pathom,department of highways,ดอนตูม - ลำลูกบัว,4-wheel pickup truck,slippery road,rear-end collision,2,0,0,rainy,13.96588749,100.0882494,straight road,no slope
6963344,2022-09-23T05:27:00Z,2022-09-23T11:23:00Z,กรุงเทพมหานคร,Bangkok,department of highways,แขวงคลองสองต้นนุ่น - พิมพา,private/passenger car,speeding,rear-end collision,2,0,0,rainy,13.7313002,100.7634151,straight road,no slope
7028269,2022-09-23T06:39:00Z,2022-10-03T14:26:00Z,สมุทรปราการ,Samut Prakan,expressway authority of thailand,บางนา-ชลบุรี,other,other,rollover/fallen on straight road,1,0,0,clear,13.586058,100.846649,straight road,other
6965653,2022-09-23T14:38:00Z,2022-09-23T19:36:00Z,กรุงเทพมหานคร,Bangkok,expressway authority of thailand,พญาไท-ศรีนครินทร์,4-wheel pickup truck,other,rear-end collision,2,0,0,clear,13.7582708,100.5485787,straight road,other
7564443,2022-09-23T16:17:00Z,2023-01-19T14:58:00Z,สมุทรสาคร,Samut Sakhon,department of highways,แสมดำ - สะพานข้ามแม่น้ำท่าจีนฝั่งตะวันตก,private/passenger car,debris/obstruction on the road,other,1,0,0,clear,13.57421389,100.2961367,straight road,no slope
6983533,2022-09-23T20:50:00Z,2022-09-26T14:59:00Z,กรุงเทพมหานคร,Bangkok,department of highways,แขวงคลองสองต้นนุ่น - พิมพา,private/passenger car,speeding,rear-end collision,2,0,0,clear,13.72924962,100.7335728,straight road,no slope
7072835,2022-09-24T00:05:00Z,2022-10-10T09:32:00Z,กรุงเทพมหานคร,Bangkok,department of highways,แขวงรามอินทรา - บางพลี,private/passenger car,speeding,rollover/fallen on straight road,1,0,1,rainy,13.7055325,100.6998387,straight road,no slope
6983481,2022-09-24T00:47:00Z,2022-09-26T14:45:00Z,กรุงเทพมหานคร,Bangkok,department of highways,แขวงคลองสองต้นนุ่น - พิมพา,private/passenger car,speeding,rear-end collision,2,0,0,clear,13.73414023,100.8014569,straight road,no slope
7072651,2022-09-24T02:00:00Z,2022-10-10T08:53:00Z,กรุงเทพมหานคร,Bangkok,department of highways,แขวงคลองสองต้นนุ่น - พิมพา,4-wheel pickup truck,speeding,rollover/fallen on straight road,1,0,0,rainy,13.73193856,100.7697183,other,other
6982390,2022-09-24T03:34:00Z,2022-09-26T10:54:00Z,สมุทรปราการ,Samut Prakan,expressway authority of thailand,บางพลี-สุขสวัสดิ์,4-wheel pickup truck,other,rear-end collision,3,0,1,rainy,13.626656,100.59576,merge lane,other