acc_code,incident_datetime,report_datetime,province_th,province_en,agency,route,vehicle_type,presumed_cause,accident_type,number_of_vehicles_involved,number_of_fatalities,number_of_injuries,weather_condition,latitude,longitude,road_description,slope_description
6969656,2022-09-24T04:10:00Z,2022-09-24T09:37:00Z,กรุงเทพมหานคร,Bangkok,department of highways,แขวงรามอินทรา - บางพลี,private/passenger car,speeding,rear-end collision,2,0,1,rainy,13.80872435,100.678609,straight road,no slope
7561725,2022-09-24T04:30:00Z,2023-01-17T14:02:00Z,ปทุมธานี,Pathum Thani,department of highways,วัดนาบุญ - คลอง 14,4-wheel pickup truck,speeding,rollover/fallen on straight road,1,0,0,clear,14.03121494,100.7613185,other,other
6982385,2022-09-24T09:41:00Z,2022-09-26T10:53:00Z,สมุทรปราการ,Samut Prakan,expressway authority of thailand,บางพลี-สุขสวัสดิ์,other,other,rear-end collision,3,0,5,clear,13.627777,100.593292,straight road,other
7072772,2022-09-24T14:00:00Z,2022-10-10T09:18:00Z,ปทุมธานี,Pathum Thani,department of highways,บางปะอิน - แขวงรามอินทรา,4-wheel pickup truck,vehicle equipment failure,rollover/fallen on straight road,1,0,2,clear,14.0418152,100.6984359,straight road,no slope
7565045,2022-09-24T14:30:00Z,2023-01-20T07:36:00Z,ปทุมธานี,Pathum Thani,department of highways,ต่างระดับรังสิต - สะพานคลองเปรม,large truck with trailer,speeding,rollover/fallen on straight road,2,0,1,clear,13.98760785,100.6109637,straight road,no slope
6983089,2022-09-24T15:00:00Z,2022-09-26T13:28:00Z,ปทุมธานี,Pathum Thani,department of highways,บางปะอิน - แขวงรามอินทรา,large truck with trailer,speeding,rollover/fallen on straight road,1,0,1,clear,14.08666514,100.69419,other,other
6975944,2022-09-24T16:43:00Z,2022-09-25T09:29:00Z,ปทุมธานี,Pathum Thani,department of highways,บางปะอิน - แขวงรามอินทรา,private/passenger car,speeding,rear-end collision,2,0,0,clear,14.1022401,100.6859234,straight road,no slope
7072814,2022-09-24T17:19:00Z,2022-10-10T09:29:00Z,ปทุมธานี,Pathum Thani,department of highways,บางปะอิน - แขวงรามอินทรา,large truck with trailer,vehicle equipment failure,other,1,0,0,clear,14.00430601,100.7067588,straight road,no slope
6983387,2022-09-24T20:38:00Z,2022-09-26T14:28:00Z,สมุทรปราการ,Samut Prakan,department of highways,แขวงคลองสองต้นนุ่น - พิมพา,4-wheel pickup truck,speeding,rear-end collision,3,0,0,clear,13.61873954,100.9236449,straight road,no slope
6983287,2022-09-24T20:47:00Z,2022-09-26T14:12:00Z,กรุงเทพมหานคร,Bangkok,department of highways,แขวงคลองสองต้นนุ่น - พิมพา,private/passenger car,speeding,rear-end collision,4,0,6,clear,13.72930174,100.7353914,straight road,no slope
6982210,2022-09-25T00:44:00Z,2022-09-26T10:13:00Z,กรุงเทพมหานคร,Bangkok,expressway authority of thailand,รามอินทรา-อาจณรงค์,other,other,collision with obstruction (on road surface),1,0,0,clear,NA,NA,wide curve,other
6974413,2022-09-25T01:36:00Z,2022-09-25T02:58:00Z,นนทบุรี,Nonthaburi,expressway authority of thailand,แจ้งวัฒนะ-พญาไท,other,other,rear-end collision,3,0,1,rainy,13.84740824,100.5331331,straight road,other
6976705,2022-09-25T01:52:00Z,2022-09-25T12:36:00Z,กรุงเทพมหานคร,Bangkok,department of highways,แขวงรามอินทรา - บางพลี,private/passenger car,speeding,rollover/fallen on straight road,1,0,1,clear,13.68733524,100.6995597,straight road,no slope
7041183,2022-09-25T03:57:00Z,2022-10-05T11:36:00Z,กรุงเทพมหานคร,Bangkok,department of highways,แขวงรามอินทรา - บางพลี,private/passenger car,speeding,rollover/fallen on straight road,1,0,1,rainy,13.79776357,100.6813529,straight road,no slope
7442515,2022-09-25T04:30:00Z,2022-12-08T10:23:00Z,ปทุมธานี,Pathum Thani,department of highways,ไม่ทราบ,6-wheel truck,speeding,rollover/fallen on straight road,1,0,3,rainy,14.06968158,100.4881802,straight road,no slope
6982704,2022-09-25T05:57:00Z,2022-09-26T11:53:00Z,กรุงเทพมหานคร,Bangkok,department of highways,แขวงคลองสองต้นนุ่น - พิมพา,4-wheel pickup truck,speeding,rear-end collision,2,0,0,rainy,13.73193595,100.7697236,straight road,no slope
7561740,2022-09-25T07:00:00Z,2023-01-17T14:13:00Z,ปทุมธานี,Pathum Thani,department of highways,ลำลูกกา - คลอง 16,private/passenger car,speeding,pedestrian collision,1,0,1,clear,13.9443369,100.7748493,other,other
6977078,2022-09-25T10:35:00Z,2022-09-25T14:02:00Z,ปทุมธานี,Pathum Thani,department of highways,บางปะอิน - แขวงรามอินทรา,4-wheel pickup truck,speeding,rear-end collision,3,0,0,clear,13.98554912,100.7131317,straight road,no slope
6977235,2022-09-25T11:25:00Z,2022-09-25T14:31:00Z,กรุงเทพมหานคร,Bangkok,department of highways,บางปะอิน - แขวงรามอินทรา,large truck with trailer,speeding,rear-end collision,2,0,0,clear,13.90064124,100.694713,straight road,no slope
6981690,2022-09-25T13:15:00Z,2022-09-26T08:20:00Z,กรุงเทพมหานคร,Bangkok,department of highways,บางปะอิน - แขวงรามอินทรา,4-wheel pickup truck,speeding,rollover/fallen on straight road,1,0,0,clear,13.84529911,100.6723192,straight road,no slope
6983976,2022-09-25T18:45:00Z,2022-09-26T16:11:00Z,นนทบุรี,Nonthaburi,department of rural roads,แยกทางหลวงหมายเลข 9 (กม.ที่ 31+100) - แยกทางหลวงชนบท นฐ.3004 (กม.ที่ 26+700),motorcycle,tailgating,other,2,0,1,clear,13.811412,100.351475,straight road,no slope
6981797,2022-09-25T19:53:00Z,2022-09-26T08:42:00Z,ปทุมธานี,Pathum Thani,department of highways,บางปะอิน - แขวงรามอินทรา,4-wheel pickup truck,speeding,rear-end collision,2,0,0,clear,13.94734874,100.7121071,straight road,no slope
6981986,2022-09-25T21:36:00Z,2022-09-26T09:28:00Z,กรุงเทพมหานคร,Bangkok,department of highways,แขวงรามอินทรา - บางพลี,4-wheel pickup truck,speeding,rollover/fallen on straight road,1,0,3,clear,13.68642312,100.6993452,straight road,no slope
7564435,2022-09-25T22:10:00Z,2023-01-19T14:50:00Z,สมุทรสาคร,Samut Sakhon,department of highways,แสมดำ - สะพานข้ามแม่น้ำท่าจีนฝั่งตะวันตก,motorcycle,speeding,rear-end collision,2,0,3,clear,13.59264668,100.3583211,other,other
6996018,2022-09-26T00:07:00Z,2022-09-28T14:26:00Z,กรุงเทพมหานคร,Bangkok,department of rural roads,สะพานภูมิพลที่ 1 ไปสะพานภูมิพลที่ 2,private/passenger car,tailgating,other,2,0,1,rainy,13.675162,100.539227,straight road,slope area
7561743,2022-09-26T06:35:00Z,2023-01-17T14:14:00Z,ปทุมธานี,Pathum Thani,department of highways,ลำลูกกา - คลอง 16,4-wheel pickup truck,speeding,rear-end collision,2,0,0,clear,13.93459825,100.7366198,straight road,no slope
6982624,2022-09-26T06:38:00Z,2022-09-26T11:39:00Z,กรุงเทพมหานคร,Bangkok,department of highways,แขวงคลองสองต้นนุ่น - พิมพา,4-wheel pickup truck,speeding,rollover/fallen on straight road,1,0,0,rainy,13.73151907,100.7642975,straight road,no slope
6989617,2022-09-26T07:39:00Z,2022-09-27T14:33:00Z,กรุงเทพมหานคร,Bangkok,department of highways,แขวงคลองสองต้นนุ่น - พิมพา,4-wheel pickup truck,speeding,rollover/fallen on straight road,1,0,0,clear,13.73403341,100.800553,straight road,no slope
6982237,2022-09-26T07:50:00Z,2022-09-26T10:19:00Z,กรุงเทพมหานคร,Bangkok,department of highways,แขวงคลองสองต้นนุ่น - พิมพา,4-wheel pickup truck,speeding,rear-end collision,2,0,0,rainy,13.73290521,100.79061,straight road,no slope
7033773,2022-09-26T09:50:00Z,2022-10-04T10:28:00Z,กรุงเทพมหานคร,Bangkok,department of highways,แขวงคลองสองต้นนุ่น - พิมพา,4-wheel pickup truck,speeding,rollover/fallen on straight road,1,0,0,clear,13.73151907,100.7642975,straight road,no slope
6984128,2022-09-26T10:27:00Z,2022-09-26T16:47:00Z,ปทุมธานี,Pathum Thani,department of highways,บางปะอิน - แขวงรามอินทรา,4-wheel pickup truck,speeding,rollover/fallen on straight road,1,0,1,clear,14.0091622,100.7042938,straight road,no slope
6984010,2022-09-26T11:35:00Z,2022-09-26T16:16:00Z,กรุงเทพมหานคร,Bangkok,department of highways,บางปะอิน - แขวงรามอินทรา,large truck with trailer,speeding,rear-end collision,2,0,0,rainy,13.90716071,100.6981248,straight road,no slope
6984165,2022-09-26T11:35:00Z,2022-09-26T17:00:00Z,กรุงเทพมหานคร,Bangkok,department of highways,บางปะอิน - แขวงรามอินทรา,4-wheel pickup truck,speeding,rear-end collision,2,0,3,rainy,13.88523749,100.6868541,straight road,no slope
7072694,2022-09-26T11:55:00Z,2022-10-10T09:04:00Z,กรุงเทพมหานคร,Bangkok,department of highways,บางปะอิน - แขวงรามอินทรา,4-wheel pickup truck,speeding,rollover/fallen on straight road,1,0,1,rainy,13.82916504,100.6741431,straight road,no slope
6983790,2022-09-26T12:45:00Z,2022-09-26T15:43:00Z,กรุงเทพมหานคร,Bangkok,department of highways,บางปะอิน - แขวงรามอินทรา,private/passenger car,speeding,rear-end collision,2,0,0,rainy,13.83004535,100.6740144,straight road,no slope
6983669,2022-09-26T13:30:00Z,2022-09-26T15:23:00Z,กรุงเทพมหานคร,Bangkok,department of highways,บางปะอิน - แขวงรามอินทรา,4-wheel pickup truck,speeding,rollover/fallen on straight road,1,0,2,rainy,13.88444072,100.6863633,straight road,no slope
6988190,2022-09-26T16:38:00Z,2022-09-27T09:09:00Z,กรุงเทพมหานคร,Bangkok,department of highways,ถนนศรีนครินทร - แขวงคลองสองต้นนุ่น,4-wheel pickup truck,speeding,rollover/fallen on straight road,1,0,1,clear,13.73156857,100.7114178,straight road,no slope
6988478,2022-09-26T19:50:00Z,2022-09-27T10:09:00Z,กรุงเทพมหานคร,Bangkok,department of highways,แขวงรามอินทรา - บางพลี,4-wheel pickup truck,speeding,rear-end collision,2,0,1,clear,13.72578158,100.7014587,straight road,no slope
7564449,2022-09-26T21:42:00Z,2023-01-19T15:00:00Z,สมุทรสาคร,Samut Sakhon,department of highways,แสมดำ - สะพานข้ามแม่น้ำท่าจีนฝั่งตะวันตก,private/passenger car,speeding,rear-end collision,2,0,0,clear,13.60314257,100.3706941,straight road,no slope
7414639,2022-09-26T22:00:00Z,2022-11-29T09:09:00Z,นครปฐม,Nakhon Pathom,department of highways,ดอนตูม - บางเลน,4-wheel pickup truck,speeding,rollover/fallen on straight road,1,0,0,clear,13.98015887,100.1627478,straight road,no slope
6988675,2022-09-27T07:45:00Z,2022-09-27T10:46:00Z,กรุงเทพมหานคร,Bangkok,department of highways,แขวงรามอินทรา - บางพลี,private/passenger car,speeding,rear-end collision,2,0,0,clear,13.76156432,100.6961185,straight road,no slope
6989671,2022-09-27T13:49:00Z,2022-09-27T14:49:00Z,กรุงเทพมหานคร,Bangkok,department of highways,แขวงคลองสองต้นนุ่น - พิมพา,4-wheel pickup truck,speeding,rear-end collision,2,0,0,clear,13.73062536,100.7209128,straight road,no slope
7561745,2022-09-27T14:28:00Z,2023-01-17T14:12:00Z,ปทุมธานี,Pathum Thani,department of highways,ลำลูกกา - คลอง 16,4-wheel pickup truck,speeding,rear-end collision,2,0,0,clear,13.95770116,100.8601114,other,other
6989951,2022-09-27T14:44:00Z,2022-09-27T15:31:00Z,กรุงเทพมหานคร,Bangkok,expressway authority of thailand,พญาไท-ศรีนครินทร์,other,other,collision with obstruction (on road surface),1,0,0,clear,NA,NA,other,other
6995787,2022-09-27T21:21:00Z,2022-09-28T13:38:00Z,กรุงเทพมหานคร,Bangkok,department of highways,แขวงคลองสองต้นนุ่น - พิมพา,large truck with trailer,speeding,rear-end collision,2,0,0,clear,13.72213109,100.8141732,straight road,no slope
6996020,2022-09-28T02:55:00Z,2022-09-28T14:26:00Z,กรุงเทพมหานคร,Bangkok,department of rural roads,สะพานภูมิพลที่ 1 ไปสะพานภูมิพลที่ 2,motorcycle,running red lights/traffic signals,other,1,1,0,clear,13.673304,100.538932,straight road,slope area
7564468,2022-09-28T04:35:00Z,2023-01-19T15:11:00Z,สมุทรสาคร,Samut Sakhon,department of highways,แสมดำ - สะพานข้ามแม่น้ำท่าจีนฝั่งตะวันตก,private/passenger car,speeding,rollover/fallen on straight road,1,0,0,clear,13.57736607,100.3022253,straight road,no slope
7567879,2022-09-28T14:50:00Z,2023-01-24T07:05:00Z,นครปฐม,Nakhon Pathom,department of highways,หนองปลาไหล - กำแพงแสน,private/passenger car,speeding,rear-end collision,3,0,1,clear,14.03401148,99.99137877,straight road,no slope
7567871,2022-09-28T17:30:00Z,2023-01-24T06:59:00Z,นครปฐม,Nakhon Pathom,department of highways,บางเลน - ลำลูกบัว,large truck with trailer,speeding,rollover/fallen on straight road,1,0,0,clear,14.02484653,100.1421417,other,other
7008411,2022-09-28T19:00:00Z,2022-09-30T12:58:00Z,กรุงเทพมหานคร,Bangkok,department of rural roads,ออกจากสะพานภูมิพลที่ 2 ไปถนนวงแหวนอุตสาหกรรม,motorcycle,tailgating,other,3,0,1,clear,13.678696,100.539712,straight road,slope area
7564948,2022-09-28T19:35:00Z,2023-01-20T06:27:00Z,สมุทรปราการ,Samut Prakan,department of highways,บางนา - ทางเข้าท่าอากาศยานสุวรรณภูมิ,motorcycle,speeding,rear-end collision,2,0,1,clear,13.63409699,100.710011,other,other
7001972,2022-09-28T20:29:00Z,2022-09-29T11:51:00Z,สมุทรปราการ,Samut Prakan,department of highways,แขวงคลองสองต้นนุ่น - พิมพา,private/passenger car,speeding,rear-end collision,6,0,0,rainy,13.62955489,100.906806,straight road,no slope
7008414,2022-09-29T00:04:00Z,2022-09-30T12:59:00Z,กรุงเทพมหานคร,Bangkok,department of rural roads,สะพานภูมิพลที่ 2 ไปสะพานภูมิพลที่ 1,private/passenger car,abrupt lane change,other,2,0,0,rainy,13.679887,100.539782,straight road,slope area
7026505,2022-09-29T00:06:00Z,2022-10-03T08:30:00Z,กรุงเทพมหานคร,Bangkok,expressway authority of thailand,ดินแดง-ท่าเรือ,other,other,rollover/fallen on straight road,1,0,0,rainy,NA,NA,straight road,other
7026499,2022-09-29T00:09:00Z,2022-10-03T08:28:00Z,กรุงเทพมหานคร,Bangkok,expressway authority of thailand,ดินแดง-ท่าเรือ,other,other,collision with obstruction (on road surface),1,0,0,rainy,13.72626288,100.5524935,straight road,other
7048468,2022-09-29T01:00:00Z,2022-10-06T14:05:00Z,สมุทรปราการ,Samut Prakan,department of highways,แขวงรามอินทรา - บางพลี,4-wheel pickup truck,speeding,rollover/fallen on curved road,1,0,1,rainy,13.64965673,100.6873155,wide curve,no slope
7001268,2022-09-29T01:16:00Z,2022-09-29T09:03:00Z,ปทุมธานี,Pathum Thani,department of highways,บางปะอิน - แขวงรามอินทรา,4-wheel pickup truck,speeding,rollover/fallen on straight road,1,0,0,rainy,14.00924548,100.704259,straight road,no slope
7028569,2022-09-29T01:57:00Z,2022-10-03T15:06:00Z,สมุทรปราการ,Samut Prakan,expressway authority of thailand,บางพลี-สุขสวัสดิ์,other,other,side collision,2,0,1,rainy,13.602477,100.651485,wide curve,other
7564472,2022-09-29T03:30:00Z,2023-01-19T15:16:00Z,สมุทรสาคร,Samut Sakhon,department of highways,อ้อมน้อย - สมุทรสาคร,4-wheel pickup truck,speeding,rollover/fallen on straight road,1,1,0,rainy,13.63369947,100.2961019,straight road,no slope
7048437,2022-09-29T03:49:00Z,2022-10-06T14:04:00Z,กรุงเทพมหานคร,Bangkok,department of highways,แขวงรามอินทรา - บางพลี,4-wheel pickup truck,speeding,rollover/fallen on straight road,1,0,0,rainy,13.75932904,100.6970867,straight road,no slope
7561795,2022-09-29T05:30:00Z,2023-01-17T14:43:00Z,ปทุมธานี,Pathum Thani,department of highways,คลองบางไผ่ - คลองบางหลวง,7-10-wheel truck,speeding,rollover/fallen on straight road,1,0,1,rainy,13.98283449,100.4405147,straight road,no slope
7015288,2022-09-29T06:01:00Z,2022-10-01T11:29:00Z,กรุงเทพมหานคร,Bangkok,department of highways,ถนนศรีนครินทร - แขวงคลองสองต้นนุ่น,private/passenger car,speeding,rear-end collision,2,0,0,rainy,13.74048719,100.6469455,straight road,no slope
7560807,2022-09-29T09:30:00Z,2023-01-16T14:23:00Z,กรุงเทพมหานคร,Bangkok,department of highways,ดินแดง - งามวงศ์วาน,motorcycle,cutting in closely by people/vehicles/animals,rear-end collision,2,0,2,clear,13.81417875,100.5592636,straight road,no slope
7429045,2022-09-29T10:10:00Z,2022-12-03T10:07:00Z,ปทุมธานี,Pathum Thani,department of highways,ไม่ทราบ,4-wheel pickup truck,speeding,rollover/fallen on straight road,1,0,0,clear,14.02127394,100.7370151,straight road,no slope
7015329,2022-09-29T11:00:00Z,2022-10-01T11:44:00Z,กรุงเทพมหานคร,Bangkok,department of highways,แขวงรามอินทรา - บางพลี,4-wheel pickup truck,speeding,collision with obstruction (on road surface),1,0,0,rainy,13.70552729,100.6999943,straight road,no slope
7564426,2022-09-29T15:00:00Z,2023-01-19T14:49:00Z,สมุทรสาคร,Samut Sakhon,department of highways,แสมดำ - สะพานข้ามแม่น้ำท่าจีนฝั่งตะวันตก,4-wheel pickup truck,speeding,rear-end collision,2,0,0,rainy,13.602493430000001,100.3700504,straight road,no slope
7564451,2022-09-29T15:07:00Z,2023-01-19T15:01:00Z,สมุทรสาคร,Samut Sakhon,department of highways,แสมดำ - สะพานข้ามแม่น้ำท่าจีนฝั่งตะวันตก,private/passenger car,speeding,rear-end collision,2,0,0,rainy,13.59926598,100.3668156,straight road,no slope
7014439,2022-09-29T18:44:00Z,2022-10-01T08:49:00Z,กรุงเทพมหานคร,Bangkok,department of highways,บางปะอิน - แขวงรามอินทรา,4-wheel pickup truck,speeding,rollover/fallen on straight road,1,0,0,clear,13.8803865,100.6843409,straight road,no slope
7560687,2022-09-29T19:20:00Z,2023-01-16T11:08:00Z,กรุงเทพมหานคร,Bangkok,department of highways,ดินแดง - งามวงศ์วาน,4-wheel pickup truck,driving under the influence of alcohol,rear-end collision,2,0,0,clear,13.81237815,100.5594445,straight road,no slope
7015401,2022-09-29T20:23:00Z,2022-10-01T11:59:00Z,กรุงเทพมหานคร,Bangkok,department of highways,แขวงรามอินทรา - บางพลี,4-wheel pickup truck,debris/obstruction on the road,collision with obstruction (on road surface),2,0,0,clear,13.7652168,100.6941444,straight road,no slope
7028596,2022-09-29T22:54:00Z,2022-10-03T15:09:00Z,สมุทรปราการ,Samut Prakan,expressway authority of thailand,บางพลี-สุขสวัสดิ์,large truck with trailer,other,rear-end collision,2,0,0,clear,13.637842,100.548964,straight road,other
7026661,2022-09-30T03:02:00Z,2022-10-03T09:06:00Z,สมุทรปราการ,Samut Prakan,expressway authority of thailand,บางพลี-สุขสวัสดิ์,large truck with trailer,other,rear-end collision,2,0,1,clear,13.631556,100.580091,merge lane,other
7048465,2022-09-30T06:48:00Z,2022-10-06T14:08:00Z,ปทุมธานี,Pathum Thani,department of highways,บางปะอิน - แขวงรามอินทรา,private/passenger car,speeding,rollover/fallen on straight road,1,0,0,clear,13.94470394,100.7114714,straight road,no slope
7015379,2022-09-30T09:01:00Z,2022-10-01T11:52:00Z,ปทุมธานี,Pathum Thani,department of highways,บางปะอิน - แขวงรามอินทรา,4-wheel pickup truck,vehicle equipment failure,rollover/fallen on straight road,1,0,0,clear,14.15697423,100.6547776,straight road,no slope
7007891,2022-09-30T09:21:00Z,2022-09-30T11:10:00Z,กรุงเทพมหานคร,Bangkok,expressway authority of thailand,แจ้งวัฒนะ-พญาไท,other,other,collision with obstruction (on road surface),1,0,0,clear,13.81367245,100.5504814,wide curve,other
7146311,2022-09-30T13:45:00Z,2022-10-21T11:17:00Z,สมุทรสาคร,Samut Sakhon,department of highways,สะพานข้ามแม่น้ำท่าจีนฝั่งตะวันตก - นาโคก,private/passenger car,speeding,rear-end collision,2,0,0,clear,13.53313254,100.2100459,straight road,no slope
7026588,2022-09-30T18:04:00Z,2022-10-03T08:51:00Z,กรุงเทพมหานคร,Bangkok,department of highways,แขวงคลองสองต้นนุ่น - พิมพา,4-wheel pickup truck,speeding,rear-end collision,3,0,0,clear,13.72967694,100.7517636,straight road,no slope
7026521,2022-09-30T18:48:00Z,2022-10-03T08:36:00Z,กรุงเทพมหานคร,Bangkok,expressway authority of thailand,รามอินทรา-อาจณรงค์,other,other,rear-end collision,4,0,0,clear,13.7721,100.606041,straight road,other
7011169,2022-09-30T21:33:00Z,2022-09-30T22:04:00Z,กรุงเทพมหานคร,Bangkok,expressway authority of thailand,พญาไท-บางโคล่,other,other,collision with obstruction (on road surface),1,0,0,clear,NA,NA,grade-separated intersection/ramps,other
7026665,2022-09-30T23:24:00Z,2022-10-03T09:05:00Z,สมุทรปราการ,Samut Prakan,department of highways,แขวงคลองสองต้นนุ่น - พิมพา,large truck with trailer,speeding,rear-end collision,2,0,0,clear,13.67039277,100.843294,straight road,no slope
7042392,2022-10-01T01:00:00Z,2022-10-05T15:31:00Z,กรุงเทพมหานคร,Bangkok,department of highways,ถนนศรีนครินทร - แขวงคลองสองต้นนุ่น,private/passenger car,speeding,rollover/fallen on straight road,1,0,0,clear,13.7405367,100.6470796,straight road,no slope
7564423,2022-10-01T03:50:00Z,2023-01-19T14:48:00Z,สมุทรสาคร,Samut Sakhon,department of highways,แสมดำ - สะพานข้ามแม่น้ำท่าจีนฝั่งตะวันตก,van,speeding,rear-end collision,2,0,0,clear,13.54508089,100.2567807,straight road,no slope
7561670,2022-10-01T04:34:00Z,2023-01-17T12:02:00Z,กรุงเทพมหานคร,Bangkok,department of highways,อรุณอมรินทร์ - พุทธมณฑลสาย 4,motorcycle,speeding,rear-end collision,2,0,2,clear,13.78362684,100.4015073,straight road,no slope
7561169,2022-10-01T06:32:00Z,2023-01-17T06:19:00Z,กรุงเทพมหานคร,Bangkok,expressway authority of thailand,ดินแดง-ท่าเรือ,other,other,rollover/fallen on straight road,1,0,0,clear,NA,NA,wide curve,other
7015310,2022-10-01T07:36:00Z,2022-10-01T11:37:00Z,กรุงเทพมหานคร,Bangkok,expressway authority of thailand,พญาไท-ศรีนครินทร์,other,other,rollover/fallen on straight road,1,0,1,clear,13.75587356,100.552356,straight road,other
7015372,2022-10-01T08:41:00Z,2022-10-01T11:51:00Z,กรุงเทพมหานคร,Bangkok,expressway authority of thailand,พญาไท-บางโคล่,4-wheel pickup truck,other,side collision,2,0,1,clear,13.77097101,100.5293172,straight road,other
7073481,2022-10-01T12:00:00Z,2022-10-10T11:30:00Z,กรุงเทพมหานคร,Bangkok,department of highways,บางปะอิน - แขวงรามอินทรา,6-wheel truck,speeding,rear-end collision,2,0,0,clear,13.8480414,100.6727993,straight road,no slope
7020746,2022-10-01T12:03:00Z,2022-10-02T08:24:00Z,ปทุมธานี,Pathum Thani,department of highways,บางปะอิน - แขวงรามอินทรา,6-wheel truck,speeding,rear-end collision,2,0,0,clear,13.95458012,100.7126194,straight road,no slope
7564937,2022-10-01T12:20:00Z,2023-01-20T06:11:00Z,สมุทรปราการ,Samut Prakan,department of highways,บางพลี - กิ่งแก้ว,motorcycle,speeding,rear-end collision,3,1,1,clear,13.68233159,100.725309,straight road,no slope
7551780,2022-10-01T12:52:00Z,2023-01-05T14:07:00Z,กรุงเทพมหานคร,Bangkok,expressway authority of thailand,พญาไท-บางโคล่,other,other,rear-end collision,3,0,2,clear,13.76594083,100.5272833,straight road,other
7527308,2022-10-01T17:54:00Z,2022-12-31T10:37:00Z,กรุงเทพมหานคร,Bangkok,department of highways,บางแค - คลองมหาสวัสดิ์,4-wheel pickup truck,speeding,rear-end collision,2,0,0,clear,13.77325623,100.4077823,straight road,no slope
7055037,2022-10-01T20:02:00Z,2022-10-07T13:24:00Z,กรุงเทพมหานคร,Bangkok,department of highways,แขวงคลองสองต้นนุ่น - พิมพา,4-wheel pickup truck,speeding,rear-end collision,3,0,1,clear,13.73086247,100.7616502,straight road,no slope
7055747,2022-10-01T21:55:00Z,2022-10-07T15:34:00Z,กรุงเทพมหานคร,Bangkok,department of highways,แขวงคลองสองต้นนุ่น - พิมพา,private/passenger car,speeding,rear-end collision,2,0,0,clear,13.72975771,100.7544914,straight road,no slope
7055719,2022-10-01T22:46:00Z,2022-10-07T15:25:00Z,สมุทรปราการ,Samut Prakan,department of highways,แขวงคลองสองต้นนุ่น - พิมพา,4-wheel pickup truck,speeding,rear-end collision,2,0,0,clear,13.66891243,100.8455872,straight road,no slope
7551781,2022-10-01T23:56:00Z,2023-01-05T14:08:00Z,กรุงเทพมหานคร,Bangkok,expressway authority of thailand,พญาไท-บางโคล่,other,other,rollover/fallen on straight road,1,0,1,rainy,13.72235135,100.5178357,straight road,other
7227489,2022-10-02T00:18:00Z,2022-11-02T13:34:00Z,กรุงเทพมหานคร,Bangkok,expressway authority of thailand,บางพลี-สุขสวัสดิ์,other,other,other,1,0,0,rainy,NA,NA,wide curve,other
7560656,2022-10-02T00:25:00Z,2023-01-16T10:53:00Z,กรุงเทพมหานคร,Bangkok,department of highways,ดินแดง - งามวงศ์วาน,private/passenger car,reversing vehicle,head-on collision (not overtaking),2,0,0,clear,13.81237815,100.5594445,straight road,no slope
7019500,2022-10-02T00:42:00Z,2022-10-02T02:12:00Z,กรุงเทพมหานคร,Bangkok,expressway authority of thailand,แจ้งวัฒนะ-พญาไท,other,other,side collision,1,0,0,rainy,NA,NA,other,other
7219294,2022-10-02T03:25:00Z,2022-11-01T09:31:00Z,กรุงเทพมหานคร,Bangkok,expressway authority of thailand,บางนา-ท่าเรือ,other,other,side collision,2,0,1,clear,13.71130891,100.5795732,straight road,other
7445754,2022-10-02T08:30:00Z,2022-12-09T09:06:00Z,สมุทรสาคร,Samut Sakhon,department of highways,ไม่ทราบ,4-wheel pickup truck,speeding,rollover/fallen on straight road,1,0,0,clear,13.52337158,100.1811021,straight road,no slope
7027127,2022-10-02T14:44:00Z,2022-10-03T10:45:00Z,กรุงเทพมหานคร,Bangkok,department of highways,บางปะอิน - แขวงรามอินทรา,private/passenger car,speeding,rear-end collision,2,0,1,clear,13.87150709,100.6796712,straight road,no slope
7023256,2022-10-02T17:27:00Z,2022-10-02T18:54:00Z,กรุงเทพมหานคร,Bangkok,expressway authority of thailand,หมอชิต-กาญจนาฯ,other,other,rollover/fallen on straight road,1,0,0,rainy,NA,NA,y-intersection,other
7560746,2022-10-02T22:00:00Z,2023-01-16T12:09:00Z,สมุทรปราการ,Samut Prakan,expressway authority of thailand,บางนา-ชลบุรี,other,other,rear-end collision,2,0,3,clear,13.654322,100.673775,straight road,other
7146358,2022-10-03T05:30:00Z,2022-10-21T11:26:00Z,สมุทรสาคร,Samut Sakhon,department of highways,แสมดำ - สะพานข้ามแม่น้ำท่าจีนฝั่งตะวันตก,4-wheel pickup truck,speeding,rear-end collision,2,0,0,clear,13.54538337,100.2574485,straight road,no slope
7561526,2022-10-03T08:30:00Z,2023-01-17T10:18:00Z,กรุงเทพมหานคร,Bangkok,department of highways,อรุณอมรินทร์ - พุทธมณฑลสาย 4,private/passenger car,speeding,rear-end collision,4,0,0,clear,13.78678925,100.3741716,straight road,no slope