acc_code,incident_datetime,report_datetime,province_th,province_en,agency,route,vehicle_type,presumed_cause,accident_type,number_of_vehicles_involved,number_of_fatalities,number_of_injuries,weather_condition,latitude,longitude,road_description,slope_description
7227490,2022-10-03T09:23:00Z,2022-11-02T13:34:00Z,สมุทรปราการ,Samut Prakan,expressway authority of thailand,บางพลี-สุขสวัสดิ์,other,other,rear-end collision,3,0,0,clear,13.625147,100.667528,straight road,other
7444980,2022-10-03T09:50:00Z,2022-12-08T15:17:00Z,สมุทรสาคร,Samut Sakhon,department of highways,ไม่ทราบ,private/passenger car,speeding,rear-end collision,2,0,0,clear,13.53135927,100.204778,straight road,no slope
7033171,2022-10-03T12:04:00Z,2022-10-04T08:48:00Z,ปทุมธานี,Pathum Thani,department of highways,บางปะอิน - แขวงรามอินทรา,4-wheel pickup truck,speeding,rear-end collision,2,0,0,clear,13.95821135,100.7126838,straight road,no slope
7033395,2022-10-03T15:45:00Z,2022-10-04T09:21:00Z,กรุงเทพมหานคร,Bangkok,department of highways,แขวงรามอินทรา - บางพลี,private/passenger car,speeding,rear-end collision,3,0,1,rainy,13.81203488,100.6777266,straight road,no slope
7074219,2022-10-03T16:12:00Z,2022-10-10T14:05:00Z,กรุงเทพมหานคร,Bangkok,department of highways,แขวงคลองสองต้นนุ่น - พิมพา,4-wheel pickup truck,speeding,rollover/fallen on straight road,1,0,0,rainy,13.73290782,100.7906073,straight road,no slope
7073482,2022-10-03T19:27:00Z,2022-10-10T11:34:00Z,กรุงเทพมหานคร,Bangkok,department of highways,แขวงรามอินทรา - บางพลี,4-wheel pickup truck,speeding,rollover/fallen on straight road,1,0,0,rainy,13.74766249,100.7026201,straight road,no slope
7074218,2022-10-03T20:40:00Z,2022-10-10T14:09:00Z,กรุงเทพมหานคร,Bangkok,department of highways,แขวงคลองสองต้นนุ่น - พิมพา,private/passenger car,speeding,rollover/fallen on straight road,1,0,0,clear,13.72924962,100.7335675,straight road,no slope
7565233,2022-10-03T20:40:00Z,2023-01-20T09:32:00Z,กรุงเทพมหานคร,Bangkok,department of highways,แยกเข้ามีนบุรี - คลองหลวงแพ่ง,private/passenger car,speeding,rollover/fallen on straight road,1,0,1,clear,13.80740862,100.8949448,straight road,no slope
7055932,2022-10-03T20:55:00Z,2022-10-07T15:57:00Z,กรุงเทพมหานคร,Bangkok,department of highways,แขวงคลองสองต้นนุ่น - พิมพา,4-wheel pickup truck,speeding,rear-end collision,3,0,0,clear,13.72924962,100.7335728,straight road,no slope
7564392,2022-10-03T21:00:00Z,2023-01-19T14:29:00Z,นครปฐม,Nakhon Pathom,department of highways,กระทุ่มล้ม - พุทธมณฑล,4-wheel pickup truck,speeding,rollover/fallen on straight road,1,0,1,rainy,13.74699124,100.3291617,straight road,no slope
7033616,2022-10-03T22:07:00Z,2022-10-04T10:01:00Z,กรุงเทพมหานคร,Bangkok,department of highways,ถนนศรีนครินทร - แขวงคลองสองต้นนุ่น,private/passenger car,speeding,rear-end collision,2,0,0,clear,13.7331788,100.7020354,straight road,no slope
7561531,2022-10-04T08:00:00Z,2023-01-17T10:19:00Z,กรุงเทพมหานคร,Bangkok,department of highways,อรุณอมรินทร์ - พุทธมณฑลสาย 4,motorcycle,speeding,rear-end collision,3,0,2,clear,13.78577723,100.3803286,straight road,no slope
7073508,2022-10-04T08:13:00Z,2022-10-10T11:39:00Z,ปทุมธานี,Pathum Thani,department of highways,บางปะอิน - แขวงรามอินทรา,6-wheel truck,speeding,rear-end collision,2,0,0,clear,14.06636694,100.6968319,straight road,no slope
7055327,2022-10-04T08:45:00Z,2022-10-07T14:15:00Z,กรุงเทพมหานคร,Bangkok,department of highways,แขวงคลองสองต้นนุ่น - พิมพา,private/passenger car,speeding,rear-end collision,2,0,0,clear,13.73062536,100.7209128,straight road,no slope
7444979,2022-10-04T09:30:00Z,2022-12-08T15:23:00Z,สมุทรสาคร,Samut Sakhon,department of highways,ไม่ทราบ,4-wheel pickup truck,speeding,rear-end collision,4,0,0,clear,13.52997455,100.2006903,straight road,no slope
7444867,2022-10-04T10:00:00Z,2022-12-08T15:06:00Z,สมุทรสาคร,Samut Sakhon,department of highways,ไม่ทราบ,4-wheel pickup truck,speeding,rear-end collision,2,0,0,clear,13.53525784,100.2163598,straight road,no slope
7053821,2022-10-04T10:45:00Z,2022-10-07T09:10:00Z,กรุงเทพมหานคร,Bangkok,department of highways,แขวงรามอินทรา - บางพลี,4-wheel pickup truck,speeding,rear-end collision,2,0,1,clear,13.76519075,100.6941658,straight road,no slope
7567873,2022-10-04T10:45:00Z,2023-01-24T07:00:00Z,นครปฐม,Nakhon Pathom,department of highways,หนองปลาไหล - กำแพงแสน,large truck with trailer,falling asleep,rear-end collision,2,0,3,clear,13.97609072,99.99585806,straight road,no slope
7561536,2022-10-04T11:26:00Z,2023-01-17T10:23:00Z,กรุงเทพมหานคร,Bangkok,department of highways,อรุณอมรินทร์ - พุทธมณฑลสาย 4,private/passenger car,speeding,collision with obstruction (on road surface),2,0,0,clear,13.78774786,100.3648563,straight road,no slope
7561662,2022-10-04T14:00:00Z,2023-01-17T11:58:00Z,กรุงเทพมหานคร,Bangkok,department of highways,อรุณอมรินทร์ - พุทธมณฑลสาย 4,motorcycle,speeding,rear-end collision,2,0,0,clear,13.78506697,100.3916257,straight road,no slope
7219726,2022-10-04T21:37:00Z,2022-11-01T10:45:00Z,สมุทรปราการ,Samut Prakan,expressway authority of thailand,บางพลี-สุขสวัสดิ์,4-wheel pickup truck,other,side collision,2,0,0,clear,13.640577,100.680334,straight road,other
7219715,2022-10-04T21:41:00Z,2022-11-01T10:43:00Z,สมุทรปราการ,Samut Prakan,expressway authority of thailand,บางพลี-สุขสวัสดิ์,4-wheel pickup truck,other,rear-end collision,2,0,1,clear,13.605056,100.65487,straight road,other
7042521,2022-10-04T22:30:00Z,2022-10-05T16:04:00Z,กรุงเทพมหานคร,Bangkok,department of highways,แขวงคลองสองต้นนุ่น - พิมพา,large truck with trailer,speeding,rollover/fallen on straight road,1,0,0,clear,13.72947631,100.7417589,straight road,no slope
7561654,2022-10-05T01:00:00Z,2023-01-17T11:51:00Z,กรุงเทพมหานคร,Bangkok,department of highways,อรุณอมรินทร์ - พุทธมณฑลสาย 4,private/passenger car,speeding,rollover/fallen on straight road,1,0,1,clear,13.78294954,100.4122107,straight road,no slope
7219393,2022-10-05T01:42:00Z,2022-11-01T09:51:00Z,กรุงเทพมหานคร,Bangkok,expressway authority of thailand,รามอินทรา-วงแหวนรอบนอก,van,other,rear-end collision,2,0,0,clear,13.887785,100.652108,wide curve,other
7042412,2022-10-05T07:08:00Z,2022-10-05T15:36:00Z,สมุทรปราการ,Samut Prakan,department of highways,แขวงคลองสองต้นนุ่น - พิมพา,large truck with trailer,speeding,rear-end collision,2,0,1,clear,13.70173576,100.8242342,straight road,no slope
7219485,2022-10-05T08:29:00Z,2022-11-01T10:06:00Z,กรุงเทพมหานคร,Bangkok,expressway authority of thailand,อาจณรงค์-บางนา,other,other,rear-end collision,3,0,0,clear,13.682886,100.60288,straight road,other
7561538,2022-10-05T09:15:00Z,2023-01-17T10:23:00Z,กรุงเทพมหานคร,Bangkok,department of highways,อรุณอมรินทร์ - พุทธมณฑลสาย 4,motorcycle,cutting in closely by people/vehicles/animals,rear-end collision,2,0,1,clear,13.78542165,100.3839254,straight road,no slope
7118195,2022-10-05T10:30:00Z,2022-10-17T11:04:00Z,นนทบุรี,Nonthaburi,department of highways,คลองบางไผ่ - คลองบางหลวง,large truck with trailer,speeding,rollover/fallen on straight road,1,0,0,clear,13.92790253,100.4140949,straight road,no slope
7053897,2022-10-05T11:15:00Z,2022-10-07T09:32:00Z,กรุงเทพมหานคร,Bangkok,department of highways,แขวงรามอินทรา - บางพลี,large truck with trailer,speeding,rear-end collision,2,0,0,clear,13.77532465,100.6884044,straight road,no slope
7226968,2022-10-05T11:53:00Z,2022-11-02T11:28:00Z,กรุงเทพมหานคร,Bangkok,expressway authority of thailand,พญาไท-ศรีนครินทร์,other,other,side collision,1,0,0,clear,NA,NA,other,other
7564416,2022-10-05T13:00:00Z,2023-01-19T14:45:00Z,สมุทรสาคร,Samut Sakhon,department of highways,แสมดำ - สะพานข้ามแม่น้ำท่าจีนฝั่งตะวันตก,private/passenger car,speeding,rear-end collision,2,0,1,clear,13.58112309,100.3095397,straight road,no slope
7042336,2022-10-05T13:59:00Z,2022-10-05T15:21:00Z,กรุงเทพมหานคร,Bangkok,department of highways,แขวงคลองสองต้นนุ่น - พิมพา,private/passenger car,speeding,rear-end collision,3,0,0,clear,13.72983327,100.7281494,straight road,no slope
7564158,2022-10-05T14:00:00Z,2023-01-19T10:52:00Z,สมุทรสาคร,Samut Sakhon,department of highways,แสมดำ - สะพานข้ามแม่น้ำท่าจีนฝั่งตะวันตก,4-wheel pickup truck,speeding,rear-end collision,2,0,0,clear,13.5623914,100.2764556,straight road,no slope
7046236,2022-10-05T19:47:00Z,2022-10-06T05:33:00Z,ปทุมธานี,Pathum Thani,expressway authority of thailand,บางปะอิน-แจ้งวัฒนะ,other,other,side collision,1,0,0,clear,14.038673,100.580598,straight road,other
7093916,2022-10-05T20:20:00Z,2022-10-13T12:00:00Z,สมุทรปราการ,Samut Prakan,department of rural roads,ทางเข้าถนนสุขสวัสดิ์สู่ถนนวงแหวนอุตสาหกรรม,private/passenger car,speeding,other,2,0,0,rainy,13.664782,100.518283,u-turn area,other
7561482,2022-10-05T21:10:00Z,2023-01-17T09:58:00Z,กรุงเทพมหานคร,Bangkok,department of highways,อรุณอมรินทร์ - พุทธมณฑลสาย 4,motorcycle,speeding,rollover/fallen on straight road,1,0,1,clear,13.78850459,100.357676,straight road,no slope
7267500,2022-10-05T21:19:00Z,2022-11-08T09:01:00Z,กรุงเทพมหานคร,Bangkok,expressway authority of thailand,พญาไท-ศรีนครินทร์,other,other,side collision,3,0,0,clear,NA,NA,straight road,other
7560747,2022-10-05T22:14:00Z,2023-01-16T12:10:00Z,สมุทรปราการ,Samut Prakan,expressway authority of thailand,บางนา-ชลบุรี,6-wheel truck,other,rear-end collision,3,1,4,clear,13.624968,100.728017,straight road,other
7047894,2022-10-05T23:20:00Z,2022-10-06T11:57:00Z,กรุงเทพมหานคร,Bangkok,department of highways,บางปะอิน - แขวงรามอินทรา,4-wheel pickup truck,speeding,rear-end collision,2,0,7,clear,13.82820399,100.6743979,straight road,no slope
7053980,2022-10-06T09:00:00Z,2022-10-07T09:53:00Z,กรุงเทพมหานคร,Bangkok,department of highways,แขวงรามอินทรา - บางพลี,4-wheel pickup truck,speeding,rear-end collision,2,0,0,clear,13.76921831,100.6919825,straight road,no slope
7561591,2022-10-06T09:15:00Z,2023-01-17T11:03:00Z,กรุงเทพมหานคร,Bangkok,department of highways,บางแค - คลองมหาสวัสดิ์,private/passenger car,speeding,rear-end collision,2,0,0,clear,13.76984615,100.4078668,straight road,no slope
7561527,2022-10-06T11:30:00Z,2023-01-17T10:15:00Z,กรุงเทพมหานคร,Bangkok,department of highways,อรุณอมรินทร์ - พุทธมณฑลสาย 4,private/passenger car,speeding,rear-end collision,2,0,0,clear,13.7872959,100.365732,straight road,no slope
7444883,2022-10-06T16:45:00Z,2022-12-08T15:07:00Z,สมุทรสาคร,Samut Sakhon,department of highways,ไม่ทราบ,4-wheel pickup truck,speeding,rear-end collision,2,0,0,clear,13.53458244,100.2143562,straight road,no slope
7178673,2022-10-06T18:30:00Z,2022-10-26T09:41:00Z,สมุทรสาคร,Samut Sakhon,department of highways,บ้านบ่อ - พระประโทน,4-wheel pickup truck,speeding,rollover/fallen on straight road,2,0,1,clear,13.63386108,100.0933912,straight road,no slope
7074215,2022-10-06T20:25:00Z,2022-10-10T14:10:00Z,สมุทรปราการ,Samut Prakan,department of highways,แขวงรามอินทรา - บางพลี,4-wheel pickup truck,speeding,rollover/fallen on curved road,1,0,0,rainy,13.64957072,100.6873315,wide curve,no slope
7074198,2022-10-06T22:00:00Z,2022-10-10T14:02:00Z,ปทุมธานี,Pathum Thani,department of highways,บางปะอิน - แขวงรามอินทรา,4-wheel pickup truck,speeding,rollover/fallen on curved road,1,0,0,clear,14.00699177,100.7043555,wide curve,no slope
7093919,2022-10-07T01:17:00Z,2022-10-13T12:01:00Z,สมุทรปราการ,Samut Prakan,department of rural roads,ถนนวงแหวนอุตสาหกรรมเข้าสะพานภูมิพลที่ 1,private/passenger car,abrupt lane change,other,2,0,0,rainy,13.665202,100.523302,straight road,no slope
7053928,2022-10-07T07:22:00Z,2022-10-07T09:42:00Z,กรุงเทพมหานคร,Bangkok,department of highways,แขวงคลองสองต้นนุ่น - พิมพา,private/passenger car,speeding,rear-end collision,3,0,1,clear,13.72986975,100.7572165,straight road,no slope
7074199,2022-10-07T07:45:00Z,2022-10-10T14:02:00Z,ปทุมธานี,Pathum Thani,department of highways,บางปะอิน - แขวงรามอินทรา,4-wheel pickup truck,vehicle equipment failure,rollover/fallen on straight road,1,0,12,clear,14.02445098,100.6984386,straight road,no slope
7561658,2022-10-07T08:35:00Z,2023-01-17T11:50:00Z,กรุงเทพมหานคร,Bangkok,department of highways,อรุณอมรินทร์ - พุทธมณฑลสาย 4,private/passenger car,cutting in closely by people/vehicles/animals,rear-end collision,3,0,0,clear,13.78263564,100.4150404,straight road,no slope
7119769,2022-10-07T10:00:00Z,2022-10-17T16:11:00Z,สมุทรปราการ,Samut Prakan,department of rural roads,ทางออกจากถนนวงแหวนอุตสาหกรรมสู่ถนนปู่เจ้าสมิงพราย,large truck with trailer,sudden stop,other,1,0,0,clear,13.649848,100.541166,y-intersection,other
7055255,2022-10-07T11:44:00Z,2022-10-07T14:01:00Z,กรุงเทพมหานคร,Bangkok,department of highways,แขวงคลองสองต้นนุ่น - พิมพา,4-wheel pickup truck,speeding,rear-end collision,3,0,0,clear,13.72930955,100.7326662,straight road,no slope
7139401,2022-10-07T11:55:00Z,2022-10-20T10:43:00Z,กรุงเทพมหานคร,Bangkok,department of highways,แขวงรามอินทรา - บางพลี,large truck with trailer,speeding,rollover/fallen on straight road,1,0,0,clear,13.66321512,100.696561,straight road,no slope
7074029,2022-10-07T12:19:00Z,2022-10-10T13:35:00Z,สมุทรปราการ,Samut Prakan,department of highways,แขวงคลองสองต้นนุ่น - พิมพา,4-wheel pickup truck,speeding,rollover/fallen on straight road,1,0,0,clear,13.67351501,100.8388227,straight road,no slope
7561146,2022-10-07T14:35:00Z,2023-01-17T06:03:00Z,กรุงเทพมหานคร,Bangkok,expressway authority of thailand,พญาไท-ศรีนครินทร์,other,other,rear-end collision,2,0,0,clear,NA,NA,straight road,other
7561602,2022-10-07T18:23:00Z,2023-01-17T11:04:00Z,กรุงเทพมหานคร,Bangkok,department of highways,บางแค - คลองมหาสวัสดิ์,private/passenger car,speeding,rear-end collision,2,0,0,clear,13.78489415,100.4097605,straight road,no slope
7061266,2022-10-07T19:01:00Z,2022-10-08T11:33:00Z,กรุงเทพมหานคร,Bangkok,department of highways,บางปะอิน - แขวงรามอินทรา,4-wheel pickup truck,speeding,rollover/fallen on straight road,1,0,0,clear,13.88520104,100.6868487,straight road,no slope
7073321,2022-10-07T19:23:00Z,2022-10-10T10:59:00Z,สมุทรปราการ,Samut Prakan,department of highways,แขวงคลองสองต้นนุ่น - พิมพา,private/passenger car,speeding,rear-end collision,3,0,0,rainy,13.66398658,100.8532342,straight road,no slope
7119792,2022-10-07T20:40:00Z,2022-10-17T16:18:00Z,สมุทรปราการ,Samut Prakan,department of rural roads,สะพานภูมิพลที่ 2 ไปสะพานภูมิพลที่ 1,motorcycle,speeding,other,2,0,1,rainy,13.649687,100.541252,straight road,slope area
7527282,2022-10-07T20:40:00Z,2022-12-31T10:32:00Z,กรุงเทพมหานคร,Bangkok,department of highways,บางแค - คลองมหาสวัสดิ์,private/passenger car,speeding,rear-end collision,2,0,0,clear,13.70038071,100.4067564,straight road,no slope
7061401,2022-10-07T21:20:00Z,2022-10-08T12:00:00Z,ปทุมธานี,Pathum Thani,department of highways,บางปะอิน - แขวงรามอินทรา,4-wheel pickup truck,speeding,rollover/fallen on straight road,1,0,0,clear,13.9933649,100.7112944,straight road,no slope
7564107,2022-10-07T22:00:00Z,2023-01-19T10:27:00Z,นครปฐม,Nakhon Pathom,department of highways,กระทุ่มล้ม - พุทธมณฑล,4-wheel pickup truck,speeding,rollover/fallen on straight road,2,0,0,clear,13.7764181,100.3280767,other,other
7119368,2022-10-08T01:56:00Z,2022-10-17T14:57:00Z,สมุทรปราการ,Samut Prakan,department of highways,แขวงรามอินทรา - บางพลี,private/passenger car,speeding,rollover/fallen on straight road,1,0,0,clear,13.65378532,100.6900996,straight road,no slope
7124245,2022-10-08T04:00:00Z,2022-10-18T08:54:00Z,กรุงเทพมหานคร,Bangkok,department of rural roads,สะพานภูมิพลที่ 1 ไปสะพานภูมิพลที่ 2,private/passenger car,falling asleep,other,1,0,0,clear,13.677689,100.53962,straight road,slope area
7565021,2022-10-08T04:00:00Z,2023-01-20T07:14:00Z,ปทุมธานี,Pathum Thani,department of highways,ต่างระดับรังสิต - วัดนาบุญ,private/passenger car,speeding,side collision,2,0,0,clear,13.9951078,100.6642778,straight road,no slope
7073151,2022-10-08T07:05:00Z,2022-10-10T10:22:00Z,สมุทรปราการ,Samut Prakan,department of highways,แขวงคลองสองต้นนุ่น - พิมพา,large truck with trailer,speeding,rear-end collision,2,0,0,clear,13.61824686,100.9244093,straight road,no slope
7561620,2022-10-08T07:20:00Z,2023-01-17T11:16:00Z,กรุงเทพมหานคร,Bangkok,department of highways,ดาวคะนอง -  แสมดำ,private/passenger car,speeding,other,2,0,1,clear,13.67828169,100.4650086,other,other
7554229,2022-10-08T08:00:00Z,2023-01-09T09:13:00Z,กรุงเทพมหานคร,Bangkok,department of highways,อรุณอมรินทร์ - พุทธมณฑลสาย 4,private/passenger car,cutting in closely by people/vehicles/animals,rear-end collision,2,0,0,clear,13.78388212,100.3990826,straight road,no slope
7561663,2022-10-08T08:00:00Z,2023-01-17T11:59:00Z,กรุงเทพมหานคร,Bangkok,department of highways,อรุณอมรินทร์ - พุทธมณฑลสาย 4,private/passenger car,speeding,rear-end collision,2,0,1,clear,13.78414522,100.3960437,straight road,no slope
7100952,2022-10-08T08:05:00Z,2022-10-14T15:58:00Z,กรุงเทพมหานคร,Bangkok,department of highways,แขวงรามอินทรา - บางพลี,4-wheel pickup truck,speeding,rollover/fallen on straight road,1,0,0,clear,13.69185667,100.6996295,straight road,no slope
7444874,2022-10-08T09:00:00Z,2022-12-08T15:06:00Z,สมุทรสาคร,Samut Sakhon,department of highways,ไม่ทราบ,private/passenger car,speeding,rear-end collision,2,0,0,clear,13.53525784,100.2163598,straight road,no slope
7139404,2022-10-08T10:15:00Z,2022-10-20T10:40:00Z,กรุงเทพมหานคร,Bangkok,department of highways,แขวงรามอินทรา - บางพลี,4-wheel pickup truck,speeding,rollover/fallen on straight road,1,0,1,clear,13.80431457,100.6797677,straight road,no slope
7561674,2022-10-08T10:30:00Z,2023-01-17T12:05:00Z,กรุงเทพมหานคร,Bangkok,department of highways,อรุณอมรินทร์ - พุทธมณฑลสาย 4,4-wheel pickup truck,speeding,rear-end collision,2,0,0,clear,13.78356171,100.4056795,straight road,no slope
7560699,2022-10-08T11:15:00Z,2023-01-16T11:16:00Z,กรุงเทพมหานคร,Bangkok,department of highways,ดินแดง - งามวงศ์วาน,private/passenger car,speeding,rear-end collision,2,0,2,clear,13.81147557,100.5595148,straight road,no slope
7099247,2022-10-08T14:45:00Z,2022-10-14T08:47:00Z,กรุงเทพมหานคร,Bangkok,department of highways,แขวงรามอินทรา - บางพลี,private/passenger car,speeding,rear-end collision,2,0,1,clear,13.71462409,100.7001418,straight road,no slope
7565039,2022-10-08T14:50:00Z,2023-01-20T07:32:00Z,ปทุมธานี,Pathum Thani,department of highways,ต่างระดับรังสิต - สะพานคลองเปรม,7-10-wheel truck,speeding,rollover/fallen on straight road,1,0,0,clear,13.9859083,100.6010234,straight road,no slope
7131694,2022-10-08T15:30:00Z,2022-10-19T09:07:00Z,กรุงเทพมหานคร,Bangkok,department of rural roads,ถนนวงแหวนอุตสาหกรรมเข้าสะพานภูมิพลที่ 1,7-10-wheel truck,vehicle equipment failure,other,1,0,0,clear,13.662535,100.516711,grade-separated intersection/ramps,other
7219536,2022-10-08T19:00:00Z,2022-11-01T10:15:00Z,สมุทรปราการ,Samut Prakan,expressway authority of thailand,บางนา-ชลบุรี,other,other,rear-end collision,2,0,0,clear,13.609495,100.764399,straight road,other
7564411,2022-10-08T19:00:00Z,2023-01-19T14:44:00Z,สมุทรสาคร,Samut Sakhon,department of highways,แสมดำ - สะพานข้ามแม่น้ำท่าจีนฝั่งตะวันตก,passenger pickup truck,speeding,rollover/fallen on straight road,1,0,0,clear,13.59534239,100.3629801,other,other
7132585,2022-10-08T19:45:00Z,2022-10-19T12:14:00Z,กรุงเทพมหานคร,Bangkok,department of rural roads,สะพานภูมิพลที่ 1 ไปสะพานภูมิพลที่ 2,private/passenger car,speeding,other,3,0,1,clear,13.672043,100.53876700000001,straight road,slope area
7561600,2022-10-08T21:30:00Z,2023-01-17T11:04:00Z,กรุงเทพมหานคร,Bangkok,department of highways,บางแค - คลองมหาสวัสดิ์,private/passenger car,speeding,rear-end collision,2,0,1,clear,13.77655164,100.4085106,straight road,no slope
7567875,2022-10-08T21:30:00Z,2023-01-24T07:02:00Z,นครปฐม,Nakhon Pathom,department of highways,นครชัยศรี - พระประโทน,4-wheel pickup truck,speeding,collision with obstruction (on road surface),3,0,3,clear,13.78604163,100.1732057,straight road,no slope
7446131,2022-10-08T22:00:00Z,2022-12-09T09:07:00Z,สมุทรสาคร,Samut Sakhon,department of highways,ไม่ทราบ,4-wheel pickup truck,speeding,rollover/fallen on straight road,1,0,0,clear,13.52322293,100.1806676,straight road,no slope
7283138,2022-10-08T22:30:00Z,2022-11-10T10:49:00Z,นครปฐม,Nakhon Pathom,department of highways,ลำลูกบัว - หนองกระทุ่ม,4-wheel pickup truck,speeding,rollover/fallen on straight road,1,0,2,clear,14.00798851,99.97519031,straight road,no slope
7561794,2022-10-09T04:30:00Z,2023-01-17T14:42:00Z,นนทบุรี,Nonthaburi,department of highways,คลองมหาสวัสดิ์ - คลองบางไผ่,motorcycle,speeding,rollover/fallen on straight road,1,1,1,clear,13.85654411,100.4115736,other,other
7066833,2022-10-09T07:07:00Z,2022-10-09T08:58:00Z,ปทุมธานี,Pathum Thani,department of highways,บางปะอิน - แขวงรามอินทรา,private/passenger car,speeding,rear-end collision,2,0,2,clear,14.05629782,100.6975829,straight road,no slope
7561634,2022-10-09T14:57:00Z,2023-01-17T11:39:00Z,กรุงเทพมหานคร,Bangkok,department of highways,อรุณอมรินทร์ - พุทธมณฑลสาย 4,private/passenger car,speeding,other,2,0,0,clear,13.78295736,100.4515171,connecting to public/commercial area,other
7073077,2022-10-09T16:43:00Z,2022-10-10T10:05:00Z,สมุทรปราการ,Samut Prakan,department of highways,แขวงคลองสองต้นนุ่น - พิมพา,4-wheel pickup truck,speeding,rear-end collision,2,0,0,clear,13.61824686,100.9244093,straight road,no slope
7561655,2022-10-09T19:05:00Z,2023-01-17T11:52:00Z,กรุงเทพมหานคร,Bangkok,department of highways,อรุณอมรินทร์ - พุทธมณฑลสาย 4,private/passenger car,speeding,rear-end collision,2,0,0,clear,13.78305895,100.411803,straight road,no slope
7099418,2022-10-09T19:10:00Z,2022-10-14T09:23:00Z,กรุงเทพมหานคร,Bangkok,department of highways,แขวงรามอินทรา - บางพลี,4-wheel pickup truck,speeding,rollover/fallen on straight road,1,0,0,rainy,13.67200081,100.6991172,straight road,no slope
7099575,2022-10-09T19:30:00Z,2022-10-14T09:55:00Z,กรุงเทพมหานคร,Bangkok,department of highways,แขวงรามอินทรา - บางพลี,4-wheel pickup truck,speeding,rear-end collision,3,0,0,rainy,13.70646017,100.6998145,straight road,no slope
7561639,2022-10-09T19:45:00Z,2023-01-17T11:42:00Z,กรุงเทพมหานคร,Bangkok,department of highways,อรุณอมรินทร์ - พุทธมณฑลสาย 4,4-wheel pickup truck,speeding,rollover/fallen on straight road,1,0,0,clear,13.78010489,100.4378888,straight road,no slope
7564938,2022-10-09T20:10:00Z,2023-01-20T06:13:00Z,สมุทรปราการ,Samut Prakan,department of highways,บางพลี - กิ่งแก้ว,private/passenger car,speeding,rear-end collision,3,0,3,clear,13.66409214,100.7189052,straight road,no slope
7072573,2022-10-10T00:42:00Z,2022-10-10T08:35:00Z,ปทุมธานี,Pathum Thani,department of highways,บางปะอิน - แขวงรามอินทรา,private/passenger car,speeding,rollover/fallen on straight road,1,0,0,rainy,14.01340933,100.7024109,straight road,no slope
7565035,2022-10-10T03:17:00Z,2023-01-20T07:25:00Z,ปทุมธานี,Pathum Thani,department of highways,คลองบางหลวง - ต่างระดับเชียงรากน้อย,4-wheel pickup truck,slippery road,rollover/fallen on curved road,1,0,0,rainy,14.0345176,100.4519717,wide curve,no slope
7072675,2022-10-10T05:20:00Z,2022-10-10T08:58:00Z,ปทุมธานี,Pathum Thani,department of highways,บางปะอิน - แขวงรามอินทรา,4-wheel pickup truck,speeding,rollover/fallen on straight road,1,0,1,rainy,14.01093966,100.703567,straight road,no slope
7561461,2022-10-10T06:45:00Z,2023-01-17T09:48:00Z,กรุงเทพมหานคร,Bangkok,department of highways,อรุณอมรินทร์ - พุทธมณฑลสาย 4,motorcycle,speeding,rear-end collision,2,0,2,clear,13.78818288,100.3427187,straight road,no slope
7074127,2022-10-10T07:30:00Z,2022-10-10T13:51:00Z,กรุงเทพมหานคร,Bangkok,department of highways,บางปะอิน - แขวงรามอินทรา,private/passenger car,speeding,rear-end collision,2,0,0,rainy,13.89738144,100.6930795,straight road,no slope
7074163,2022-10-10T07:35:00Z,2022-10-10T13:56:00Z,ปทุมธานี,Pathum Thani,department of highways,บางปะอิน - แขวงรามอินทรา,private/passenger car,speeding,rear-end collision,3,0,0,clear,13.98284751,100.7131049,straight road,no slope
7561645,2022-10-10T08:40:00Z,2023-01-17T11:46:00Z,กรุงเทพมหานคร,Bangkok,department of highways,อรุณอมรินทร์ - พุทธมณฑลสาย 4,private/passenger car,cutting in closely by people/vehicles/animals,rear-end collision,2,0,2,clear,13.78093328,100.4278238,straight road,no slope
7099663,2022-10-10T09:58:00Z,2022-10-14T10:18:00Z,กรุงเทพมหานคร,Bangkok,department of highways,แขวงรามอินทรา - บางพลี,large truck with trailer,speeding,rear-end collision,3,0,0,clear,13.66033253,100.6944716,straight road,no slope
7561668,2022-10-10T10:05:00Z,2023-01-17T11:57:00Z,กรุงเทพมหานคร,Bangkok,department of highways,อรุณอมรินทร์ - พุทธมณฑลสาย 4,private/passenger car,speeding,rear-end collision,2,0,0,clear,13.78507389,100.3874888,straight road,no slope
7561722,2022-10-10T10:30:00Z,2023-01-17T13:59:00Z,ปทุมธานี,Pathum Thani,department of highways,ลำลูกกา - คลอง 16,large truck with trailer,cutting in closely by people/vehicles/animals,rollover/fallen on straight road,1,0,0,clear,13.9428494,100.7695691,other,other