acc_code,incident_datetime,report_datetime,province_th,province_en,agency,route,vehicle_type,presumed_cause,accident_type,number_of_vehicles_involved,number_of_fatalities,number_of_injuries,weather_condition,latitude,longitude,road_description,slope_description
7219309,2022-10-10T11:35:00Z,2022-11-01T09:34:00Z,กรุงเทพมหานคร,Bangkok,expressway authority of thailand,ดินแดง-ท่าเรือ,other,other,other,1,0,0,clear,13.71989444,100.5528577,y-intersection,other
7564385,2022-10-10T15:55:00Z,2023-01-19T14:23:00Z,สมุทรสาคร,Samut Sakhon,department of highways,สะพานข้ามแม่น้ำท่าจีนฝั่งตะวันตก - นาโคก,4-wheel pickup truck,speeding,rear-end collision,2,0,1,clear,13.53437676,100.2137486,straight road,no slope
7099760,2022-10-10T18:15:00Z,2022-10-14T10:33:00Z,กรุงเทพมหานคร,Bangkok,department of highways,แขวงรามอินทรา - บางพลี,private/passenger car,speeding,rear-end collision,3,0,0,clear,13.78674756,100.6839332,straight road,no slope
7561636,2022-10-10T23:20:00Z,2023-01-17T11:37:00Z,กรุงเทพมหานคร,Bangkok,department of highways,อรุณอมรินทร์ - พุทธมณฑลสาย 4,motorcycle,speeding,rear-end collision,2,0,0,clear,13.78378546,100.4552793,straight road,no slope
7078549,2022-10-11T03:00:00Z,2022-10-11T04:02:00Z,กรุงเทพมหานคร,Bangkok,expressway authority of thailand,พญาไท-บางโคล่,other,other,collision with obstruction (on road surface),1,0,0,rainy,13.71008176,100.5191873,straight road,other
7132586,2022-10-11T09:00:00Z,2022-10-19T12:14:00Z,สมุทรปราการ,Samut Prakan,department of rural roads,สะพานภูมิพลที่ 2 ไปสะพานภูมิพลที่ 1,private/passenger car,tailgating,other,2,0,0,rainy,13.651928,100.541076,straight road,slope area
7101154,2022-10-11T11:30:00Z,2022-10-14T16:44:00Z,กรุงเทพมหานคร,Bangkok,department of highways,แขวงรามอินทรา - บางพลี,4-wheel pickup truck,speeding,rear-end collision,2,0,1,clear,13.7180037,100.7000291,straight road,no slope
7088238,2022-10-11T13:30:00Z,2022-10-12T13:14:00Z,สมุทรปราการ,Samut Prakan,department of highways,แขวงคลองสองต้นนุ่น - พิมพา,private/passenger car,speeding,rear-end collision,4,0,0,clear,13.66595694,100.8501765,straight road,no slope
7561672,2022-10-11T14:00:00Z,2023-01-17T12:00:00Z,กรุงเทพมหานคร,Bangkok,department of highways,อรุณอมรินทร์ - พุทธมณฑลสาย 4,private/passenger car,cutting in closely by people/vehicles/animals,rear-end collision,2,0,1,clear,13.78375318,100.4035699,straight road,no slope
7519107,2022-10-11T21:47:00Z,2022-12-29T11:39:00Z,นนทบุรี,Nonthaburi,expressway authority of thailand,แจ้งวัฒนะ-พญาไท,other,other,rear-end collision,2,0,2,clear,13.88721306,100.5397701,straight road,other
7219330,2022-10-12T01:00:00Z,2022-11-01T09:37:00Z,กรุงเทพมหานคร,Bangkok,expressway authority of thailand,ดาวคะนอง-ท่าเรือ,other,other,side collision,3,0,0,clear,13.67538921,100.481204,straight road,other
7561151,2022-10-12T04:37:00Z,2023-01-17T06:08:00Z,กรุงเทพมหานคร,Bangkok,expressway authority of thailand,แจ้งวัฒนะ-พญาไท,other,other,side collision,1,0,0,clear,13.78439177,100.5348693,straight road,other
7565037,2022-10-12T06:00:00Z,2023-01-20T07:27:00Z,ปทุมธานี,Pathum Thani,department of highways,ต่างระดับคลองหลวง - ประตูน้ำพระอินทร์,private/passenger car,running red lights/traffic signals,collision with obstruction (on road surface),2,1,0,clear,14.08529866,100.618146,straight road,no slope
7518597,2022-10-12T06:47:00Z,2022-12-29T11:39:00Z,กรุงเทพมหานคร,Bangkok,expressway authority of thailand,พญาไท-ศรีนครินทร์,4-wheel pickup truck,other,rear-end collision,2,0,2,clear,13.74138051,100.6289493,straight road,other
7444959,2022-10-12T07:00:00Z,2022-12-08T15:12:00Z,สมุทรสาคร,Samut Sakhon,department of highways,ไม่ทราบ,6-wheel truck,speeding,rear-end collision,3,0,0,clear,13.53202947,100.2067816,straight road,no slope
7564414,2022-10-12T11:25:00Z,2023-01-19T14:45:00Z,สมุทรสาคร,Samut Sakhon,department of highways,แสมดำ - สะพานข้ามแม่น้ำท่าจีนฝั่งตะวันตก,private/passenger car,speeding,rear-end collision,3,0,0,clear,13.59926598,100.3668156,straight road,no slope
7560661,2022-10-12T13:10:00Z,2023-01-16T10:56:00Z,กรุงเทพมหานคร,Bangkok,expressway authority of thailand,ดินแดง-ท่าเรือ,4-wheel pickup truck,other,rear-end collision,4,0,0,clear,13.73961675,100.5507647,straight road,other
7139434,2022-10-12T13:25:00Z,2022-10-20T10:45:00Z,สมุทรปราการ,Samut Prakan,department of highways,แขวงรามอินทรา - บางพลี,6-wheel truck,speeding,rear-end collision,2,0,0,clear,13.65261764,100.6892466,straight road,no slope
7444862,2022-10-12T14:00:00Z,2022-12-08T15:05:00Z,สมุทรสาคร,Samut Sakhon,department of highways,ไม่ทราบ,4-wheel pickup truck,speeding,rear-end collision,2,0,0,clear,13.53540387,100.2167943,straight road,no slope
7094463,2022-10-12T14:47:00Z,2022-10-13T14:12:00Z,กรุงเทพมหานคร,Bangkok,department of highways,แขวงคลองสองต้นนุ่น - พิมพา,private/passenger car,speeding,rear-end collision,5,0,0,clear,13.73033093,100.7236272,straight road,no slope
7444989,2022-10-12T16:00:00Z,2022-12-08T15:24:00Z,สมุทรสาคร,Samut Sakhon,department of highways,ไม่ทราบ,4-wheel pickup truck,speeding,rear-end collision,3,0,0,clear,13.52997455,100.2006903,straight road,no slope
7219768,2022-10-12T18:42:00Z,2022-11-01T10:51:00Z,สมุทรปราการ,Samut Prakan,expressway authority of thailand,บางพลี-สุขสวัสดิ์,other,other,rear-end collision,2,0,0,clear,13.623602,100.601481,straight road,other
7094371,2022-10-12T20:03:00Z,2022-10-13T13:49:00Z,กรุงเทพมหานคร,Bangkok,department of highways,แขวงคลองสองต้นนุ่น - พิมพา,private/passenger car,speeding,rear-end collision,3,0,0,clear,13.73091718,100.7182011,straight road,no slope
7094287,2022-10-12T22:00:00Z,2022-10-13T13:34:00Z,สมุทรปราการ,Samut Prakan,department of highways,แขวงคลองสองต้นนุ่น - พิมพา,private/passenger car,speeding,rear-end collision,6,0,2,clear,13.67236568,100.8402336,straight road,no slope
7561630,2022-10-12T23:30:00Z,2023-01-17T11:33:00Z,กรุงเทพมหานคร,Bangkok,department of highways,อรุณอมรินทร์ - พุทธมณฑลสาย 4,private/passenger car,cutting in closely by people/vehicles/animals,rear-end collision,2,0,2,clear,13.78605961,100.4629422,straight road,no slope
7096336,2022-10-13T00:20:00Z,2022-10-13T21:03:00Z,กรุงเทพมหานคร,Bangkok,department of highways,แขวงคลองสองต้นนุ่น - พิมพา,4-wheel pickup truck,speeding,rollover/fallen on straight road,1,0,0,clear,13.73272283,100.7887968,straight road,no slope
7118350,2022-10-13T02:50:00Z,2022-10-17T11:25:00Z,กรุงเทพมหานคร,Bangkok,department of highways,อรุณอมรินทร์ - พุทธมณฑลสาย 4,motorcycle,cutting in closely by people/vehicles/animals,rear-end collision,2,2,1,clear,13.78579676,100.4624632,other,other
7414671,2022-10-13T04:27:00Z,2022-11-29T09:38:00Z,นนทบุรี,Nonthaburi,department of highways,คลองมหาสวัสดิ์ - คลองบางไผ่,motorcycle,cutting in closely by people/vehicles/animals,rear-end collision,2,0,0,clear,13.84249949,100.4128477,straight road,no slope
7219779,2022-10-13T05:30:00Z,2022-11-01T10:52:00Z,สมุทรปราการ,Samut Prakan,expressway authority of thailand,บางพลี-สุขสวัสดิ์,large truck with trailer,other,rear-end collision,2,0,2,clear,13.635238,100.543062,grade-separated intersection/ramps,other
7093918,2022-10-13T07:30:00Z,2022-10-13T12:01:00Z,นนทบุรี,Nonthaburi,department of rural roads,ถนนราชพฤกษ์ (กม.ที่ 11+000 - 28+000),private/passenger car,speeding,other,2,0,2,clear,13.89647,100.449768,straight road,no slope
7100644,2022-10-13T09:30:00Z,2022-10-14T14:51:00Z,ปทุมธานี,Pathum Thani,department of rural roads,แยกทางหลวงหมายเลข 305 (กม.ที่ 31+800) - บ้านหนองแค (ตอนปทุมธานี),4-wheel pickup truck,speeding,other,2,1,0,clear,14.19987,100.892067,straight road,no slope
7094745,2022-10-13T13:00:00Z,2022-10-13T15:06:00Z,สมุทรปราการ,Samut Prakan,department of highways,ท้ายบ้าน - บางตำหรุ,passenger pickup truck,cutting in closely by people/vehicles/animals,rear-end collision,3,0,1,clear,13.52506407,100.6404653,straight road,no slope
7096368,2022-10-13T14:40:00Z,2022-10-13T21:08:00Z,กรุงเทพมหานคร,Bangkok,department of highways,บางปะอิน - แขวงรามอินทรา,large truck with trailer,speeding,rear-end collision,2,0,3,clear,13.88607853,100.6871652,other,other
7096310,2022-10-13T15:40:00Z,2022-10-13T20:58:00Z,กรุงเทพมหานคร,Bangkok,department of highways,บางบอน - โรงพยาบาลบางปะกอก 8,private/passenger car,speeding,rear-end collision,2,0,2,clear,13.63522174,100.368095,straight road,no slope
7096363,2022-10-13T16:22:00Z,2022-10-13T21:09:00Z,ปทุมธานี,Pathum Thani,department of highways,บางปะอิน - แขวงรามอินทรา,4-wheel pickup truck,speeding,rear-end collision,2,0,0,clear,14.0819797,100.6952306,straight road,no slope
7098808,2022-10-13T16:23:00Z,2022-10-14T06:51:00Z,กรุงเทพมหานคร,Bangkok,department of highways,พระประแดง - บางแค,private/passenger car,speeding,rear-end collision,2,0,2,clear,13.62007683,100.4917797,straight road,no slope
7096751,2022-10-13T17:10:00Z,2022-10-13T22:20:00Z,สมุทรปราการ,Samut Prakan,department of highways,แขวงรามอินทรา - บางพลี,private/passenger car,speeding,rear-end collision,4,0,2,clear,13.65272451,100.6892761,straight road,no slope
7096863,2022-10-13T19:50:00Z,2022-10-13T22:40:00Z,สมุทรปราการ,Samut Prakan,department of highways,แขวงรามอินทรา - บางพลี,6-wheel truck,speeding,rear-end collision,3,0,1,clear,13.65216152,100.6888363,straight road,no slope
7098620,2022-10-13T20:35:00Z,2022-10-14T06:16:00Z,ปทุมธานี,Pathum Thani,department of highways,บางปะอิน - แขวงรามอินทรา,7-10-wheel truck,speeding,rear-end collision,2,0,0,clear,13.98162943,100.7133865,straight road,no slope
7219336,2022-10-14T00:10:00Z,2022-11-01T09:39:00Z,กรุงเทพมหานคร,Bangkok,expressway authority of thailand,ดินแดง-ท่าเรือ,other,other,collision with obstruction (on road surface),1,0,1,clear,13.71772765,100.554526,y-intersection,other
7100307,2022-10-14T03:10:00Z,2022-10-14T13:29:00Z,สมุทรปราการ,Samut Prakan,department of highways,สำโรง - สะพานภูมิพล,6-wheel truck,speeding,rear-end collision,2,0,1,clear,13.64511624,100.5834254,straight road,no slope
7101828,2022-10-14T07:50:00Z,2022-10-14T19:20:00Z,นนทบุรี,Nonthaburi,department of highways,บางบัวทอง -  ลาดบัวหลวง,4-wheel pickup truck,speeding,rear-end collision,2,1,0,clear,13.96871945,100.3970146,straight road,no slope
7219792,2022-10-14T09:55:00Z,2022-11-01T10:54:00Z,สมุทรปราการ,Samut Prakan,expressway authority of thailand,บางพลี-สุขสวัสดิ์,large truck with trailer,other,rear-end collision,6,0,1,clear,13.629335,100.590972,straight road,other
7564397,2022-10-14T10:00:00Z,2023-01-19T14:34:00Z,สมุทรสาคร,Samut Sakhon,department of highways,สะพานข้ามแม่น้ำท่าจีนฝั่งตะวันตก - นาโคก,4-wheel pickup truck,speeding,rear-end collision,2,0,0,clear,13.53291349,100.2093941,straight road,no slope
7564420,2022-10-14T10:25:00Z,2023-01-19T14:46:00Z,สมุทรสาคร,Samut Sakhon,department of highways,แสมดำ - สะพานข้ามแม่น้ำท่าจีนฝั่งตะวันตก,4-wheel pickup truck,speeding,rear-end collision,2,0,0,clear,13.60444605,100.3719762,straight road,no slope
7444851,2022-10-14T11:00:00Z,2022-12-08T15:04:00Z,สมุทรสาคร,Samut Sakhon,department of highways,ไม่ทราบ,private/passenger car,speeding,rear-end collision,2,0,0,clear,13.53832449,100.2255034,straight road,no slope
7101253,2022-10-14T11:40:00Z,2022-10-14T17:09:00Z,กรุงเทพมหานคร,Bangkok,department of highways,แขวงรามอินทรา - บางพลี,4-wheel pickup truck,speeding,rollover/fallen on straight road,1,0,0,clear,13.71859259,100.7000586,straight road,no slope
7564399,2022-10-14T12:30:00Z,2023-01-19T14:37:00Z,สมุทรสาคร,Samut Sakhon,department of highways,แสมดำ - สะพานข้ามแม่น้ำท่าจีนฝั่งตะวันตก,private/passenger car,worn-out/tire blowout,rollover/fallen on straight road,1,0,0,clear,13.54526342,100.2572018,straight road,no slope
7101415,2022-10-14T12:39:00Z,2022-10-14T17:47:00Z,สมุทรปราการ,Samut Prakan,department of highways,แขวงคลองสองต้นนุ่น - พิมพา,private/passenger car,speeding,rear-end collision,4,0,1,clear,13.66841985,100.8463517,straight road,no slope
7101390,2022-10-14T12:52:00Z,2022-10-14T17:42:00Z,กรุงเทพมหานคร,Bangkok,department of highways,ถนนศรีนครินทร - แขวงคลองสองต้นนุ่น,private/passenger car,speeding,rear-end collision,2,0,0,clear,13.73192293,100.710369,straight road,no slope
7101218,2022-10-14T15:30:00Z,2022-10-14T16:58:00Z,ปทุมธานี,Pathum Thani,department of highways,บางปะอิน - แขวงรามอินทรา,large truck with trailer,speeding,rollover/fallen on straight road,1,0,1,clear,14.04354296,100.6984788,straight road,no slope
7104693,2022-10-14T17:45:00Z,2022-10-15T06:10:00Z,กรุงเทพมหานคร,Bangkok,department of highways,แขวงรามอินทรา - บางพลี,private/passenger car,speeding,rear-end collision,2,0,2,clear,13.80871393,100.6784373,straight road,no slope
7103182,2022-10-14T17:56:00Z,2022-10-14T23:55:00Z,กรุงเทพมหานคร,Bangkok,expressway authority of thailand,พญาไท-ศรีนครินทร์,other,other,rear-end collision,5,0,0,clear,13.75428234,100.5848092,wide curve,other
7563999,2022-10-14T19:00:00Z,2023-01-19T09:34:00Z,สมุทรสาคร,Samut Sakhon,department of highways,อ้อมน้อย - สมุทรสาคร,private/passenger car,cutting in closely by people/vehicles/animals,rear-end collision,2,0,1,clear,13.63938268,100.2981853,straight road,no slope
7226272,2022-10-14T19:44:00Z,2022-11-02T09:19:00Z,นนทบุรี,Nonthaburi,department of rural roads,แยกทางหลวงหมายเลข 3215 (กม.ที่ 20+100) - บ้านลำโพ,motorcycle,speeding,other,2,0,1,clear,13.92553,100.430198,straight road,no slope
7220517,2022-10-14T20:00:00Z,2022-11-01T13:06:00Z,นนทบุรี,Nonthaburi,department of rural roads,แยกทางหลวงหมายเลข 346 (กม.ที่ 39+280) - บ้านคลองหนึ่ง,motorcycle,speeding,other,2,1,1,clear,14.058673,100.287876,straight road,no slope
7226269,2022-10-14T20:10:00Z,2022-11-02T09:18:00Z,นนทบุรี,Nonthaburi,department of rural roads,แยกทางหลวงหมายเลข 346 (กม.ที่ 39+280) - บ้านคลองหนึ่ง,motorcycle,speeding,other,2,0,1,clear,14.064066,100.289345,straight road,no slope
7226275,2022-10-14T23:15:00Z,2022-11-02T09:19:00Z,นนทบุรี,Nonthaburi,department of rural roads,แยกทางหลวงหมายเลข 9 (กม.ที่ 42+500) - บ้านหนองเพรางาย,motorcycle,speeding,other,1,0,1,clear,13.909945,100.363171,straight road,no slope
7105309,2022-10-15T01:01:00Z,2022-10-15T08:55:00Z,กรุงเทพมหานคร,Bangkok,department of highways,แขวงรามอินทรา - บางพลี,private/passenger car,speeding,rollover/fallen on straight road,1,0,1,clear,13.68914382,100.69938,straight road,no slope
7106240,2022-10-15T02:00:00Z,2022-10-15T12:32:00Z,กรุงเทพมหานคร,Bangkok,department of highways,แขวงรามอินทรา - บางพลี,large truck with trailer,speeding,rear-end collision,2,0,0,clear,13.78882369,100.6839359,straight road,no slope
7564389,2022-10-15T03:15:00Z,2023-01-19T14:27:00Z,สมุทรสาคร,Samut Sakhon,department of highways,แสมดำ - สะพานข้ามแม่น้ำท่าจีนฝั่งตะวันตก,large truck with trailer,vehicle equipment failure,rollover/fallen on curved road,1,0,0,clear,13.59264668,100.3583211,other,other
7564403,2022-10-15T04:00:00Z,2023-01-19T14:36:00Z,สมุทรสาคร,Samut Sakhon,department of highways,แสมดำ - สะพานข้ามแม่น้ำท่าจีนฝั่งตะวันตก,4-wheel pickup truck,speeding,rollover/fallen on straight road,1,0,0,clear,13.54546421,100.2576122,straight road,no slope
7110965,2022-10-15T04:30:00Z,2022-10-16T07:05:00Z,กรุงเทพมหานคร,Bangkok,department of highways,อรุณอมรินทร์ - พุทธมณฑลสาย 4,private/passenger car,speeding,rear-end collision,2,0,2,clear,13.78816204,100.3576827,straight road,no slope
7111017,2022-10-15T10:35:00Z,2022-10-16T07:17:00Z,กรุงเทพมหานคร,Bangkok,department of highways,แขวงคลองสองต้นนุ่น - พิมพา,private/passenger car,speeding,rear-end collision,2,0,0,clear,13.72924962,100.7335701,straight road,no slope
7111030,2022-10-15T13:05:00Z,2022-10-16T07:21:00Z,กรุงเทพมหานคร,Bangkok,department of highways,บางปะอิน - แขวงรามอินทรา,private/passenger car,speeding,rear-end collision,5,0,1,clear,13.85500505,100.6745964,straight road,no slope
7112251,2022-10-15T13:15:00Z,2022-10-16T12:31:00Z,สมุทรปราการ,Samut Prakan,department of rural roads,สะพานภูมิพลที่ 2 ไปสะพานภูมิพลที่ 1,motorcycle,running red lights/traffic signals,other,1,0,1,clear,13.648978,100.541421,grade-separated intersection/ramps,other
7111016,2022-10-15T13:57:00Z,2022-10-16T07:19:00Z,กรุงเทพมหานคร,Bangkok,department of highways,แขวงคลองสองต้นนุ่น - พิมพา,private/passenger car,speeding,rear-end collision,2,0,0,clear,13.71968437,100.8153775,straight road,no slope
7112253,2022-10-15T17:30:00Z,2022-10-16T12:31:00Z,สมุทรปราการ,Samut Prakan,department of rural roads,สะพานภูมิพลที่ 1 ไปสะพานภูมิพลที่ 2,private/passenger car,abrupt lane change,other,2,0,0,clear,13.653407,100.54114,straight road,slope area
7110974,2022-10-15T18:00:00Z,2022-10-16T07:05:00Z,กรุงเทพมหานคร,Bangkok,department of highways,ดาวคะนอง -  แสมดำ,4-wheel pickup truck,speeding,rear-end collision,2,0,0,clear,13.6436983,100.4118901,straight road,no slope
7108797,2022-10-15T20:15:00Z,2022-10-15T21:49:00Z,กรุงเทพมหานคร,Bangkok,expressway authority of thailand,แจ้งวัฒนะ-พญาไท,4-wheel pickup truck,other,rear-end collision,2,0,0,clear,13.81858939,100.5497363,straight road,other
7527291,2022-10-15T21:10:00Z,2022-12-31T10:34:00Z,กรุงเทพมหานคร,Bangkok,department of highways,บางแค - คลองมหาสวัสดิ์,private/passenger car,speeding,rear-end collision,3,0,1,clear,13.76882494,100.4072459,straight road,no slope
7226268,2022-10-15T21:35:00Z,2022-11-02T09:17:00Z,นนทบุรี,Nonthaburi,department of rural roads,ถนนชัยพฤกษ์,motorcycle,speeding,other,1,1,0,clear,13.927148,100.438522,straight road,no slope
7117128,2022-10-15T22:15:00Z,2022-10-17T07:08:00Z,นนทบุรี,Nonthaburi,department of highways,คลองบางไผ่ - คลองบางหลวง,motorcycle,speeding,rollover/fallen on straight road,1,1,0,clear,13.95160221,100.4239225,straight road,no slope
7117210,2022-10-16T00:25:00Z,2022-10-17T07:20:00Z,ปทุมธานี,Pathum Thani,department of highways,บางปะอิน - แขวงรามอินทรา,4-wheel pickup truck,speeding,rollover/fallen on straight road,1,0,0,clear,14.049028,100.6981489,straight road,no slope
7561614,2022-10-16T08:03:00Z,2023-01-17T11:13:00Z,กรุงเทพมหานคร,Bangkok,department of highways,บางแค - คลองมหาสวัสดิ์,private/passenger car,speeding,rear-end collision,2,0,1,clear,13.69366913,100.407325,straight road,no slope
7112178,2022-10-16T11:10:00Z,2022-10-16T12:19:00Z,นนทบุรี,Nonthaburi,department of highways,สะพานพระนั่งเกล้า - ต่างระดับบางใหญ่,private/passenger car,speeding,rollover/fallen on straight road,1,0,2,rainy,13.87653012,100.4435482,straight road,no slope
7564401,2022-10-16T13:20:00Z,2023-01-19T14:39:00Z,สมุทรสาคร,Samut Sakhon,department of highways,สะพานข้ามแม่น้ำท่าจีนฝั่งตะวันตก - นาโคก,private/passenger car,speeding,rear-end collision,2,0,0,clear,13.54404567,100.2526984,straight road,no slope
7113186,2022-10-16T15:10:00Z,2022-10-16T16:12:00Z,สมุทรปราการ,Samut Prakan,department of highways,แขวงคลองสองต้นนุ่น - พิมพา,private/passenger car,speeding,rear-end collision,3,0,0,clear,13.66595694,100.8501765,straight road,no slope
7114908,2022-10-16T18:24:00Z,2022-10-16T22:19:00Z,กรุงเทพมหานคร,Bangkok,department of highways,แขวงคลองสองต้นนุ่น - พิมพา,private/passenger car,speeding,rear-end collision,2,0,0,clear,13.73192032,100.7707322,straight road,no slope
7565024,2022-10-16T18:30:00Z,2023-01-20T07:19:00Z,ปทุมธานี,Pathum Thani,department of highways,บางคูวัด - แยกปทุมวิไล,6-wheel truck,speeding,rollover/fallen on straight road,1,0,0,clear,13.95877289,100.5135869,other,other
7117154,2022-10-16T19:30:00Z,2022-10-17T07:11:00Z,กรุงเทพมหานคร,Bangkok,department of highways,ดาวคะนอง -  แสมดำ,private/passenger car,speeding,pedestrian collision,1,0,1,foggy,13.66379372,100.4416224,straight road,no slope
7226304,2022-10-16T20:00:00Z,2022-11-02T09:20:00Z,นนทบุรี,Nonthaburi,department of rural roads,แยกทางหลวงหมายเลข 9 (กม.ที่ 42+500) - บ้านหนองเพรางาย,motorcycle,speeding,other,2,0,1,clear,13.909107,100.37527,straight road,no slope
7553838,2022-10-16T22:10:00Z,2023-01-07T16:06:00Z,กรุงเทพมหานคร,Bangkok,department of highways,ดาวคะนอง -  แสมดำ,private/passenger car,speeding,rear-end collision,2,0,0,clear,13.67811229,100.4647417,straight road,no slope
7118040,2022-10-16T22:30:00Z,2022-10-17T10:33:00Z,สมุทรปราการ,Samut Prakan,department of rural roads,สะพานภูมิพลที่ 2 ไปสะพานภูมิพลที่ 1,private/passenger car,driving under the influence of alcohol,other,2,0,0,clear,13.657389,100.540051,straight road,slope area
7564156,2022-10-16T22:30:00Z,2023-01-19T10:55:00Z,สมุทรสาคร,Samut Sakhon,department of highways,แสมดำ - สะพานข้ามแม่น้ำท่าจีนฝั่งตะวันตก,motorcycle,speeding,rollover/fallen on straight road,1,1,0,clear,13.58415265,100.3153834,straight road,no slope
7118043,2022-10-16T23:15:00Z,2022-10-17T10:33:00Z,สมุทรปราการ,Samut Prakan,department of rural roads,ออกจากสะพานภูมิพลที่ 2 ไปถนนวงแหวนอุตสาหกรรม,motorcycle,running red lights/traffic signals,other,1,0,1,clear,13.663729,100.529616,straight road,slope area
7226276,2022-10-16T23:27:00Z,2022-11-02T09:19:00Z,นนทบุรี,Nonthaburi,department of rural roads,แยกทางหลวงชนบท นบ.1011 (กม.ที่ 11+200) - บ้านใหม่,motorcycle,speeding,other,1,0,1,clear,13.833728,100.337193,wide curve,no slope
7139310,2022-10-17T07:50:00Z,2022-10-20T10:28:00Z,ปทุมธานี,Pathum Thani,department of highways,บางปะอิน - แขวงรามอินทรา,private/passenger car,falling asleep,rollover/fallen on straight road,1,0,0,clear,14.01885086,100.699946,straight road,no slope
7119881,2022-10-17T11:30:00Z,2022-10-17T16:39:00Z,สมุทรปราการ,Samut Prakan,department of highways,บางตำหรุ - คลองด่าน,large truck with trailer,cutting in closely by people/vehicles/animals,rollover/fallen on straight road,1,0,0,clear,13.50627394,100.827021,straight road,no slope
7561148,2022-10-17T12:54:00Z,2023-01-17T06:04:00Z,กรุงเทพมหานคร,Bangkok,expressway authority of thailand,พญาไท-บางโคล่,other,other,rear-end collision,4,0,0,clear,13.69731558,100.5228657,straight road,other
7564315,2022-10-17T13:00:00Z,2023-01-19T13:46:00Z,สมุทรสาคร,Samut Sakhon,department of highways,แสมดำ - สะพานข้ามแม่น้ำท่าจีนฝั่งตะวันตก,private/passenger car,speeding,rear-end collision,2,0,0,clear,13.59074069,100.3322248,straight road,no slope
7119966,2022-10-17T15:27:00Z,2022-10-17T16:54:00Z,นนทบุรี,Nonthaburi,expressway authority of thailand,บางปะอิน-แจ้งวัฒนะ,other,other,rear-end collision,2,0,3,clear,13.920966,100.548156,straight road,other
7133181,2022-10-17T16:30:00Z,2022-10-19T14:32:00Z,กรุงเทพมหานคร,Bangkok,department of highways,แขวงคลองสองต้นนุ่น - พิมพา,private/passenger car,speeding,rear-end collision,4,0,0,clear,13.729518,100.7435775,straight road,no slope
7564317,2022-10-17T16:30:00Z,2023-01-19T13:46:00Z,สมุทรสาคร,Samut Sakhon,department of highways,แสมดำ - สะพานข้ามแม่น้ำท่าจีนฝั่งตะวันตก,private/passenger car,speeding,rear-end collision,3,0,0,clear,13.5881135,100.3254011,straight road,no slope
7126297,2022-10-17T17:25:00Z,2022-10-18T15:08:00Z,กรุงเทพมหานคร,Bangkok,department of highways,แขวงรามอินทรา - บางพลี,4-wheel pickup truck,speeding,rear-end collision,3,0,0,clear,13.787081,100.6838447,straight road,no slope
7139342,2022-10-17T17:38:00Z,2022-10-20T10:30:00Z,ปทุมธานี,Pathum Thani,department of highways,บางปะอิน - แขวงรามอินทรา,private/passenger car,speeding,rear-end collision,4,0,1,clear,13.94324617,100.7110852,straight road,no slope
7564340,2022-10-17T20:20:00Z,2023-01-19T14:01:00Z,สมุทรสาคร,Samut Sakhon,department of highways,แสมดำ - สะพานข้ามแม่น้ำท่าจีนฝั่งตะวันตก,4-wheel pickup truck,speeding,rear-end collision,3,0,0,clear,13.58744905,100.3236986,straight road,no slope
7132613,2022-10-17T20:23:00Z,2022-10-19T12:15:00Z,กรุงเทพมหานคร,Bangkok,department of rural roads,สะพานภูมิพลที่ 2 ไปสะพานภูมิพลที่ 1,private/passenger car,speeding,other,1,0,0,clear,13.685799,100.547472,t-intersection,other
7565036,2022-10-17T22:20:00Z,2023-01-20T07:30:00Z,ปทุมธานี,Pathum Thani,department of highways,ต่างระดับคลองหลวง - ประตูน้ำพระอินทร์,4-wheel pickup truck,cutting in closely by people/vehicles/animals,rear-end collision,2,1,0,clear,14.11372239,100.6186089,straight road,no slope
7219816,2022-10-17T23:40:00Z,2022-11-01T10:59:00Z,สมุทรปราการ,Samut Prakan,expressway authority of thailand,บางพลี-สุขสวัสดิ์,6-wheel truck,other,rear-end collision,2,0,3,clear,13.624955,100.667679,straight road,other
7126719,2022-10-18T01:30:00Z,2022-10-18T16:14:00Z,กรุงเทพมหานคร,Bangkok,department of highways,บางปะอิน - แขวงรามอินทรา,4-wheel pickup truck,vehicle equipment failure,rollover/fallen on straight road,1,0,2,clear,13.86200756,100.6767771,straight road,no slope
7132181,2022-10-18T04:10:00Z,2022-10-19T10:35:00Z,กรุงเทพมหานคร,Bangkok,department of highways,แขวงคลองสองต้นนุ่น - พิมพา,private/passenger car,speeding,rollover/fallen on straight road,1,0,0,clear,13.73290521,100.79061,straight road,no slope
7561519,2022-10-18T12:00:00Z,2023-01-17T10:13:00Z,กรุงเทพมหานคร,Bangkok,department of highways,อรุณอมรินทร์ - พุทธมณฑลสาย 4,private/passenger car,speeding,rear-end collision,2,0,0,clear,13.78739098,100.3650735,straight road,no slope
7133147,2022-10-18T16:00:00Z,2022-10-19T14:22:00Z,กรุงเทพมหานคร,Bangkok,department of highways,แขวงคลองสองต้นนุ่น - พิมพา,6-wheel truck,speeding,rear-end collision,2,0,2,clear,13.73204018,100.7715395,straight road,no slope