acc_code,incident_datetime,report_datetime,province_th,province_en,agency,route,vehicle_type,presumed_cause,accident_type,number_of_vehicles_involved,number_of_fatalities,number_of_injuries,weather_condition,latitude,longitude,road_description,slope_description
7133050,2022-10-18T16:01:00Z,2022-10-19T14:06:00Z,กรุงเทพมหานคร,Bangkok,department of highways,แขวงคลองสองต้นนุ่น - พิมพา,4-wheel pickup truck,speeding,rear-end collision,2,0,1,clear,13.73319182,100.7933244,straight road,no slope
7227494,2022-10-18T16:55:00Z,2022-11-02T13:35:00Z,สมุทรปราการ,Samut Prakan,expressway authority of thailand,บางพลี-สุขสวัสดิ์,other,other,rear-end collision,2,0,0,clear,13.627061,100.669428,straight road,other
7132004,2022-10-18T18:45:00Z,2022-10-19T09:58:00Z,ปทุมธานี,Pathum Thani,department of highways,บางปะอิน - แขวงรามอินทรา,private/passenger car,speeding,rear-end collision,3,0,1,clear,13.9455812,100.7116485,straight road,no slope
7561153,2022-10-18T18:55:00Z,2023-01-17T06:09:00Z,สมุทรปราการ,Samut Prakan,expressway authority of thailand,บางพลี-สุขสวัสดิ์,other,other,rear-end collision,4,0,2,clear,13.635054,100.542104,straight road,other
7131845,2022-10-18T23:51:00Z,2022-10-19T09:36:00Z,กรุงเทพมหานคร,Bangkok,department of highways,บางปะอิน - แขวงรามอินทรา,large truck with trailer,speeding,rear-end collision,2,0,1,clear,13.86556211,100.6775737,straight road,no slope
7219902,2022-10-19T05:45:00Z,2022-11-01T11:08:00Z,กรุงเทพมหานคร,Bangkok,expressway authority of thailand,บางพลี-สุขสวัสดิ์,other,other,collision with obstruction (on road surface),1,0,1,clear,NA,NA,wide curve,other
7561529,2022-10-19T07:55:00Z,2023-01-17T10:15:00Z,กรุงเทพมหานคร,Bangkok,department of highways,อรุณอมรินทร์ - พุทธมณฑลสาย 4,motorcycle,speeding,rear-end collision,2,0,0,clear,13.78647014,100.3735211,straight road,no slope
7226978,2022-10-19T09:00:00Z,2022-11-02T11:29:00Z,กรุงเทพมหานคร,Bangkok,expressway authority of thailand,บางพลี-สุขสวัสดิ์,other,other,side collision,1,0,0,clear,NA,NA,other,other
7138819,2022-10-19T10:15:00Z,2022-10-20T09:01:00Z,ปทุมธานี,Pathum Thani,department of highways,บางปะอิน - แขวงรามอินทรา,6-wheel truck,speeding,rear-end collision,2,0,1,clear,14.01598308,100.7015419,straight road,no slope
7132978,2022-10-19T10:38:00Z,2022-10-19T13:54:00Z,กรุงเทพมหานคร,Bangkok,expressway authority of thailand,พญาไท-ศรีนครินทร์,other,other,rear-end collision,2,0,0,clear,13.74118246,100.6280417,straight road,other
7565033,2022-10-19T13:30:00Z,2023-01-20T07:23:00Z,ปทุมธานี,Pathum Thani,department of highways,ปทุมธานี - ท้ายเกาะ,private/passenger car,cutting in closely by people/vehicles/animals,rear-end collision,2,0,0,clear,14.04054092,100.5252134,straight road,no slope
7173096,2022-10-19T19:18:00Z,2022-10-25T14:15:00Z,กรุงเทพมหานคร,Bangkok,department of highways,แขวงคลองสองต้นนุ่น - พิมพา,private/passenger car,speeding,rear-end collision,2,0,0,clear,13.72956229,100.745396,straight road,no slope
7140428,2022-10-19T21:12:00Z,2022-10-20T14:07:00Z,กรุงเทพมหานคร,Bangkok,department of rural roads,สะพานภูมิพลที่ 1 ไปสะพานภูมิพลที่ 2,private/passenger car,abrupt lane change,other,2,0,2,clear,13.671688,100.538745,straight road,slope area
7146160,2022-10-19T23:01:00Z,2022-10-21T10:49:00Z,ปทุมธานี,Pathum Thani,department of highways,บางปะอิน - แขวงรามอินทรา,private/passenger car,speeding,rollover/fallen on straight road,1,0,1,clear,13.97095272,100.7129386,straight road,no slope
7145929,2022-10-19T23:46:00Z,2022-10-21T10:07:00Z,ปทุมธานี,Pathum Thani,department of highways,บางปะอิน - แขวงรามอินทรา,6-wheel truck,vehicle equipment failure,rollover/fallen on straight road,1,0,1,clear,14.15775706,100.6543511,straight road,no slope
7564368,2022-10-20T01:00:00Z,2023-01-19T14:12:00Z,สมุทรสาคร,Samut Sakhon,department of highways,แสมดำ - สะพานข้ามแม่น้ำท่าจีนฝั่งตะวันตก,7-10-wheel truck,speeding,rear-end collision,2,0,0,clear,13.57039035,100.2888545,straight road,no slope
7137343,2022-10-20T03:34:00Z,2022-10-20T04:33:00Z,กรุงเทพมหานคร,Bangkok,expressway authority of thailand,แจ้งวัฒนะ-พญาไท,other,other,collision with obstruction (on road surface),1,0,0,clear,NA,NA,wide curve,other
7564379,2022-10-20T10:00:00Z,2023-01-19T14:18:00Z,สมุทรสาคร,Samut Sakhon,department of highways,สะพานข้ามแม่น้ำท่าจีนฝั่งตะวันตก - นาโคก,private/passenger car,speeding,rear-end collision,3,0,0,clear,13.53188147,100.2063491,straight road,no slope
7564378,2022-10-20T11:30:00Z,2023-01-19T14:17:00Z,สมุทรสาคร,Samut Sakhon,department of highways,สะพานข้ามแม่น้ำท่าจีนฝั่งตะวันตก - นาโคก,7-10-wheel truck,speeding,rear-end collision,2,0,0,clear,13.52191354,100.1767476,other,other
7564390,2022-10-20T12:35:00Z,2023-01-19T14:25:00Z,สมุทรสาคร,Samut Sakhon,department of highways,แสมดำ - สะพานข้ามแม่น้ำท่าจีนฝั่งตะวันตก,private/passenger car,vehicle equipment failure,rollover/fallen on straight road,1,0,0,clear,13.59264668,100.3528494,straight road,no slope
7173020,2022-10-20T15:13:00Z,2022-10-25T14:09:00Z,สมุทรปราการ,Samut Prakan,department of highways,แขวงคลองสองต้นนุ่น - พิมพา,private/passenger car,speeding,rear-end collision,2,0,0,clear,13.66841985,100.8463517,straight road,no slope
7172990,2022-10-20T17:14:00Z,2022-10-25T14:00:00Z,กรุงเทพมหานคร,Bangkok,department of highways,แขวงคลองสองต้นนุ่น - พิมพา,4-wheel pickup truck,speeding,rear-end collision,3,0,0,clear,13.72940335,100.7317623,straight road,no slope
7153154,2022-10-20T18:38:00Z,2022-10-22T11:07:00Z,สมุทรปราการ,Samut Prakan,department of highways,แขวงคลองสองต้นนุ่น - พิมพา,4-wheel pickup truck,speeding,rear-end collision,2,0,0,clear,13.66792727,100.8471161,straight road,no slope
7561635,2022-10-20T19:00:00Z,2023-01-17T11:36:00Z,กรุงเทพมหานคร,Bangkok,department of highways,อรุณอมรินทร์ - พุทธมณฑลสาย 4,motorcycle,speeding,rollover/fallen on straight road,1,0,2,clear,13.78408531,100.456962,straight road,no slope
7152602,2022-10-20T19:09:00Z,2022-10-22T09:16:00Z,กรุงเทพมหานคร,Bangkok,department of highways,ถนนศรีนครินทร - แขวงคลองสองต้นนุ่น,4-wheel pickup truck,speeding,rear-end collision,2,0,0,clear,13.73184737,100.7110315,straight road,no slope
7561595,2022-10-20T21:00:00Z,2023-01-17T11:00:00Z,กรุงเทพมหานคร,Bangkok,department of highways,บางแค - คลองมหาสวัสดิ์,private/passenger car,speeding,rear-end collision,2,0,0,clear,13.71382152,100.4062937,wide curve,no slope
7446508,2022-10-20T23:00:00Z,2022-12-09T12:06:00Z,สมุทรสาคร,Samut Sakhon,department of highways,ไม่ทราบ,4-wheel pickup truck,falling asleep,rollover/fallen on straight road,1,0,0,clear,13.58058316,100.1098856,other,other
7439441,2022-10-21T06:30:00Z,2022-12-07T13:52:00Z,ปทุมธานี,Pathum Thani,department of highways,ไม่ทราบ,passenger pickup truck,speeding,other,2,0,0,clear,14.08283173,100.5057044,connecting to public/commercial area,other
7152576,2022-10-21T08:08:00Z,2022-10-22T09:10:00Z,กรุงเทพมหานคร,Bangkok,department of highways,บางปะอิน - แขวงรามอินทรา,4-wheel pickup truck,speeding,rear-end collision,3,0,0,clear,13.91026936,100.6999862,straight road,no slope
7146660,2022-10-21T08:58:00Z,2022-10-21T12:45:00Z,กรุงเทพมหานคร,Bangkok,expressway authority of thailand,แจ้งวัฒนะ-พญาไท,other,other,side collision,2,0,1,clear,NA,NA,straight road,other
7568456,2022-10-21T09:22:00Z,2023-01-24T14:53:00Z,กรุงเทพมหานคร,Bangkok,department of highways,แขวงคลองสองต้นนุ่น - พิมพา,4-wheel pickup truck,speeding,rollover/fallen on straight road,1,0,2,clear,13.73213137,100.7779071,straight road,no slope
7568457,2022-10-21T11:00:00Z,2023-01-24T14:55:00Z,กรุงเทพมหานคร,Bangkok,department of highways,บางปะอิน - แขวงรามอินทรา,large truck with trailer,vehicle equipment failure,collision with obstruction (on road surface),2,0,4,clear,13.85845815,100.67568,straight road,no slope
7152677,2022-10-21T13:20:00Z,2022-10-22T09:31:00Z,กรุงเทพมหานคร,Bangkok,department of highways,ถนนศรีนครินทร - แขวงคลองสองต้นนุ่น,private/passenger car,speeding,rear-end collision,4,0,0,clear,13.73281402,100.7018503,straight road,no slope
7152879,2022-10-21T14:58:00Z,2022-10-22T10:08:00Z,สมุทรปราการ,Samut Prakan,department of highways,แขวงคลองสองต้นนุ่น - พิมพา,private/passenger car,speeding,rear-end collision,2,0,0,clear,13.66546435,100.8509409,straight road,no slope
7564406,2022-10-21T16:30:00Z,2023-01-19T14:42:00Z,สมุทรสาคร,Samut Sakhon,department of highways,สะพานข้ามแม่น้ำท่าจีนฝั่งตะวันตก - นาโคก,4-wheel pickup truck,running red lights/traffic signals,rollover/fallen on straight road,1,0,0,clear,13.52293346,100.1797959,straight road,no slope
7152763,2022-10-21T17:20:00Z,2022-10-22T09:48:00Z,กรุงเทพมหานคร,Bangkok,department of highways,แขวงรามอินทรา - บางพลี,6-wheel truck,speeding,rear-end collision,2,0,0,clear,13.71405082,100.7003268,straight road,no slope
7561360,2022-10-21T17:40:00Z,2023-01-17T08:59:00Z,กรุงเทพมหานคร,Bangkok,department of highways,อรุณอมรินทร์ - พุทธมณฑลสาย 4,4-wheel pickup truck,speeding,rollover/fallen on straight road,1,0,2,rainy,13.78077308,100.4333143,straight road,no slope
7561627,2022-10-21T18:00:00Z,2023-01-17T11:29:00Z,กรุงเทพมหานคร,Bangkok,department of highways,อรุณอมรินทร์ - พุทธมณฑลสาย 4,motorcycle,cutting in closely by people/vehicles/animals,rear-end collision,2,0,2,clear,13.7863438,100.4641865,other,other
7527321,2022-10-21T18:50:00Z,2022-12-31T10:37:00Z,กรุงเทพมหานคร,Bangkok,department of highways,บางแค - คลองมหาสวัสดิ์,private/passenger car,reversing vehicle,collision with obstruction (on road surface),2,0,1,clear,13.77323018,100.407785,straight road,no slope
7178479,2022-10-22T00:05:00Z,2022-10-26T09:06:00Z,สมุทรปราการ,Samut Prakan,department of rural roads,ทางเข้าถนนปู่เจ้าสมิงพรายสู่ถนนวงแหวนอุตสาหกรรม,private/passenger car,tailgating,other,2,0,0,clear,13.652739,100.541348,straight road,no slope
7561644,2022-10-22T03:20:00Z,2023-01-17T11:45:00Z,กรุงเทพมหานคร,Bangkok,department of highways,อรุณอมรินทร์ - พุทธมณฑลสาย 4,motorcycle,speeding,rollover/fallen on straight road,1,0,1,clear,13.78204171,100.417783,straight road,no slope
7219930,2022-10-22T05:22:00Z,2022-11-01T11:12:00Z,สมุทรปราการ,Samut Prakan,expressway authority of thailand,บางพลี-สุขสวัสดิ์,other,other,side collision,2,0,1,clear,13.629106,100.52882,grade-separated intersection/ramps,other
7564372,2022-10-22T06:10:00Z,2023-01-19T14:13:00Z,สมุทรสาคร,Samut Sakhon,department of highways,แสมดำ - สะพานข้ามแม่น้ำท่าจีนฝั่งตะวันตก,4-wheel pickup truck,speeding,rollover/fallen on straight road,1,0,1,clear,13.55042144,100.2635616,straight road,no slope
7438659,2022-10-22T07:00:00Z,2022-12-07T11:48:00Z,กรุงเทพมหานคร,Bangkok,department of highways,ไม่ทราบ,private/passenger car,speeding,rear-end collision,2,0,0,clear,13.6631643,100.4404812,straight road,no slope
7522011,2022-10-22T08:00:00Z,2022-12-30T12:31:00Z,นนทบุรี,Nonthaburi,department of highways,บางบัวทอง - ไทรน้อย,private/passenger car,loss of control,rollover/fallen on straight road,1,0,0,clear,13.94730205,100.3781203,straight road,no slope
7178477,2022-10-22T08:32:00Z,2022-10-26T09:06:00Z,สมุทรปราการ,Samut Prakan,department of rural roads,สะพานภูมิพลที่ 2 ไปสะพานภูมิพลที่ 1,motorcycle,running red lights/traffic signals,other,2,0,1,clear,13.649812,100.541246,straight road,slope area
7569058,2022-10-22T10:47:00Z,2023-01-25T08:53:00Z,กรุงเทพมหานคร,Bangkok,department of highways,แขวงคลองสองต้นนุ่น - พิมพา,large truck with trailer,speeding,rear-end collision,3,0,5,clear,13.73108133,100.7625326,straight road,no slope
7153567,2022-10-22T11:05:00Z,2022-10-22T12:56:00Z,สมุทรปราการ,Samut Prakan,department of highways,แขวงคลองสองต้นนุ่น - พิมพา,private/passenger car,speeding,rear-end collision,4,0,0,clear,13.66595694,100.8501765,straight road,no slope
7153871,2022-10-22T11:28:00Z,2022-10-22T14:02:00Z,กรุงเทพมหานคร,Bangkok,department of highways,บางปะอิน - แขวงรามอินทรา,private/passenger car,speeding,rear-end collision,4,0,0,clear,13.8236852,100.674524,straight road,no slope
7153514,2022-10-22T11:30:00Z,2022-10-22T12:41:00Z,สมุทรปราการ,Samut Prakan,department of highways,แขวงคลองสองต้นนุ่น - พิมพา,private/passenger car,speeding,rear-end collision,2,0,0,clear,13.65659501,100.864706,straight road,no slope
7564005,2022-10-22T12:20:00Z,2023-01-19T09:35:00Z,สมุทรสาคร,Samut Sakhon,department of highways,สะพานข้ามแม่น้ำท่าจีนฝั่งตะวันตก - นาโคก,4-wheel pickup truck,speeding,rollover/fallen on curved road,1,0,4,clear,13.50776465,100.1311242,wide curve,no slope
7219496,2022-10-22T13:23:00Z,2022-11-01T10:07:00Z,กรุงเทพมหานคร,Bangkok,expressway authority of thailand,อาจณรงค์-บางนา,other,other,side collision,4,0,0,clear,13.672386,100.611363,straight road,other
7155429,2022-10-22T14:55:00Z,2022-10-22T19:15:00Z,กรุงเทพมหานคร,Bangkok,expressway authority of thailand,แจ้งวัฒนะ-พญาไท,other,other,collision with obstruction (on road surface),1,0,0,clear,NA,NA,straight road,other
7156937,2022-10-22T18:36:00Z,2022-10-22T23:40:00Z,กรุงเทพมหานคร,Bangkok,department of highways,แขวงคลองสองต้นนุ่น - พิมพา,private/passenger car,speeding,rear-end collision,4,0,0,clear,13.72949455,100.7426682,straight road,no slope
7561610,2022-10-22T18:55:00Z,2023-01-17T11:05:00Z,กรุงเทพมหานคร,Bangkok,department of highways,บางแค - คลองมหาสวัสดิ์,private/passenger car,speeding,rear-end collision,3,0,0,clear,13.78911804,100.40944,straight road,no slope
7564176,2022-10-22T21:00:00Z,2023-01-19T11:02:00Z,สมุทรสาคร,Samut Sakhon,department of highways,แสมดำ - สะพานข้ามแม่น้ำท่าจีนฝั่งตะวันตก,motorcycle,speeding,rollover/fallen on curved road,1,0,1,clear,13.56892826,100.2860102,other,other
7219355,2022-10-23T01:15:00Z,2022-11-01T09:43:00Z,กรุงเทพมหานคร,Bangkok,expressway authority of thailand,ดินแดง-ท่าเรือ,other,other,other,1,0,0,rainy,NA,NA,y-intersection,other
7564944,2022-10-23T03:00:00Z,2023-01-20T06:17:00Z,สมุทรปราการ,Samut Prakan,department of highways,บางพลี - กิ่งแก้ว,4-wheel pickup truck,speeding,rear-end collision,2,0,2,clear,13.64951207,100.7147384,straight road,no slope
7159712,2022-10-23T05:29:00Z,2022-10-23T11:08:00Z,กรุงเทพมหานคร,Bangkok,department of highways,ถนนศรีนครินทร - แขวงคลองสองต้นนุ่น,private/passenger car,speeding,rollover/fallen on straight road,1,0,0,clear,13.73387187,100.6922588,straight road,no slope
7561667,2022-10-23T06:20:00Z,2023-01-17T11:59:00Z,กรุงเทพมหานคร,Bangkok,department of highways,อรุณอมรินทร์ - พุทธมณฑลสาย 4,private/passenger car,speeding,rear-end collision,2,0,5,clear,13.78423249,100.3954455,straight road,no slope
7159421,2022-10-23T09:09:00Z,2022-10-23T09:54:00Z,กรุงเทพมหานคร,Bangkok,expressway authority of thailand,พญาไท-ศรีนครินทร์,other,other,collision with obstruction (on road surface),1,0,0,clear,13.75140186,100.5927615,straight road,other
7568445,2022-10-23T10:05:00Z,2023-01-24T14:37:00Z,กรุงเทพมหานคร,Bangkok,department of highways,แขวงรามอินทรา - บางพลี,large truck with trailer,speeding,rear-end collision,3,0,1,clear,13.67179231,100.6991038,straight road,no slope
7565022,2022-10-23T12:30:00Z,2023-01-20T07:16:00Z,ปทุมธานี,Pathum Thani,department of highways,บ้านพร้าว - คลองห้า,4-wheel pickup truck,speeding,rear-end collision,4,0,1,clear,14.06536011,100.6052046,straight road,no slope
7164793,2022-10-23T12:52:00Z,2022-10-24T07:40:00Z,กรุงเทพมหานคร,Bangkok,expressway authority of thailand,แจ้งวัฒนะ-พญาไท,other,other,other,1,0,0,clear,NA,NA,straight road,other
7161649,2022-10-23T13:52:00Z,2022-10-23T18:29:00Z,สมุทรปราการ,Samut Prakan,department of highways,แขวงคลองสองต้นนุ่น - พิมพา,private/passenger car,speeding,rear-end collision,2,0,0,clear,13.67236568,100.8402336,straight road,no slope
7161650,2022-10-23T14:21:00Z,2022-10-23T18:27:00Z,สมุทรปราการ,Samut Prakan,department of highways,แขวงคลองสองต้นนุ่น - พิมพา,private/passenger car,speeding,rear-end collision,5,0,1,clear,13.65856803,100.8616483,straight road,no slope
7561622,2022-10-23T15:00:00Z,2023-01-17T11:23:00Z,กรุงเทพมหานคร,Bangkok,department of highways,ดาวคะนอง -  แสมดำ,private/passenger car,cutting in closely by people/vehicles/animals,rear-end collision,2,0,1,clear,13.68516961,100.4878034,other,other
7161724,2022-10-23T17:15:00Z,2022-10-23T18:44:00Z,กรุงเทพมหานคร,Bangkok,expressway authority of thailand,หมอชิต-กาญจนาฯ,other,other,side collision,2,0,1,clear,13.822078,100.528379,straight road,other
7171116,2022-10-23T18:56:00Z,2022-10-25T08:32:00Z,ปทุมธานี,Pathum Thani,department of highways,บางปะอิน - แขวงรามอินทรา,private/passenger car,speeding,rear-end collision,5,0,2,clear,13.98739183,100.7133597,straight road,no slope
7162980,2022-10-23T18:58:00Z,2022-10-23T23:07:00Z,กรุงเทพมหานคร,Bangkok,expressway authority of thailand,แจ้งวัฒนะ-พญาไท,other,other,collision with obstruction (on road surface),1,0,0,clear,13.79466929,100.5394874,straight road,other
7444149,2022-10-23T18:58:00Z,2022-12-08T10:50:00Z,กรุงเทพมหานคร,Bangkok,department of highways,ไม่ทราบ,private/passenger car,speeding,rear-end collision,2,0,0,clear,13.78356562,100.405371,straight road,no slope
7162309,2022-10-23T19:53:00Z,2022-10-23T20:52:00Z,สมุทรปราการ,Samut Prakan,department of highways,แขวงคลองสองต้นนุ่น - พิมพา,private/passenger car,speeding,rear-end collision,2,0,0,clear,13.67137793,100.8417624,straight road,no slope
7163002,2022-10-23T22:31:00Z,2022-10-23T23:14:00Z,สมุทรปราการ,Samut Prakan,department of highways,แขวงคลองสองต้นนุ่น - พิมพา,private/passenger car,speeding,rear-end collision,7,0,0,clear,13.66595694,100.8501765,straight road,no slope
7521765,2022-10-23T23:30:00Z,2022-12-30T11:25:00Z,นนทบุรี,Nonthaburi,department of highways,บางบัวทอง - ไทรน้อย,private/passenger car,loss of control,rollover/fallen on straight road,1,0,0,clear,13.92649895,100.4112677,straight road,no slope
7323391,2022-10-24T00:30:00Z,2022-11-16T09:15:00Z,นครปฐม,Nakhon Pathom,department of highways,อ้อมน้อย - ศาลายา,4-wheel pickup truck,speeding,rollover/fallen on straight road,1,0,3,clear,13.74825651,100.3004444,straight road,no slope
7178481,2022-10-24T03:00:00Z,2022-10-26T09:06:00Z,สมุทรปราการ,Samut Prakan,department of rural roads,สะพานภูมิพลที่ 1 ไปสะพานภูมิพลที่ 2,7-10-wheel truck,vehicle equipment failure,other,3,0,0,clear,13.64772,100.541415,straight road,slope area
7439431,2022-10-24T03:26:00Z,2022-12-07T13:51:00Z,กรุงเทพมหานคร,Bangkok,department of highways,ไม่ทราบ,motorcycle,speeding,other,2,0,1,clear,13.66445833,100.4421495,straight road,no slope
7167373,2022-10-24T14:15:00Z,2022-10-24T18:06:00Z,สมุทรปราการ,Samut Prakan,department of highways,แขวงคลองสองต้นนุ่น - พิมพา,6-wheel truck,speeding,rear-end collision,2,0,3,clear,13.62669014,100.9113926,straight road,no slope
7561586,2022-10-24T14:30:00Z,2023-01-17T10:55:00Z,กรุงเทพมหานคร,Bangkok,department of highways,บางแค - คลองมหาสวัสดิ์,4-wheel pickup truck,speeding,rear-end collision,2,0,0,clear,13.69405612,100.4076804,straight road,no slope
7564381,2022-10-24T15:00:00Z,2023-01-19T14:15:00Z,สมุทรสาคร,Samut Sakhon,department of highways,สะพานข้ามแม่น้ำท่าจีนฝั่งตะวันตก - นาโคก,4-wheel pickup truck,speeding,rear-end collision,2,0,0,clear,13.53166254,100.2056958,straight road,no slope
7564947,2022-10-24T18:30:00Z,2023-01-20T06:24:00Z,สมุทรปราการ,Samut Prakan,department of highways,บางพลี - กิ่งแก้ว,motorcycle,cutting in closely by people/vehicles/animals,other,2,0,1,clear,13.61156814,100.7016465,connecting to public/commercial area,other
7171434,2022-10-24T20:34:00Z,2022-10-25T09:33:00Z,กรุงเทพมหานคร,Bangkok,department of highways,แขวงรามอินทรา - บางพลี,4-wheel pickup truck,speeding,rear-end collision,3,0,2,clear,13.70189472,100.699667,straight road,no slope
7560662,2022-10-25T04:19:00Z,2023-01-16T10:59:00Z,กรุงเทพมหานคร,Bangkok,expressway authority of thailand,ดาวคะนอง-ท่าเรือ,other,other,side collision,1,0,0,clear,NA,NA,other,other
7561631,2022-10-25T08:00:00Z,2023-01-17T11:30:00Z,กรุงเทพมหานคร,Bangkok,department of highways,อรุณอมรินทร์ - พุทธมณฑลสาย 4,motorcycle,speeding,rear-end collision,2,0,2,clear,13.78614583,100.4634677,other,other
7561535,2022-10-25T08:30:00Z,2023-01-17T10:21:00Z,กรุงเทพมหานคร,Bangkok,department of highways,อรุณอมรินทร์ - พุทธมณฑลสาย 4,motorcycle,speeding,rear-end collision,2,0,2,clear,13.78584706,100.3838823,straight road,no slope
7212324,2022-10-25T08:50:00Z,2022-10-31T09:31:00Z,ปทุมธานี,Pathum Thani,department of rural roads,แยกทางหลวงหมายเลข 305 (กม.ที่ 23+950) - เลียบคลอง10 ฝั่งตะวันออก,motorcycle,illegal overtaking,other,2,1,1,clear,13.977632,100.820326,straight road,no slope
7561728,2022-10-25T12:30:00Z,2023-01-17T14:05:00Z,ปทุมธานี,Pathum Thani,department of highways,ลำลูกกา - คลอง 16,4-wheel pickup truck,slippery road,rollover/fallen on straight road,1,0,0,rainy,13.95400301,100.8389641,other,other
7561490,2022-10-25T14:15:00Z,2023-01-17T09:58:00Z,กรุงเทพมหานคร,Bangkok,department of highways,อรุณอมรินทร์ - พุทธมณฑลสาย 4,private/passenger car,speeding,rear-end collision,2,0,3,clear,13.78831052,100.3456315,straight road,no slope
7564155,2022-10-25T14:25:00Z,2023-01-19T10:54:00Z,สมุทรสาคร,Samut Sakhon,department of highways,แสมดำ - สะพานข้ามแม่น้ำท่าจีนฝั่งตะวันตก,4-wheel pickup truck,speeding,rear-end collision,2,0,0,clear,13.57045741,100.2889846,straight road,no slope
7518603,2022-10-25T15:37:00Z,2022-12-29T11:39:00Z,กรุงเทพมหานคร,Bangkok,expressway authority of thailand,พญาไท-ศรีนครินทร์,other,other,side collision,3,0,0,clear,NA,NA,y-intersection,other
7178856,2022-10-25T15:39:00Z,2022-10-26T10:15:00Z,สมุทรปราการ,Samut Prakan,department of highways,แขวงคลองสองต้นนุ่น - พิมพา,private/passenger car,speeding,rear-end collision,3,0,0,clear,13.66595694,100.8501765,straight road,no slope
7564165,2022-10-25T15:40:00Z,2023-01-19T10:57:00Z,สมุทรสาคร,Samut Sakhon,department of highways,สะพานข้ามแม่น้ำท่าจีนฝั่งตะวันตก - นาโคก,4-wheel pickup truck,speeding,rear-end collision,2,0,0,clear,13.53056093,100.2024314,straight road,no slope
7561638,2022-10-25T15:41:00Z,2023-01-17T11:40:00Z,กรุงเทพมหานคร,Bangkok,department of highways,อรุณอมรินทร์ - พุทธมณฑลสาย 4,private/passenger car,cutting in closely by people/vehicles/animals,rear-end collision,3,0,0,clear,13.78276459,100.4510249,straight road,no slope
7219444,2022-10-26T04:25:00Z,2022-11-01T09:58:00Z,กรุงเทพมหานคร,Bangkok,expressway authority of thailand,รามอินทรา-อาจณรงค์,other,other,rollover/fallen on straight road,1,0,1,clear,13.841695,100.635158,y-intersection,other
7560663,2022-10-26T06:13:00Z,2023-01-16T10:59:00Z,กรุงเทพมหานคร,Bangkok,expressway authority of thailand,ดินแดง-ท่าเรือ,other,other,side collision,1,0,0,clear,13.72534606,100.5525954,y-intersection,other
7561784,2022-10-26T09:00:00Z,2023-01-17T14:36:00Z,นนทบุรี,Nonthaburi,department of highways,คลองมหาสวัสดิ์ - คลองบางไผ่,private/passenger car,speeding,rear-end collision,6,0,0,clear,13.84386836,100.4128138,straight road,no slope
7527280,2022-10-26T09:30:00Z,2022-12-31T10:31:00Z,กรุงเทพมหานคร,Bangkok,department of highways,บางแค - คลองมหาสวัสดิ์,4-wheel pickup truck,speeding,rear-end collision,2,0,1,clear,13.68590322,100.4073049,straight road,no slope
7185817,2022-10-26T12:20:00Z,2022-10-27T09:51:00Z,กรุงเทพมหานคร,Bangkok,department of highways,บางปะอิน - แขวงรามอินทรา,4-wheel pickup truck,speeding,rear-end collision,3,0,0,clear,13.86902548,100.6784561,straight road,no slope
7564355,2022-10-26T16:40:00Z,2023-01-19T14:08:00Z,สมุทรสาคร,Samut Sakhon,department of highways,แสมดำ - สะพานข้ามแม่น้ำท่าจีนฝั่งตะวันตก,6-wheel truck,speeding,rear-end collision,2,0,0,clear,13.58069865,100.3087316,straight road,no slope
7219953,2022-10-26T18:10:00Z,2022-11-01T11:15:00Z,สมุทรปราการ,Samut Prakan,expressway authority of thailand,บางพลี-สุขสวัสดิ์,4-wheel pickup truck,other,rear-end collision,2,0,1,clear,13.632673,100.674108,straight road,other
7187069,2022-10-26T20:01:00Z,2022-10-27T14:06:00Z,สมุทรปราการ,Samut Prakan,department of highways,แขวงคลองสองต้นนุ่น - พิมพา,private/passenger car,speeding,rear-end collision,2,0,0,clear,13.63791175,100.8937919,straight road,no slope
7565031,2022-10-26T23:30:00Z,2023-01-20T07:21:00Z,ปทุมธานี,Pathum Thani,department of highways,ปทุมธานี - ท้ายเกาะ,large truck with trailer,speeding,rollover/fallen on straight road,1,0,0,clear,14.03554991,100.5252939,straight road,no slope
7518680,2022-10-27T02:00:00Z,2022-12-29T14:40:00Z,ปทุมธานี,Pathum Thani,department of highways,ไม่ทราบ,large truck with trailer,speeding,rear-end collision,2,0,1,clear,14.06725822,100.6174592,straight road,no slope
7561720,2022-10-27T02:00:00Z,2023-01-17T13:57:00Z,ปทุมธานี,Pathum Thani,department of highways,วัดนาบุญ - คลอง 14,4-wheel pickup truck,falling asleep,rear-end collision,2,0,0,clear,14.06622774,100.8633569,straight road,no slope
7185774,2022-10-27T04:38:00Z,2022-10-27T09:40:00Z,กรุงเทพมหานคร,Bangkok,department of highways,แขวงรามอินทรา - บางพลี,4-wheel pickup truck,speeding,rollover/fallen on straight road,1,0,0,rainy,13.77742693,100.6873503,straight road,no slope