acc_code,incident_datetime,report_datetime,province_th,province_en,agency,route,vehicle_type,presumed_cause,accident_type,number_of_vehicles_involved,number_of_fatalities,number_of_injuries,weather_condition,latitude,longitude,road_description,slope_description
7564394,2022-10-27T05:45:00Z,2023-01-19T14:33:00Z,นครปฐม,Nakhon Pathom,department of highways,พุทธมณฑลสาย 4 - นครชัยศรี,4-wheel pickup truck,speeding,rollover/fallen on straight road,1,0,0,rainy,13.78106614,100.2375841,other,other
7185856,2022-10-27T07:52:00Z,2022-10-27T09:55:00Z,กรุงเทพมหานคร,Bangkok,expressway authority of thailand,พญาไท-ศรีนครินทร์,other,other,side collision,2,0,0,clear,13.74172934,100.6397472,grade-separated intersection/ramps,other
7554566,2022-10-27T10:00:00Z,2023-01-09T13:29:00Z,นครปฐม,Nakhon Pathom,department of highways,นครชัยศรี - ดอนตูม,motorcycle,driving under the influence of alcohol,rollover/fallen on straight road,1,0,1,clear,13.83098735,100.1922539,straight road,no slope
7564318,2022-10-27T11:15:00Z,2023-01-19T13:47:00Z,สมุทรสาคร,Samut Sakhon,department of highways,สะพานข้ามแม่น้ำท่าจีนฝั่งตะวันตก - นาโคก,4-wheel pickup truck,speeding,rear-end collision,2,0,0,clear,13.53408438,100.2128777,straight road,no slope
7568434,2022-10-27T12:50:00Z,2023-01-24T14:23:00Z,กรุงเทพมหานคร,Bangkok,department of highways,บางปะอิน - แขวงรามอินทรา,motorcycle,speeding,rear-end collision,2,0,0,clear,13.83733509,100.6731292,straight road,no slope
7560749,2022-10-27T14:15:00Z,2023-01-16T12:13:00Z,สมุทรปราการ,Samut Prakan,expressway authority of thailand,บางนา-ชลบุรี,4-wheel pickup truck,other,rear-end collision,2,0,3,clear,13.597115,100.79815,straight road,other
7188370,2022-10-27T15:44:00Z,2022-10-27T18:20:00Z,กรุงเทพมหานคร,Bangkok,expressway authority of thailand,พญาไท-ศรีนครินทร์,other,other,rear-end collision,2,0,0,clear,NA,NA,straight road,other
7564963,2022-10-27T17:45:00Z,2023-01-20T06:35:00Z,กรุงเทพมหานคร,Bangkok,department of highways,บางนา - ทางเข้าท่าอากาศยานสุวรรณภูมิ,6-wheel truck,speeding,rear-end collision,2,0,1,clear,13.66659287,100.6383705,straight road,no slope
7561578,2022-10-27T19:10:00Z,2023-01-17T10:54:00Z,กรุงเทพมหานคร,Bangkok,department of highways,บางแค - คลองมหาสวัสดิ์,motorcycle,speeding,rear-end collision,2,0,2,clear,13.68204753,100.4065526,straight road,no slope
7564314,2022-10-27T20:25:00Z,2023-01-19T13:45:00Z,กรุงเทพมหานคร,Bangkok,department of highways,แสมดำ - สะพานข้ามแม่น้ำท่าจีนฝั่งตะวันตก,private/passenger car,speeding,rear-end collision,3,0,0,clear,13.61029744,100.3777592,straight road,no slope
7564341,2022-10-27T20:25:00Z,2023-01-19T14:01:00Z,กรุงเทพมหานคร,Bangkok,department of highways,แสมดำ - สะพานข้ามแม่น้ำท่าจีนฝั่งตะวันตก,private/passenger car,speeding,rear-end collision,3,0,0,clear,13.60997324,100.3774371,straight road,no slope
7568420,2022-10-27T21:08:00Z,2023-01-24T14:14:00Z,กรุงเทพมหานคร,Bangkok,department of highways,แขวงคลองสองต้นนุ่น - พิมพา,private/passenger car,speeding,rear-end collision,2,0,1,clear,13.7294737,100.8105495,straight road,no slope
7212317,2022-10-27T22:09:00Z,2022-10-31T09:30:00Z,สมุทรปราการ,Samut Prakan,department of rural roads,สะพานภูมิพลที่ 1 ไปสะพานภูมิพลที่ 2,motorcycle,running red lights/traffic signals,other,2,1,0,clear,13.668177,100.538461,straight road,no slope
7564362,2022-10-27T22:50:00Z,2023-01-19T14:09:00Z,สมุทรสาคร,Samut Sakhon,department of highways,แสมดำ - สะพานข้ามแม่น้ำท่าจีนฝั่งตะวันตก,private/passenger car,speeding,rollover/fallen on straight road,1,0,0,clear,13.58415265,100.3153834,straight road,no slope
7205855,2022-10-28T01:00:00Z,2022-10-30T09:48:00Z,กรุงเทพมหานคร,Bangkok,department of highways,บางปะอิน - แขวงรามอินทรา,private/passenger car,speeding,rollover/fallen on straight road,1,0,0,clear,13.91550765,100.7024217,other,other
7212320,2022-10-28T04:56:00Z,2022-10-31T09:30:00Z,สมุทรปราการ,Samut Prakan,department of rural roads,ถนนวงแหวนอุตสาหกรรมเข้าสะพานภูมิพลที่ 1,private/passenger car,tailgating,other,3,0,0,clear,13.664229,100.526661,straight road,slope area
7564310,2022-10-28T07:31:00Z,2023-01-19T13:45:00Z,สมุทรสาคร,Samut Sakhon,department of highways,แสมดำ - สะพานข้ามแม่น้ำท่าจีนฝั่งตะวันตก,private/passenger car,speeding,rollover/fallen on straight road,1,0,0,clear,13.6012092,100.3687503,straight road,no slope
7561641,2022-10-28T08:30:00Z,2023-01-17T11:43:00Z,กรุงเทพมหานคร,Bangkok,department of highways,อรุณอมรินทร์ - พุทธมณฑลสาย 4,private/passenger car,cutting in closely by people/vehicles/animals,rear-end collision,2,0,1,clear,13.78010065,100.4371612,straight road,no slope
7564337,2022-10-28T09:35:00Z,2023-01-19T13:58:00Z,สมุทรสาคร,Samut Sakhon,department of highways,สะพานข้ามแม่น้ำท่าจีนฝั่งตะวันตก - นาโคก,private/passenger car,speeding,rear-end collision,2,0,1,clear,13.53276452,100.20896,straight road,no slope
7560820,2022-10-28T10:00:00Z,2023-01-16T14:33:00Z,กรุงเทพมหานคร,Bangkok,department of highways,ถนนศรีนครินทร์ - ลาดกระบัง,other,speeding,rollover/fallen on straight road,1,0,0,clear,13.73086898,100.7198869,straight road,no slope
7199564,2022-10-28T10:53:00Z,2022-10-29T09:39:00Z,กรุงเทพมหานคร,Bangkok,department of highways,บางปะอิน - แขวงรามอินทรา,4-wheel pickup truck,speeding,rear-end collision,3,0,0,clear,13.84895548,100.6725928,straight road,no slope
7560839,2022-10-28T11:00:00Z,2023-01-16T14:35:00Z,กรุงเทพมหานคร,Bangkok,department of highways,ถนนศรีนครินทร์ - ลาดกระบัง,other,speeding,rollover/fallen on straight road,1,0,0,clear,13.73001125,100.7276963,straight road,no slope
7561793,2022-10-28T11:20:00Z,2023-01-17T14:41:00Z,ปทุมธานี,Pathum Thani,department of highways,คลองบางไผ่ - คลองบางหลวง,large truck with trailer,speeding,rollover/fallen on straight road,1,0,0,clear,14.00145192,100.4505261,straight road,no slope
7568419,2022-10-28T13:00:00Z,2023-01-24T14:13:00Z,สมุทรปราการ,Samut Prakan,department of highways,แขวงคลองสองต้นนุ่น - พิมพา,private/passenger car,speeding,rear-end collision,3,0,0,clear,13.66595694,100.8501765,straight road,no slope
7560825,2022-10-28T13:30:00Z,2023-01-16T14:34:00Z,กรุงเทพมหานคร,Bangkok,department of highways,ถนนศรีนครินทร์ - ลาดกระบัง,other,speeding,rollover/fallen on straight road,1,0,0,clear,13.70463469,100.822927,straight road,no slope
7214143,2022-10-28T14:19:00Z,2022-10-31T15:01:00Z,กรุงเทพมหานคร,Bangkok,department of highways,แขวงคลองสองต้นนุ่น - พิมพา,private/passenger car,speeding,rear-end collision,4,0,0,clear,13.73101359,100.7172918,straight road,no slope
7214254,2022-10-28T15:07:00Z,2022-10-31T15:17:00Z,กรุงเทพมหานคร,Bangkok,department of highways,แขวงคลองสองต้นนุ่น - พิมพา,private/passenger car,speeding,rear-end collision,6,0,3,clear,13.729518,100.7435775,straight road,no slope
7527289,2022-10-28T15:20:00Z,2022-12-31T10:33:00Z,กรุงเทพมหานคร,Bangkok,department of highways,บางแค - คลองมหาสวัสดิ์,motorcycle,speeding,rear-end collision,2,0,1,clear,13.75921962,100.4060818,straight road,no slope
7332336,2022-10-28T17:14:00Z,2022-11-02T10:13:00Z,กรุงเทพมหานคร,Bangkok,department of highways,แขวงคลองสองต้นนุ่น - พิมพา,4-wheel pickup truck,speeding,rear-end collision,2,0,0,clear,13.72972435,100.7290533,straight road,no slope
7561628,2022-10-28T17:50:00Z,2023-01-17T11:28:00Z,กรุงเทพมหานคร,Bangkok,department of highways,ดาวคะนอง -  แสมดำ,private/passenger car,speeding,rear-end collision,2,0,0,clear,13.68311081,100.4823974,straight road,no slope
7568399,2022-10-28T18:20:00Z,2023-01-24T14:05:00Z,กรุงเทพมหานคร,Bangkok,department of highways,แขวงคลองสองต้นนุ่น - พิมพา,private/passenger car,speeding,rear-end collision,5,0,2,clear,13.7172351,100.8165881,straight road,no slope
7564133,2022-10-28T22:20:00Z,2023-01-19T10:43:00Z,สมุทรสาคร,Samut Sakhon,department of highways,แสมดำ - สะพานข้ามแม่น้ำท่าจีนฝั่งตะวันตก,4-wheel pickup truck,speeding,rear-end collision,2,0,1,clear,13.56160241,100.2756292,straight road,no slope
7219461,2022-10-29T00:35:00Z,2022-11-01T10:01:00Z,กรุงเทพมหานคร,Bangkok,expressway authority of thailand,รามอินทรา-อาจณรงค์,4-wheel pickup truck,other,other,3,0,3,clear,NA,NA,wide curve,other
7213445,2022-10-29T02:55:00Z,2022-10-31T12:52:00Z,สมุทรปราการ,Samut Prakan,department of rural roads,สะพานภูมิพลที่ 2 ไปสะพานภูมิพลที่ 1,motorcycle,running red lights/traffic signals,other,2,1,0,clear,13.65865,100.539724,straight road,slope area
7199977,2022-10-29T05:10:00Z,2022-10-29T11:06:00Z,กรุงเทพมหานคร,Bangkok,department of highways,แขวงรามอินทรา - บางพลี,7-10-wheel truck,speeding,rear-end collision,2,0,0,clear,13.78161579,100.686146,straight road,no slope
7439523,2022-10-29T07:30:00Z,2022-12-07T14:19:00Z,กรุงเทพมหานคร,Bangkok,department of highways,ไม่ทราบ,private/passenger car,speeding,rear-end collision,2,0,0,clear,13.6430975,100.41141,straight road,no slope
7561640,2022-10-29T08:00:00Z,2023-01-17T11:41:00Z,กรุงเทพมหานคร,Bangkok,department of highways,อรุณอมรินทร์ - พุทธมณฑลสาย 4,other,speeding,rollover/fallen on straight road,1,0,0,clear,13.78116506,100.4466307,straight road,no slope
7564148,2022-10-29T08:10:00Z,2023-01-19T10:45:00Z,สมุทรสาคร,Samut Sakhon,department of highways,แสมดำ - สะพานข้ามแม่น้ำท่าจีนฝั่งตะวันตก,4-wheel pickup truck,speeding,rear-end collision,3,0,0,clear,13.54508037,100.2567832,straight road,no slope
7213446,2022-10-29T08:30:00Z,2022-10-31T12:53:00Z,สมุทรปราการ,Samut Prakan,department of rural roads,ถนนวงแหวนอุตสาหกรรมเข้าสะพานภูมิพลที่ 1,passenger pickup truck,failure to yield right of way,other,2,0,3,clear,13.664555,100.535276,y-intersection,other
7564122,2022-10-29T09:00:00Z,2023-01-19T10:39:00Z,สมุทรสาคร,Samut Sakhon,department of highways,สะพานข้ามแม่น้ำท่าจีนฝั่งตะวันตก - นาโคก,4-wheel pickup truck,speeding,rear-end collision,2,0,0,clear,13.54402569,100.2509293,straight road,no slope
7561486,2022-10-29T09:30:00Z,2023-01-17T09:56:00Z,กรุงเทพมหานคร,Bangkok,department of highways,อรุณอมรินทร์ - พุทธมณฑลสาย 4,large passenger vehicle,speeding,rear-end collision,2,0,1,clear,13.78832836,100.3452897,straight road,no slope
7561532,2022-10-29T10:00:00Z,2023-01-17T10:17:00Z,กรุงเทพมหานคร,Bangkok,department of highways,อรุณอมรินทร์ - พุทธมณฑลสาย 4,4-wheel pickup truck,cutting in closely by people/vehicles/animals,rear-end collision,3,0,0,clear,13.78667404,100.3739375,straight road,no slope
7205965,2022-10-29T10:31:00Z,2022-10-30T10:12:00Z,ปทุมธานี,Pathum Thani,department of highways,บางปะอิน - แขวงรามอินทรา,4-wheel pickup truck,speeding,rear-end collision,2,0,0,clear,14.06717609,100.6964645,straight road,no slope
7332361,2022-10-29T11:22:00Z,2022-11-02T09:33:00Z,สมุทรปราการ,Samut Prakan,department of highways,แขวงคลองสองต้นนุ่น - พิมพา,private/passenger car,speeding,rear-end collision,3,0,0,clear,13.66891225,100.8455885,straight road,no slope
7561599,2022-10-29T12:30:00Z,2023-01-17T11:02:00Z,กรุงเทพมหานคร,Bangkok,department of highways,บางแค - คลองมหาสวัสดิ์,private/passenger car,speeding,rear-end collision,2,0,0,clear,13.76407573,100.4066572,straight road,no slope
7565032,2022-10-29T13:00:00Z,2023-01-20T07:24:00Z,ปทุมธานี,Pathum Thani,department of highways,คลองบางหลวง - ต่างระดับเชียงรากน้อย,private/passenger car,speeding,rollover/fallen on curved road,1,0,1,clear,14.03559879,100.452417,wide curve,no slope
7568397,2022-10-29T13:09:00Z,2023-01-24T14:06:00Z,กรุงเทพมหานคร,Bangkok,department of highways,แขวงคลองสองต้นนุ่น - พิมพา,private/passenger car,speeding,rear-end collision,2,0,0,clear,13.7090764,100.8206126,straight road,no slope
7206056,2022-10-29T13:42:00Z,2022-10-30T10:32:00Z,กรุงเทพมหานคร,Bangkok,department of highways,บางปะอิน - แขวงรามอินทรา,private/passenger car,speeding,rear-end collision,4,0,1,clear,13.8903826,100.6894746,straight road,no slope
7568433,2022-10-29T18:45:00Z,2023-01-24T14:20:00Z,ปทุมธานี,Pathum Thani,department of highways,บางปะอิน - แขวงรามอินทรา,4-wheel pickup truck,speeding,rollover/fallen on straight road,1,0,0,clear,14.13252588,100.668945,straight road,no slope
7207606,2022-10-29T21:00:00Z,2022-10-30T15:46:00Z,กรุงเทพมหานคร,Bangkok,department of highways,บางปะอิน - แขวงรามอินทรา,4-wheel pickup truck,vehicle equipment failure,rollover/fallen on straight road,1,0,2,clear,13.86646051,100.677512,straight road,no slope
7219975,2022-10-29T23:14:00Z,2022-11-01T11:19:00Z,สมุทรปราการ,Samut Prakan,expressway authority of thailand,บางพลี-สุขสวัสดิ์,other,other,rear-end collision,3,0,2,clear,13.634583,100.567552,straight road,other
7219453,2022-10-29T23:35:00Z,2022-11-01T09:59:00Z,กรุงเทพมหานคร,Bangkok,expressway authority of thailand,รามอินทรา-อาจณรงค์,other,other,collision with obstruction (on road surface),1,0,1,clear,13.771321,100.606198,wide curve,other
7561521,2022-10-30T01:00:00Z,2023-01-17T10:12:00Z,กรุงเทพมหานคร,Bangkok,department of highways,อรุณอมรินทร์ - พุทธมณฑลสาย 4,private/passenger car,driving under the influence of alcohol,collision with obstruction (on road surface),1,0,0,clear,13.78753816,100.3637633,other,other
7564154,2022-10-30T01:20:00Z,2023-01-19T10:53:00Z,สมุทรสาคร,Samut Sakhon,department of highways,แสมดำ - สะพานข้ามแม่น้ำท่าจีนฝั่งตะวันตก,7-10-wheel truck,speeding,rear-end collision,3,0,2,clear,13.56160241,100.2756292,straight road,no slope
7561648,2022-10-30T10:40:00Z,2023-01-17T11:48:00Z,กรุงเทพมหานคร,Bangkok,department of highways,อรุณอมรินทร์ - พุทธมณฑลสาย 4,motorcycle,speeding,rear-end collision,2,0,0,clear,13.78243376,100.4167517,other,other
7414625,2022-10-30T11:10:00Z,2022-11-29T09:05:00Z,นครปฐม,Nakhon Pathom,department of highways,นครชัยศรี - ดอนตูม,4-wheel pickup truck,cutting in closely by people/vehicles/animals,rear-end collision,2,0,0,clear,13.8350836,100.1942115,straight road,no slope
7564309,2022-10-30T13:30:00Z,2023-01-19T13:44:00Z,สมุทรสาคร,Samut Sakhon,department of highways,แสมดำ - สะพานข้ามแม่น้ำท่าจีนฝั่งตะวันตก,large truck with trailer,speeding,rollover/fallen on straight road,1,0,0,clear,13.55602799,100.2695812,straight road,no slope
7568395,2022-10-30T13:34:00Z,2023-01-24T14:07:00Z,กรุงเทพมหานคร,Bangkok,department of highways,แขวงคลองสองต้นนุ่น - พิมพา,private/passenger car,speeding,rear-end collision,3,0,3,clear,13.73072013,100.7200107,straight road,no slope
7561474,2022-10-30T15:45:00Z,2023-01-17T09:53:00Z,กรุงเทพมหานคร,Bangkok,department of highways,อรุณอมรินทร์ - พุทธมณฑลสาย 4,private/passenger car,speeding,rear-end collision,3,0,1,clear,13.78823107,100.3425631,straight road,no slope
7565007,2022-10-30T18:30:00Z,2023-01-20T06:56:00Z,สมุทรปราการ,Samut Prakan,department of highways,ทางเข้าท่าอากาศยานสุวรรณภูมิ - บางวัว,private/passenger car,speeding,rear-end collision,2,1,1,clear,13.62194327,100.7355898,other,other
7568428,2022-10-30T18:46:00Z,2023-01-24T14:16:00Z,กรุงเทพมหานคร,Bangkok,department of highways,แขวงคลองสองต้นนุ่น - พิมพา,private/passenger car,speeding,rear-end collision,3,0,0,clear,13.73173793,100.7651719,straight road,no slope
7561789,2022-10-30T19:00:00Z,2023-01-17T14:40:00Z,นนทบุรี,Nonthaburi,department of highways,บางบัวทอง - บางคูวัด,private/passenger car,speeding,rear-end collision,2,0,0,clear,13.94257138,100.4245419,wide curve,no slope
7564145,2022-10-31T03:55:00Z,2023-01-19T10:46:00Z,สมุทรสาคร,Samut Sakhon,department of highways,สะพานข้ามแม่น้ำท่าจีนฝั่งตะวันตก - นาโคก,motorcycle,speeding,rear-end collision,2,0,0,clear,13.54454341,100.2550296,straight road,no slope
7212584,2022-10-31T07:26:00Z,2022-10-31T10:03:00Z,กรุงเทพมหานคร,Bangkok,department of highways,ถนนศรีนครินทร - แขวงคลองสองต้นนุ่น,4-wheel pickup truck,speeding,rear-end collision,2,0,0,clear,13.74072168,100.6448614,straight road,no slope
7212106,2022-10-31T07:30:00Z,2022-10-31T08:54:00Z,กรุงเทพมหานคร,Bangkok,department of highways,บางปะอิน - แขวงรามอินทรา,4-wheel pickup truck,speeding,rear-end collision,3,0,0,clear,13.82825348,100.6743926,straight road,no slope
7212804,2022-10-31T08:44:00Z,2022-10-31T10:32:00Z,กรุงเทพมหานคร,Bangkok,department of highways,ถนนศรีนครินทร - แขวงคลองสองต้นนุ่น,private/passenger car,speeding,rear-end collision,2,0,0,clear,13.73738929,100.6597289,straight road,no slope
7561533,2022-10-31T09:40:00Z,2023-01-17T10:19:00Z,กรุงเทพมหานคร,Bangkok,department of highways,อรุณอมรินทร์ - พุทธมณฑลสาย 4,large passenger vehicle,speeding,rear-end collision,2,0,0,clear,13.78657825,100.376662,straight road,no slope
7568400,2022-10-31T11:12:00Z,2023-01-24T14:09:00Z,ปทุมธานี,Pathum Thani,department of highways,บางปะอิน - แขวงรามอินทรา,private/passenger car,speeding,rear-end collision,4,0,1,clear,13.95911199,100.7127374,straight road,no slope
7561597,2022-10-31T14:20:00Z,2023-01-17T11:01:00Z,กรุงเทพมหานคร,Bangkok,department of highways,บางแค - คลองมหาสวัสดิ์,private/passenger car,speeding,rear-end collision,2,0,0,clear,13.73135492,100.4061261,straight road,no slope
7218798,2022-10-31T15:24:00Z,2022-11-01T07:26:00Z,กรุงเทพมหานคร,Bangkok,expressway authority of thailand,พญาไท-บางโคล่,other,other,side collision,3,0,0,clear,13.73929559,100.5197721,straight road,other
7218850,2022-10-31T18:05:00Z,2022-11-01T07:37:00Z,กรุงเทพมหานคร,Bangkok,expressway authority of thailand,พญาไท-ศรีนครินทร์,other,other,collision with obstruction (on road surface),1,0,0,clear,NA,NA,other,other
7568396,2022-10-31T19:57:00Z,2023-01-24T14:08:00Z,ปทุมธานี,Pathum Thani,department of highways,บางปะอิน - แขวงรามอินทรา,large truck with trailer,speeding,rear-end collision,3,0,1,clear,14.08956716,100.6930621,straight road,no slope
7414631,2022-10-31T21:30:00Z,2022-11-29T09:07:00Z,นครปฐม,Nakhon Pathom,department of highways,นครชัยศรี - ดอนตูม,4-wheel pickup truck,speeding,rollover/fallen on straight road,1,0,0,clear,13.85296728,100.2023265,straight road,no slope
7560647,2022-10-31T23:00:00Z,2023-01-16T10:35:00Z,กรุงเทพมหานคร,Bangkok,department of highways,ดินแดง - งามวงศ์วาน,motorcycle,driving under the influence of alcohol,rear-end collision,2,0,0,clear,13.80524345,100.5601611,straight road,no slope
7564150,2022-10-31T23:50:00Z,2023-01-19T10:49:00Z,สมุทรสาคร,Samut Sakhon,department of highways,แสมดำ - สะพานข้ามแม่น้ำท่าจีนฝั่งตะวันตก,motorcycle,falling asleep,rollover/fallen on straight road,1,0,1,clear,13.56097777,100.2749619,other,other
7325208,2022-11-01T09:48:00Z,2022-11-04T14:13:00Z,ปทุมธานี,Pathum Thani,department of highways,บางปะอิน - แขวงรามอินทรา,7-10-wheel truck,speeding,rear-end collision,2,0,0,clear,13.95548468,100.7126342,straight road,no slope
7444243,2022-11-01T10:00:00Z,2022-12-08T14:05:00Z,กรุงเทพมหานคร,Bangkok,department of highways,ไม่ทราบ,other,speeding,other,1,0,0,clear,13.82519451,100.5580571,straight road,no slope
7518609,2022-11-01T11:45:00Z,2022-12-29T11:39:00Z,กรุงเทพมหานคร,Bangkok,expressway authority of thailand,หมอชิต-กาญจนาฯ,other,other,side collision,1,0,0,clear,NA,NA,straight road,other
7413956,2022-11-01T14:15:00Z,2022-11-28T09:21:00Z,สมุทรปราการ,Samut Prakan,department of highways,ทางเข้าท่าอากาศยานสุวรรณภูมิ - บางวัว,4-wheel pickup truck,falling asleep,rear-end collision,3,0,1,clear,13.6098476,100.7631429,straight road,no slope
7559344,2022-11-01T18:02:00Z,2023-01-13T13:15:00Z,กรุงเทพมหานคร,Bangkok,department of highways,อรุณอมรินทร์ - พุทธมณฑลสาย 4,motorcycle,speeding,rear-end collision,2,0,1,clear,13.78037581,100.4331896,straight road,no slope
7564344,2022-11-01T18:20:00Z,2023-01-19T14:03:00Z,สมุทรสาคร,Samut Sakhon,department of highways,แสมดำ - สะพานข้ามแม่น้ำท่าจีนฝั่งตะวันตก,4-wheel pickup truck,overloaded vehicle,other,1,0,0,clear,13.5881135,100.3254011,straight road,no slope
7560689,2022-11-01T18:27:00Z,2023-01-16T11:14:00Z,สมุทรปราการ,Samut Prakan,expressway authority of thailand,บางพลี-สุขสวัสดิ์,other,other,rear-end collision,2,0,0,clear,13.630564,100.672353,straight road,other
7332469,2022-11-01T19:49:00Z,2022-11-08T14:51:00Z,สมุทรปราการ,Samut Prakan,department of highways,แขวงคลองสองต้นนุ่น - พิมพา,private/passenger car,speeding,rear-end collision,2,0,0,clear,13.70091769,100.8246372,straight road,no slope
7332439,2022-11-01T22:05:00Z,2022-11-04T14:07:00Z,กรุงเทพมหานคร,Bangkok,department of highways,บางปะอิน - แขวงรามอินทรา,4-wheel pickup truck,speeding,rear-end collision,2,0,1,clear,13.9166662,100.7033859,straight road,no slope
7559333,2022-11-01T22:30:00Z,2023-01-13T13:04:00Z,กรุงเทพมหานคร,Bangkok,department of highways,บางแค - คลองมหาสวัสดิ์,private/passenger car,speeding,rear-end collision,2,0,1,clear,13.74949371,100.4059549,straight road,no slope
7413725,2022-11-02T05:40:00Z,2022-11-25T13:25:00Z,กรุงเทพมหานคร,Bangkok,department of highways,ดินแดง - งามวงศ์วาน,private/passenger car,speeding,rollover/fallen on straight road,1,0,1,clear,13.84427693,100.5599669,other,other
7559036,2022-11-02T09:00:00Z,2023-01-13T09:19:00Z,กรุงเทพมหานคร,Bangkok,department of highways,ดินแดง - งามวงศ์วาน,private/passenger car,cutting in closely by people/vehicles/animals,rear-end collision,2,0,2,clear,13.82227829,100.5584251,straight road,no slope
7336452,2022-11-02T09:38:00Z,2022-11-18T03:31:00Z,กรุงเทพมหานคร,Bangkok,expressway authority of thailand,รามอินทรา-อาจณรงค์,other,other,side collision,3,0,1,clear,NA,NA,straight road,other
7564130,2022-11-02T10:00:00Z,2023-01-19T10:40:00Z,สมุทรสาคร,Samut Sakhon,department of highways,สะพานข้ามแม่น้ำท่าจีนฝั่งตะวันตก - นาโคก,4-wheel pickup truck,speeding,rollover/fallen on straight road,1,0,0,clear,13.54382194,100.2491031,straight road,no slope
7518610,2022-11-02T10:20:00Z,2022-12-29T11:39:00Z,สมุทรปราการ,Samut Prakan,expressway authority of thailand,บางพลี-สุขสวัสดิ์,4-wheel pickup truck,other,rear-end collision,3,0,0,clear,13.628232,100.592495,grade-separated intersection/ramps,other
7332497,2022-11-02T11:25:00Z,2022-11-08T14:12:00Z,ปทุมธานี,Pathum Thani,department of highways,บางปะอิน - แขวงรามอินทรา,4-wheel pickup truck,worn-out/tire blowout,rollover/fallen on straight road,1,0,2,clear,14.10145058,100.6863914,straight road,no slope
7282513,2022-11-02T12:50:00Z,2022-11-10T09:03:00Z,กรุงเทพมหานคร,Bangkok,department of highways,แขวงรามอินทรา - บางพลี,large truck with trailer,speeding,other,4,0,0,clear,13.77309471,100.6894049,straight road,no slope
7518631,2022-11-02T18:58:00Z,2022-12-29T11:39:00Z,กรุงเทพมหานคร,Bangkok,expressway authority of thailand,พญาไท-บางโคล่,other,other,rear-end collision,3,0,0,clear,13.74636351,100.5205781,straight road,other
7332484,2022-11-02T19:35:00Z,2022-11-08T13:44:00Z,กรุงเทพมหานคร,Bangkok,department of highways,บางปะอิน - แขวงรามอินทรา,private/passenger car,speeding,rear-end collision,4,0,0,clear,13.91082522,100.7001016,straight road,no slope
7559400,2022-11-02T21:30:00Z,2023-01-13T14:15:00Z,ปทุมธานี,Pathum Thani,department of highways,ต่างระดับรังสิต - วัดนาบุญ,private/passenger car,speeding,rollover/fallen on straight road,1,0,1,clear,14.0010411,100.6894221,straight road,no slope
7559343,2022-11-02T22:56:00Z,2023-01-13T13:15:00Z,กรุงเทพมหานคร,Bangkok,department of highways,อรุณอมรินทร์ - พุทธมณฑลสาย 4,private/passenger car,speeding,rollover/fallen on straight road,1,0,0,clear,13.78076787,100.4298194,straight road,no slope
7332481,2022-11-02T23:04:00Z,2022-11-08T13:39:00Z,กรุงเทพมหานคร,Bangkok,department of highways,ถนนศรีนครินทร - แขวงคลองสองต้นนุ่น,van,speeding,rear-end collision,2,0,0,clear,13.73524497,100.6780404,straight road,no slope
7332501,2022-11-03T01:45:00Z,2022-11-04T13:21:00Z,ปทุมธานี,Pathum Thani,department of highways,บางปะอิน - แขวงรามอินทรา,private/passenger car,speeding,rear-end collision,2,0,0,clear,14.14905092,100.6592435,straight road,no slope
7527236,2022-11-03T04:15:00Z,2022-12-31T10:20:00Z,กรุงเทพมหานคร,Bangkok,department of highways,พระประแดง - บางแค,4-wheel pickup truck,speeding,rollover/fallen on straight road,1,0,1,clear,13.66351385,100.4054419,straight road,no slope
7518633,2022-11-03T08:23:00Z,2022-12-29T11:39:00Z,กรุงเทพมหานคร,Bangkok,expressway authority of thailand,พญาไท-ศรีนครินทร์,other,other,side collision,1,0,0,clear,NA,NA,other,other
7518634,2022-11-03T08:34:00Z,2022-12-29T11:39:00Z,สมุทรปราการ,Samut Prakan,expressway authority of thailand,บางพลี-สุขสวัสดิ์,other,other,rear-end collision,2,0,0,clear,13.627777,100.593292,straight road,other
7336456,2022-11-03T10:18:00Z,2022-11-18T03:31:00Z,สมุทรปราการ,Samut Prakan,expressway authority of thailand,บางนา-ชลบุรี,other,other,rear-end collision,2,0,0,clear,13.614918,100.750737,straight road,other
7561157,2022-11-03T10:41:00Z,2023-01-17T06:11:00Z,กรุงเทพมหานคร,Bangkok,expressway authority of thailand,พญาไท-บางโคล่,4-wheel pickup truck,other,side collision,2,0,0,clear,13.71723408,100.5195726,straight road,other
7561154,2022-11-03T13:16:00Z,2023-01-17T06:10:00Z,กรุงเทพมหานคร,Bangkok,expressway authority of thailand,แจ้งวัฒนะ-พญาไท,other,other,rear-end collision,2,0,0,clear,NA,NA,y-intersection,other