acc_code,incident_datetime,report_datetime,province_th,province_en,agency,route,vehicle_type,presumed_cause,accident_type,number_of_vehicles_involved,number_of_fatalities,number_of_injuries,weather_condition,latitude,longitude,road_description,slope_description
7518632,2022-11-03T13:33:00Z,2022-12-29T11:39:00Z,กรุงเทพมหานคร,Bangkok,expressway authority of thailand,ดินแดง-ท่าเรือ,other,other,rear-end collision,4,0,0,clear,13.74231972,100.5503734,grade-separated intersection/ramps,other
7564164,2022-11-03T15:41:00Z,2023-01-19T10:56:00Z,สมุทรสาคร,Samut Sakhon,department of highways,แสมดำ - สะพานข้ามแม่น้ำท่าจีนฝั่งตะวันตก,6-wheel truck,speeding,rollover/fallen on straight road,1,0,0,clear,13.59991466,100.3674596,straight road,no slope
7332520,2022-11-03T15:50:00Z,2022-11-04T12:43:00Z,กรุงเทพมหานคร,Bangkok,department of highways,บางปะอิน - แขวงรามอินทรา,4-wheel pickup truck,speeding,rear-end collision,2,0,0,clear,13.853354,100.673887,straight road,no slope
7332530,2022-11-03T17:15:00Z,2022-11-08T14:10:00Z,กรุงเทพมหานคร,Bangkok,department of highways,แขวงรามอินทรา - บางพลี,private/passenger car,speeding,rear-end collision,2,0,0,clear,13.78697029,100.6838728,straight road,no slope
7277035,2022-11-03T18:35:00Z,2022-11-09T14:47:00Z,กรุงเทพมหานคร,Bangkok,department of highways,แขวงรามอินทรา - บางพลี,4-wheel pickup truck,speeding,rear-end collision,3,0,0,clear,13.7975122,100.6813905,straight road,no slope
7332531,2022-11-03T19:25:00Z,2022-11-08T14:30:00Z,กรุงเทพมหานคร,Bangkok,department of highways,ถนนศรีนครินทร - แขวงคลองสองต้นนุ่น,other,speeding,other,1,0,1,clear,13.73163632,100.7108223,straight road,no slope
7564136,2022-11-03T23:15:00Z,2023-01-19T10:44:00Z,สมุทรสาคร,Samut Sakhon,department of highways,สะพานข้ามแม่น้ำท่าจีนฝั่งตะวันตก - นาโคก,passenger pickup truck,speeding,rollover/fallen on straight road,1,0,0,clear,13.53965451,100.2294186,straight road,no slope
7555259,2022-11-04T00:30:00Z,2023-01-10T11:12:00Z,กรุงเทพมหานคร,Bangkok,department of highways,บางนา - ทางเข้าท่าอากาศยานสุวรรณภูมิ,private/passenger car,speeding,rear-end collision,2,0,1,clear,13.66626187,100.6440313,straight road,no slope
7364456,2022-11-04T05:00:00Z,2022-11-22T10:34:00Z,นครปฐม,Nakhon Pathom,department of highways,นครชัยศรี - พระประโทน,4-wheel pickup truck,speeding,rear-end collision,2,0,0,clear,13.80601546,100.1554388,straight road,no slope
7414333,2022-11-04T05:00:00Z,2022-11-29T09:50:00Z,นครปฐม,Nakhon Pathom,department of highways,นครชัยศรี - พระประโทน,private/passenger car,speeding,rear-end collision,2,0,0,clear,13.80599853,100.1554441,straight road,no slope
7559340,2022-11-04T07:00:00Z,2023-01-13T13:11:00Z,กรุงเทพมหานคร,Bangkok,department of highways,อรุณอมรินทร์ - พุทธมณฑลสาย 4,private/passenger car,speeding,rear-end collision,3,0,0,clear,13.782353,100.4173994,straight road,no slope
7559211,2022-11-04T07:10:00Z,2023-01-13T10:54:00Z,กรุงเทพมหานคร,Bangkok,department of highways,ดาวคะนอง -  แสมดำ,passenger pickup truck,cutting in closely by people/vehicles/animals,rear-end collision,2,0,0,clear,13.62904138,100.3961885,straight road,no slope
7413859,2022-11-04T08:00:00Z,2022-11-28T07:44:00Z,กรุงเทพมหานคร,Bangkok,department of highways,บางบอน - โรงพยาบาลบางปะกอก 8,motorcycle,speeding,rear-end collision,2,0,1,clear,13.65892936,100.3986624,straight road,no slope
7336458,2022-11-04T08:47:00Z,2022-11-18T03:32:00Z,ปทุมธานี,Pathum Thani,expressway authority of thailand,บางปะอิน-แจ้งวัฒนะ,other,other,rear-end collision,6,0,0,clear,14.01325,100.57410900000001,straight road,other
7336457,2022-11-04T09:40:00Z,2022-11-18T03:32:00Z,กรุงเทพมหานคร,Bangkok,expressway authority of thailand,แจ้งวัฒนะ-พญาไท,other,other,collision with obstruction (on road surface),1,0,0,clear,NA,NA,other,other
7332551,2022-11-04T11:26:00Z,2022-11-08T14:20:00Z,ปทุมธานี,Pathum Thani,department of highways,บางปะอิน - แขวงรามอินทรา,large truck with trailer,speeding,rear-end collision,2,0,0,clear,13.95729379,100.712669,straight road,no slope
7283621,2022-11-04T11:50:00Z,2022-11-10T11:47:00Z,สมุทรปราการ,Samut Prakan,department of rural roads,ออกจากสะพานภูมิพลที่ 2 ไปถนนวงแหวนอุตสาหกรรม,large truck with trailer,speeding,other,1,0,0,clear,13.664598,100.537738,grade-separated intersection/ramps,other
7332553,2022-11-04T13:00:00Z,2022-11-08T14:33:00Z,ปทุมธานี,Pathum Thani,department of highways,บางปะอิน - แขวงรามอินทรา,large truck with trailer,cutting in closely by people/vehicles/animals,rollover/fallen on straight road,1,0,0,clear,14.06079385,100.697131,straight road,no slope
7564339,2022-11-04T14:19:00Z,2023-01-19T14:00:00Z,สมุทรสาคร,Samut Sakhon,department of highways,สะพานข้ามแม่น้ำท่าจีนฝั่งตะวันตก - นาโคก,6-wheel truck,speeding,other,1,0,0,clear,13.53965451,100.2294186,straight road,no slope
7332555,2022-11-04T14:45:00Z,2022-11-08T14:37:00Z,ปทุมธานี,Pathum Thani,department of highways,บางปะอิน - แขวงรามอินทรา,6-wheel truck,speeding,rear-end collision,5,0,2,clear,14.06211429,100.6969593,straight road,no slope
7332550,2022-11-04T15:41:00Z,2022-11-08T14:18:00Z,กรุงเทพมหานคร,Bangkok,department of highways,บางปะอิน - แขวงรามอินทรา,private/passenger car,speeding,rear-end collision,3,0,0,clear,13.87632571,100.6822152,straight road,no slope
7283617,2022-11-04T19:08:00Z,2022-11-10T11:49:00Z,กรุงเทพมหานคร,Bangkok,department of rural roads,สะพานภูมิพลที่ 1 ไปสะพานภูมิพลที่ 2,passenger pickup truck,speeding,other,3,0,0,clear,13.677429,100.539518,straight road,slope area
7332568,2022-11-04T19:55:00Z,2022-11-08T15:01:00Z,กรุงเทพมหานคร,Bangkok,department of highways,แขวงคลองสองต้นนุ่น - พิมพา,large truck with trailer,speeding,rear-end collision,2,0,0,clear,13.72930034,100.7353937,straight road,no slope
7332570,2022-11-04T20:00:00Z,2022-11-08T14:59:00Z,สมุทรปราการ,Samut Prakan,department of highways,แขวงคลองสองต้นนุ่น - พิมพา,private/passenger car,speeding,rear-end collision,4,0,2,clear,13.6674342,100.8478827,straight road,no slope
7564179,2022-11-04T20:50:00Z,2023-01-19T11:04:00Z,นครปฐม,Nakhon Pathom,department of highways,อ้อมใหญ่ - นครชัยศรี,4-wheel pickup truck,speeding,rollover/fallen on straight road,1,0,0,clear,13.76370578,100.1852703,straight road,no slope
7283648,2022-11-04T22:10:00Z,2022-11-10T11:50:00Z,กรุงเทพมหานคร,Bangkok,department of rural roads,สะพานภูมิพลที่ 1 ไปสะพานภูมิพลที่ 2,motorcycle,running red lights/traffic signals,other,2,1,0,clear,13.671341,100.538697,straight road,no slope
7564161,2022-11-04T22:30:00Z,2023-01-19T10:55:00Z,สมุทรสาคร,Samut Sakhon,department of highways,แสมดำ - สะพานข้ามแม่น้ำท่าจีนฝั่งตะวันตก,motorcycle,speeding,rear-end collision,2,0,1,clear,13.59360278,100.3608781,straight road,no slope
7332577,2022-11-05T12:12:00Z,2022-11-08T14:31:00Z,กรุงเทพมหานคร,Bangkok,department of highways,บางปะอิน - แขวงรามอินทรา,private/passenger car,speeding,rear-end collision,2,0,0,clear,13.87954285,100.6838836,straight road,no slope
7559354,2022-11-05T13:20:00Z,2023-01-13T13:47:00Z,กรุงเทพมหานคร,Bangkok,department of highways,อรุณอมรินทร์ - พุทธมณฑลสาย 4,private/passenger car,cutting in closely by people/vehicles/animals,rear-end collision,2,0,0,clear,13.78050737,100.4453856,other,other
7332661,2022-11-05T15:14:00Z,2022-11-08T14:52:00Z,สมุทรปราการ,Samut Prakan,department of highways,แขวงคลองสองต้นนุ่น - พิมพา,private/passenger car,speeding,rear-end collision,4,0,0,clear,13.66792693,100.8471179,straight road,no slope
7333054,2022-11-05T16:30:00Z,2022-11-08T15:03:00Z,สมุทรปราการ,Samut Prakan,department of highways,แขวงคลองสองต้นนุ่น - พิมพา,private/passenger car,speeding,rear-end collision,2,0,0,clear,13.665956,100.8501771,straight road,no slope
7561143,2022-11-05T17:59:00Z,2023-01-17T05:56:00Z,กรุงเทพมหานคร,Bangkok,expressway authority of thailand,ดินแดง-ท่าเรือ,other,other,rear-end collision,3,0,0,clear,13.74324519,100.550474,straight road,other
7332590,2022-11-05T18:50:00Z,2022-11-05T18:50:00Z,กรุงเทพมหานคร,Bangkok,department of highways,ถนนศรีนครินทร - แขวงคลองสองต้นนุ่น,other,speeding,rear-end collision,0,0,0,clear,13.73112042,100.7172288,straight road,no slope
7332659,2022-11-05T18:50:00Z,2022-11-08T15:06:00Z,กรุงเทพมหานคร,Bangkok,department of highways,แขวงคลองสองต้นนุ่น - พิมพา,private/passenger car,speeding,rear-end collision,4,0,1,clear,13.72993857,100.7272464,straight road,no slope
7527268,2022-11-05T19:00:00Z,2022-12-31T10:28:00Z,กรุงเทพมหานคร,Bangkok,department of highways,พระประแดง - บางแค,private/passenger car,speeding,collision with obstruction (on road surface),1,0,2,clear,13.62632,100.4497865,straight road,no slope
7378882,2022-11-06T01:20:00Z,2022-11-24T11:30:00Z,กรุงเทพมหานคร,Bangkok,department of highways,แขวงคลองสองต้นนุ่น - พิมพา,private/passenger car,speeding,rollover/fallen on straight road,1,0,0,clear,13.70826048,100.8210151,straight road,no slope
7559399,2022-11-06T03:03:00Z,2023-01-13T14:14:00Z,ปทุมธานี,Pathum Thani,department of highways,บ้านพร้าว - คลองห้า,4-wheel pickup truck,speeding,rollover/fallen on straight road,2,0,1,clear,14.06592266,100.6626467,straight road,no slope
7554667,2022-11-06T09:30:00Z,2023-01-09T13:58:00Z,กรุงเทพมหานคร,Bangkok,department of highways,บางแค - คลองมหาสวัสดิ์,van,reversing vehicle,collision with obstruction (on road surface),2,0,2,clear,13.75417031,100.4059378,straight road,no slope
7555216,2022-11-06T12:30:00Z,2023-01-10T09:57:00Z,กรุงเทพมหานคร,Bangkok,department of highways,บางนา - ทางเข้าท่าอากาศยานสุวรรณภูมิ,motorcycle,speeding,rear-end collision,2,0,2,clear,13.66945323,100.6275196,straight road,no slope
7336459,2022-11-06T16:21:00Z,2022-11-18T03:32:00Z,กรุงเทพมหานคร,Bangkok,expressway authority of thailand,รามอินทรา-อาจณรงค์,other,other,rear-end collision,4,0,0,clear,NA,NA,grade-separated intersection/ramps,other
7559206,2022-11-06T17:12:00Z,2023-01-13T10:53:00Z,กรุงเทพมหานคร,Bangkok,department of highways,ดาวคะนอง -  แสมดำ,private/passenger car,cutting in closely by people/vehicles/animals,rear-end collision,2,0,1,clear,13.63607019,100.4029208,straight road,no slope
7332681,2022-11-06T17:19:00Z,2022-11-08T14:40:00Z,กรุงเทพมหานคร,Bangkok,department of highways,แขวงคลองสองต้นนุ่น - พิมพา,van,speeding,rear-end collision,2,0,0,clear,13.72924789,100.7335752,straight road,no slope
7554238,2022-11-06T22:00:00Z,2023-01-09T09:11:00Z,กรุงเทพมหานคร,Bangkok,department of highways,อรุณอมรินทร์ - พุทธมณฑลสาย 4,motorcycle,cutting in closely by people/vehicles/animals,rear-end collision,2,0,3,clear,13.78640632,100.4640202,other,other
7422275,2022-11-06T22:35:00Z,2022-12-01T10:23:00Z,สมุทรสาคร,Samut Sakhon,department of highways,ไม่ทราบ,4-wheel pickup truck,driving under the influence of alcohol,rear-end collision,2,0,0,clear,13.58845617,100.3262485,straight road,no slope
7559337,2022-11-07T00:45:00Z,2023-01-13T13:07:00Z,กรุงเทพมหานคร,Bangkok,department of highways,อรุณอมรินทร์ - พุทธมณฑลสาย 4,4-wheel pickup truck,failure to yield right of way,rear-end collision,2,0,2,clear,13.78315403,100.4053523,other,other
7559366,2022-11-07T07:30:00Z,2023-01-13T13:51:00Z,กรุงเทพมหานคร,Bangkok,department of highways,อรุณอมรินทร์ - พุทธมณฑลสาย 4,private/passenger car,cutting in closely by people/vehicles/animals,rear-end collision,2,0,0,clear,13.78185806,100.4488054,other,other
7559364,2022-11-07T07:55:00Z,2023-01-13T13:51:00Z,กรุงเทพมหานคร,Bangkok,department of highways,อรุณอมรินทร์ - พุทธมณฑลสาย 4,motorcycle,speeding,rear-end collision,2,0,0,clear,13.78334029,100.4533692,straight road,no slope
7332701,2022-11-07T13:13:00Z,2022-11-08T14:38:00Z,ปทุมธานี,Pathum Thani,department of highways,บางปะอิน - แขวงรามอินทรา,7-10-wheel truck,speeding,rear-end collision,2,0,1,clear,13.98373504,100.7133316,straight road,no slope
7564149,2022-11-07T14:45:00Z,2023-01-19T10:46:00Z,สมุทรสาคร,Samut Sakhon,department of highways,สะพานข้ามแม่น้ำท่าจีนฝั่งตะวันตก - นาโคก,4-wheel pickup truck,speeding,rear-end collision,2,0,0,clear,13.53232146,100.2076551,straight road,no slope
7518646,2022-11-07T15:35:00Z,2022-12-29T11:39:00Z,กรุงเทพมหานคร,Bangkok,expressway authority of thailand,หมอชิต-กาญจนาฯ,other,other,side collision,1,0,0,clear,NA,NA,straight road,other
7332703,2022-11-07T15:48:00Z,2022-11-08T15:03:00Z,กรุงเทพมหานคร,Bangkok,department of highways,แขวงคลองสองต้นนุ่น - พิมพา,4-wheel pickup truck,running red lights/traffic signals,other,1,0,0,clear,13.73244438,100.7860858,straight road,no slope
7413977,2022-11-07T16:00:00Z,2022-11-28T09:28:00Z,นครปฐม,Nakhon Pathom,department of highways,พุทธมณฑลสาย 4 - นครชัยศรี,large truck with trailer,speeding,rollover/fallen on straight road,1,0,0,clear,13.77211911,100.2087705,straight road,no slope
7283654,2022-11-07T17:00:00Z,2022-11-10T11:51:00Z,สมุทรปราการ,Samut Prakan,department of rural roads,สะพานภูมิพลที่ 2 ไปสะพานภูมิพลที่ 1,private/passenger car,tailgating,other,2,0,0,clear,13.650101,100.541476,y-intersection,other
7283730,2022-11-07T20:00:00Z,2022-11-10T12:08:00Z,ปทุมธานี,Pathum Thani,department of rural roads,แยกทางหลวงหมายเลข 305 (กม.ที่ 10+800) - บ้านคลองห้า,motorcycle,speeding,other,2,1,0,clear,14.0681,100.710074,straight road,no slope
7336461,2022-11-07T20:19:00Z,2022-11-18T03:32:00Z,กรุงเทพมหานคร,Bangkok,expressway authority of thailand,พญาไท-บางโคล่,van,other,rear-end collision,4,0,0,clear,13.76845454,100.5283077,straight road,other
7336462,2022-11-07T20:30:00Z,2022-11-18T03:32:00Z,กรุงเทพมหานคร,Bangkok,expressway authority of thailand,พญาไท-ศรีนครินทร์,other,other,collision with obstruction (on road surface),1,0,0,clear,NA,NA,other,other
7564354,2022-11-08T09:01:00Z,2023-01-19T14:06:00Z,สมุทรสาคร,Samut Sakhon,department of highways,สะพานข้ามแม่น้ำท่าจีนฝั่งตะวันตก - นาโคก,van,worn-out/tire blowout,rollover/fallen on straight road,1,0,0,clear,13.45943057,100.0943224,straight road,no slope
7480979,2022-11-08T10:55:00Z,2022-12-23T15:54:00Z,กรุงเทพมหานคร,Bangkok,department of highways,ไม่ทราบ,private/passenger car,cutting in closely by people/vehicles/animals,rear-end collision,2,0,0,clear,13.78211855,100.4159953,straight road,no slope
7559367,2022-11-08T14:30:00Z,2023-01-13T13:50:00Z,กรุงเทพมหานคร,Bangkok,department of highways,อรุณอมรินทร์ - พุทธมณฑลสาย 4,private/passenger car,speeding,rear-end collision,4,0,0,clear,13.78152592,100.4485855,other,other
7414685,2022-11-08T19:50:00Z,2022-11-29T09:48:00Z,นครปฐม,Nakhon Pathom,department of highways,บ้านบ่อ - พระประโทน,4-wheel pickup truck,speeding,rollover/fallen on straight road,1,0,1,clear,13.75143503,100.0877988,wide curve,no slope
7559396,2022-11-08T21:30:00Z,2023-01-13T14:11:00Z,ปทุมธานี,Pathum Thani,department of highways,สะพานคลองเปรม - สะพานข้ามแม่น้ำเจ้าพระยาปทุมธานี,private/passenger car,speeding,rollover/fallen on straight road,1,0,0,clear,13.98505452,100.5955739,straight road,no slope
7310418,2022-11-09T03:00:00Z,2022-11-14T10:51:00Z,สมุทรปราการ,Samut Prakan,department of rural roads,สะพานภูมิพลที่ 2 ไปสะพานภูมิพลที่ 1,passenger pickup truck,tailgating,other,2,0,0,clear,13.651386,100.541107,straight road,slope area
7554665,2022-11-09T04:00:00Z,2023-01-09T13:55:00Z,กรุงเทพมหานคร,Bangkok,department of highways,บางแค - คลองมหาสวัสดิ์,large truck with trailer,speeding,rear-end collision,2,0,1,clear,13.72329631,100.4059666,straight road,no slope
7555183,2022-11-09T06:10:00Z,2023-01-10T08:56:00Z,กรุงเทพมหานคร,Bangkok,department of highways,บางนา - ทางเข้าท่าอากาศยานสุวรรณภูมิ,motorcycle,speeding,rear-end collision,2,0,1,clear,13.66715452,100.6357567,straight road,no slope
7528645,2022-11-09T07:30:00Z,2022-12-31T16:07:00Z,กรุงเทพมหานคร,Bangkok,department of highways,ดินแดง - งามวงศ์วาน,private/passenger car,cutting in closely by people/vehicles/animals,rear-end collision,2,0,2,clear,13.77381672,100.5534218,straight road,no slope
7378888,2022-11-09T08:22:00Z,2022-11-24T11:34:00Z,กรุงเทพมหานคร,Bangkok,department of highways,ถนนศรีนครินทร - แขวงคลองสองต้นนุ่น,4-wheel pickup truck,speeding,rollover/fallen on straight road,1,0,1,clear,13.73232158,100.7076667,straight road,no slope
7413959,2022-11-09T09:20:00Z,2022-11-28T09:24:00Z,สมุทรสาคร,Samut Sakhon,department of highways,สะพานข้ามแม่น้ำท่าจีนฝั่งตะวันตก - นาโคก,other,speeding,rollover/fallen on straight road,1,0,0,clear,13.49563802,100.1240654,straight road,no slope
7378895,2022-11-09T09:57:00Z,2022-11-24T11:37:00Z,ปทุมธานี,Pathum Thani,department of highways,บางปะอิน - แขวงรามอินทรา,large truck with trailer,speeding,rear-end collision,2,0,1,clear,14.09190461,100.6917545,straight road,no slope
7559208,2022-11-09T13:00:00Z,2023-01-13T10:53:00Z,กรุงเทพมหานคร,Bangkok,department of highways,ดาวคะนอง -  แสมดำ,motorcycle,cutting in closely by people/vehicles/animals,rear-end collision,2,0,1,clear,13.68113148,100.4742354,straight road,no slope
7559035,2022-11-09T14:30:00Z,2023-01-13T09:18:00Z,กรุงเทพมหานคร,Bangkok,department of highways,ดินแดง - งามวงศ์วาน,private/passenger car,speeding,rear-end collision,2,0,1,clear,13.80175993,100.5605146,straight road,no slope
7438330,2022-11-09T15:00:00Z,2022-12-07T11:01:00Z,กรุงเทพมหานคร,Bangkok,department of highways,ไม่ทราบ,other,speeding,rollover/fallen on straight road,1,0,0,clear,13.78060245,100.6856592,straight road,no slope
7446361,2022-11-09T15:50:00Z,2022-12-09T11:50:00Z,นนทบุรี,Nonthaburi,department of highways,ไม่ทราบ,large passenger vehicle,speeding,rollover/fallen on straight road,1,0,0,clear,13.95356493,100.4767714,straight road,no slope
7424752,2022-11-09T18:00:00Z,2022-12-02T10:09:00Z,กรุงเทพมหานคร,Bangkok,department of highways,ไม่ทราบ,other,speeding,rollover/fallen on straight road,1,0,0,clear,13.79922226,100.6811933,other,other
7290506,2022-11-09T20:57:00Z,2022-11-11T10:04:00Z,ปทุมธานี,Pathum Thani,department of highways,บางปะอิน - แขวงรามอินทรา,private/passenger car,speeding,rear-end collision,2,0,0,clear,13.9271007,100.7065563,straight road,no slope
7378864,2022-11-09T22:30:00Z,2022-11-24T11:22:00Z,กรุงเทพมหานคร,Bangkok,department of highways,บางปะอิน - แขวงรามอินทรา,private/passenger car,speeding,rollover/fallen on straight road,1,0,0,clear,13.91552587,100.7024351,other,other
7363969,2022-11-09T22:50:00Z,2022-11-22T09:01:00Z,กรุงเทพมหานคร,Bangkok,department of highways,แขวงรามอินทรา - บางพลี,large truck with trailer,speeding,collision with obstruction (on road surface),1,0,0,clear,13.73290391,100.7033819,straight road,no slope
7570864,2022-11-10T00:28:00Z,2023-01-26T09:08:00Z,สมุทรสาคร,Samut Sakhon,department of highways,แสมดำ - สะพานข้ามแม่น้ำท่าจีนฝั่งตะวันตก,private/passenger car,unfamiliarity with the route/unskilled driving,other,1,0,1,clear,13.59170593,100.3347914,straight road,no slope
7518647,2022-11-10T03:55:00Z,2022-12-29T11:39:00Z,กรุงเทพมหานคร,Bangkok,expressway authority of thailand,รามอินทรา-อาจณรงค์,other,other,collision with obstruction (on road surface),1,0,0,clear,NA,NA,wide curve,other
7559422,2022-11-10T07:25:00Z,2023-01-13T14:28:00Z,สมุทรปราการ,Samut Prakan,department of highways,บางพลี - กิ่งแก้ว,4-wheel pickup truck,speeding,rear-end collision,3,0,1,clear,13.60493355,100.7000425,straight road,no slope
7310416,2022-11-10T10:09:00Z,2022-11-14T10:51:00Z,กรุงเทพมหานคร,Bangkok,department of rural roads,สะพานพระราม 3,private/passenger car,speeding,other,1,0,1,clear,13.698882,100.495369,y-intersection,other
7559070,2022-11-10T11:19:00Z,2023-01-13T09:34:00Z,กรุงเทพมหานคร,Bangkok,department of highways,อรุณอมรินทร์ - พุทธมณฑลสาย 4,motorcycle,speeding,rollover/fallen on straight road,2,0,2,clear,13.78365469,100.4039968,straight road,no slope
7511183,2022-11-10T11:46:00Z,2022-12-27T09:23:00Z,กรุงเทพมหานคร,Bangkok,department of highways,ไม่ทราบ,4-wheel pickup truck,running red lights/traffic signals,collision with obstruction (on road surface),1,0,0,clear,13.73272074,100.7888009,straight road,no slope
7292478,2022-11-10T12:38:00Z,2022-11-11T15:54:00Z,กรุงเทพมหานคร,Bangkok,department of highways,แขวงคลองสองต้นนุ่น - พิมพา,private/passenger car,speeding,rear-end collision,2,0,1,clear,13.73072013,100.7200107,straight road,no slope
7559406,2022-11-10T14:54:00Z,2023-01-13T14:19:00Z,ปทุมธานี,Pathum Thani,department of highways,คลองบางหลวง - ต่างระดับเชียงรากน้อย,4-wheel pickup truck,loss of control,rollover/fallen on straight road,1,0,0,clear,14.07011522,100.4892069,straight road,no slope
7414683,2022-11-10T15:00:00Z,2022-11-29T09:46:00Z,สมุทรสาคร,Samut Sakhon,department of highways,บ้านบ่อ - พระประโทน,7-10-wheel truck,speeding,rollover/fallen on straight road,1,0,0,clear,13.54086081,100.1705528,straight road,no slope
7564323,2022-11-10T15:00:00Z,2023-01-19T13:49:00Z,สมุทรสาคร,Samut Sakhon,department of highways,สะพานข้ามแม่น้ำท่าจีนฝั่งตะวันตก - นาโคก,4-wheel pickup truck,speeding,rear-end collision,2,0,0,clear,13.53731364,100.2224537,straight road,no slope
7336464,2022-11-10T18:53:00Z,2022-11-18T03:32:00Z,สมุทรปราการ,Samut Prakan,expressway authority of thailand,บางพลี-สุขสวัสดิ์,other,other,rollover/fallen on straight road,2,0,0,clear,13.613671,100.618972,straight road,other
7336465,2022-11-10T21:38:00Z,2022-11-18T03:32:00Z,สมุทรปราการ,Samut Prakan,expressway authority of thailand,บางพลี-สุขสวัสดิ์,large truck with trailer,other,rear-end collision,2,0,0,clear,13.628019,100.593365,straight road,other
7336467,2022-11-11T01:18:00Z,2022-11-18T03:32:00Z,กรุงเทพมหานคร,Bangkok,expressway authority of thailand,พญาไท-บางโคล่,other,other,collision with obstruction (on road surface),1,0,0,clear,13.70206121,100.5187682,wide curve,other
7564334,2022-11-11T01:35:00Z,2023-01-19T13:56:00Z,สมุทรสาคร,Samut Sakhon,department of highways,แสมดำ - สะพานข้ามแม่น้ำท่าจีนฝั่งตะวันตก,7-10-wheel truck,speeding,collision with obstruction (on road surface),3,0,1,clear,13.56582829,100.2804213,straight road,no slope
7559339,2022-11-11T04:40:00Z,2023-01-13T13:06:00Z,กรุงเทพมหานคร,Bangkok,department of highways,บางแค - คลองมหาสวัสดิ์,4-wheel pickup truck,speeding,rear-end collision,2,0,1,clear,13.675828,100.4065418,straight road,no slope
7291116,2022-11-11T05:28:00Z,2022-11-11T11:28:00Z,กรุงเทพมหานคร,Bangkok,department of highways,ถนนศรีนครินทร - แขวงคลองสองต้นนุ่น,private/passenger car,speeding,rollover/fallen on straight road,1,0,1,clear,13.7315347,100.7116579,straight road,no slope
7564166,2022-11-11T10:27:00Z,2023-01-19T10:58:00Z,สมุทรสาคร,Samut Sakhon,department of highways,แสมดำ - สะพานข้ามแม่น้ำท่าจีนฝั่งตะวันตก,private/passenger car,speeding,rear-end collision,2,0,0,clear,13.60444416,100.3719785,straight road,no slope
7298054,2022-11-11T11:11:00Z,2022-11-12T09:58:00Z,กรุงเทพมหานคร,Bangkok,department of highways,ถนนศรีนครินทร - แขวงคลองสองต้นนุ่น,private/passenger car,speeding,rear-end collision,2,0,1,clear,13.73489193,100.6829394,straight road,no slope
7551783,2022-11-11T14:31:00Z,2023-01-05T14:18:00Z,กรุงเทพมหานคร,Bangkok,expressway authority of thailand,แจ้งวัฒนะ-พญาไท,other,other,side collision,2,0,0,clear,13.80259084,100.5432397,straight road,other
7292389,2022-11-11T15:10:00Z,2022-11-11T15:36:00Z,กรุงเทพมหานคร,Bangkok,expressway authority of thailand,ดาวคะนอง-ท่าเรือ,4-wheel pickup truck,other,rear-end collision,2,0,0,clear,13.71302346,100.5540193,wide curve,other
7298086,2022-11-11T16:11:00Z,2022-11-12T10:03:00Z,กรุงเทพมหานคร,Bangkok,department of highways,ถนนศรีนครินทร - แขวงคลองสองต้นนุ่น,4-wheel pickup truck,speeding,rear-end collision,4,0,0,clear,13.7409197,100.6447971,straight road,no slope
7332807,2022-11-11T16:31:00Z,2022-11-17T15:03:00Z,สมุทรปราการ,Samut Prakan,department of highways,แขวงคลองสองต้นนุ่น - พิมพา,private/passenger car,speeding,rear-end collision,4,0,0,clear,13.65118517,100.8731265,straight road,no slope
7559356,2022-11-11T16:45:00Z,2023-01-13T13:49:00Z,กรุงเทพมหานคร,Bangkok,department of highways,อรุณอมรินทร์ - พุทธมณฑลสาย 4,motorcycle,speeding,rear-end collision,2,0,1,clear,13.78124458,100.447585,other,other
7332645,2022-11-11T18:15:00Z,2022-11-17T14:41:00Z,สมุทรปราการ,Samut Prakan,department of highways,แขวงคลองสองต้นนุ่น - พิมพา,private/passenger car,speeding,rear-end collision,2,0,1,clear,13.66398522,100.8532361,straight road,no slope
7323155,2022-11-11T20:25:00Z,2022-11-16T08:14:00Z,สมุทรปราการ,Samut Prakan,department of rural roads,สะพานภูมิพลที่ 1 ไปสะพานภูมิพลที่ 2,motorcycle,unfamiliarity with the route/unskilled driving,other,2,0,1,clear,13.664281,100.525983,straight road,slope area
7299171,2022-11-11T20:41:00Z,2022-11-12T13:57:00Z,กรุงเทพมหานคร,Bangkok,department of highways,ถนนศรีนครินทร - แขวงคลองสองต้นนุ่น,private/passenger car,speeding,rear-end collision,2,0,0,clear,13.7346913,100.6829421,straight road,no slope
7316433,2022-11-11T21:30:00Z,2022-11-15T09:01:00Z,ปทุมธานี,Pathum Thani,department of highways,บางปะอิน - แขวงรามอินทรา,4-wheel pickup truck,speeding,rollover/fallen on straight road,1,0,0,clear,13.9573042,100.7126583,straight road,no slope
7378855,2022-11-12T01:26:00Z,2022-11-24T11:19:00Z,กรุงเทพมหานคร,Bangkok,department of highways,ถนนศรีนครินทร - แขวงคลองสองต้นนุ่น,motorcycle,speeding,rollover/fallen on straight road,1,0,1,clear,13.73930953,100.6527512,straight road,no slope