acc_code,incident_datetime,report_datetime,province_th,province_en,agency,route,vehicle_type,presumed_cause,accident_type,number_of_vehicles_involved,number_of_fatalities,number_of_injuries,weather_condition,latitude,longitude,road_description,slope_description
7332535,2022-11-12T01:46:00Z,2022-11-17T14:26:00Z,สมุทรปราการ,Samut Prakan,department of highways,แขวงคลองสองต้นนุ่น - พิมพา,private/passenger car,speeding,rear-end collision,2,0,2,clear,13.6315205,100.9037449,straight road,no slope
7555184,2022-11-12T06:40:00Z,2023-01-10T08:57:00Z,กรุงเทพมหานคร,Bangkok,department of highways,บางนา - ทางเข้าท่าอากาศยานสุวรรณภูมิ,private/passenger car,speeding,rear-end collision,2,0,1,clear,13.66895804,100.6304352,straight road,no slope
7559363,2022-11-12T12:00:00Z,2023-01-13T13:53:00Z,กรุงเทพมหานคร,Bangkok,department of highways,อรุณอมรินทร์ - พุทธมณฑลสาย 4,private/passenger car,cutting in closely by people/vehicles/animals,rear-end collision,2,0,1,clear,13.78497072,100.4592731,straight road,no slope
7378849,2022-11-12T13:13:00Z,2022-11-24T11:10:00Z,ปทุมธานี,Pathum Thani,department of highways,บางปะอิน - แขวงรามอินทรา,4-wheel pickup truck,speeding,rear-end collision,3,0,0,clear,14.05538195,100.6977318,straight road,no slope
7309970,2022-11-12T13:25:00Z,2022-11-14T09:29:00Z,ปทุมธานี,Pathum Thani,department of highways,บางปะอิน - แขวงรามอินทรา,4-wheel pickup truck,speeding,rollover/fallen on straight road,1,0,0,clear,14.07800572,100.6955928,straight road,no slope
7378853,2022-11-12T13:40:00Z,2022-11-24T11:15:00Z,กรุงเทพมหานคร,Bangkok,department of highways,แขวงรามอินทรา - บางพลี,large truck with trailer,speeding,rollover/fallen on curved road,1,0,1,clear,13.73189557,100.7008258,other,other
7554644,2022-11-12T13:50:00Z,2023-01-09T13:54:00Z,กรุงเทพมหานคร,Bangkok,department of highways,บางแค - คลองมหาสวัสดิ์,motorcycle,speeding,rear-end collision,2,0,1,clear,13.75635313,100.4059025,straight road,no slope
7559056,2022-11-12T15:30:00Z,2023-01-13T09:24:00Z,กรุงเทพมหานคร,Bangkok,department of highways,ดินแดง - งามวงศ์วาน,private/passenger car,speeding,rear-end collision,2,0,2,clear,13.77538504,100.5543263,straight road,no slope
7440816,2022-11-12T15:40:00Z,2022-12-08T06:59:00Z,นครปฐม,Nakhon Pathom,department of highways,ไม่ทราบ,4-wheel pickup truck,speeding,rollover/fallen on straight road,1,0,0,clear,13.77850589,100.2273557,straight road,no slope
7323163,2022-11-12T19:12:00Z,2022-11-16T08:15:00Z,สมุทรปราการ,Samut Prakan,department of rural roads,ถนนวงแหวนอุตสาหกรรมเข้าสะพานภูมิพลที่ 1,4-wheel pickup truck,tailgating,other,2,0,2,clear,13.664467,100.534946,straight road,slope area
7413865,2022-11-12T21:30:00Z,2022-11-28T07:48:00Z,กรุงเทพมหานคร,Bangkok,department of highways,ดาวคะนอง -  แสมดำ,4-wheel pickup truck,speeding,rear-end collision,2,0,1,other,13.63254402,100.3997324,straight road,no slope
7559342,2022-11-12T22:15:00Z,2023-01-13T13:12:00Z,กรุงเทพมหานคร,Bangkok,department of highways,อรุณอมรินทร์ - พุทธมณฑลสาย 4,4-wheel pickup truck,cutting in closely by people/vehicles/animals,rear-end collision,2,0,2,clear,13.78191927,100.4209922,straight road,no slope
7363567,2022-11-12T23:44:00Z,2022-11-22T07:27:00Z,สมุทรปราการ,Samut Prakan,department of rural roads,ออกจากสะพานภูมิพลที่ 2 ไปถนนวงแหวนอุตสาหกรรม,motorcycle,running red lights/traffic signals,other,1,0,1,clear,13.663782,100.527924,straight road,slope area
7564320,2022-11-13T00:30:00Z,2023-01-19T13:48:00Z,สมุทรสาคร,Samut Sakhon,department of highways,สะพานข้ามแม่น้ำท่าจีนฝั่งตะวันตก - นาโคก,large truck with trailer,speeding,rear-end collision,2,0,0,clear,13.5295052,100.1992971,straight road,no slope
7303928,2022-11-13T04:35:00Z,2022-11-13T09:46:00Z,กรุงเทพมหานคร,Bangkok,department of highways,แขวงรามอินทรา - บางพลี,private/passenger car,speeding,rear-end collision,2,0,1,clear,13.7651673,100.6939593,straight road,no slope
7334573,2022-11-13T07:30:00Z,2022-11-17T20:47:00Z,สมุทรปราการ,Samut Prakan,department of highways,บางตำหรุ - คลองด่าน,large truck with trailer,speeding,rollover/fallen on straight road,1,0,0,clear,13.51079753,100.7035884,straight road,no slope
7332288,2022-11-13T09:06:00Z,2022-11-17T14:06:00Z,สมุทรปราการ,Samut Prakan,department of highways,แขวงคลองสองต้นนุ่น - พิมพา,van,speeding,rear-end collision,2,0,6,clear,13.65069352,100.8738921,straight road,no slope
7310261,2022-11-13T10:12:00Z,2022-11-14T10:24:00Z,กรุงเทพมหานคร,Bangkok,department of highways,ถนนศรีนครินทร - แขวงคลองสองต้นนุ่น,4-wheel pickup truck,speeding,rear-end collision,2,0,0,rainy,13.74153328,100.641907,straight road,no slope
7559217,2022-11-13T14:00:00Z,2023-01-13T10:56:00Z,กรุงเทพมหานคร,Bangkok,department of highways,บางแค - คลองมหาสวัสดิ์,7-10-wheel truck,speeding,rear-end collision,2,0,1,clear,13.78420651,100.4094727,straight road,no slope
7559219,2022-11-13T14:00:00Z,2023-01-13T10:55:00Z,กรุงเทพมหานคร,Bangkok,department of highways,บางแค - คลองมหาสวัสดิ์,motorcycle,speeding,rear-end collision,2,0,1,clear,13.79011715,100.4096905,straight road,no slope
7559336,2022-11-13T14:00:00Z,2023-01-13T13:09:00Z,กรุงเทพมหานคร,Bangkok,department of highways,อรุณอมรินทร์ - พุทธมณฑลสาย 4,7-10-wheel truck,cutting in closely by people/vehicles/animals,rear-end collision,2,0,1,clear,13.78251285,100.4156695,straight road,no slope
7331834,2022-11-13T14:14:00Z,2022-11-17T13:34:00Z,สมุทรปราการ,Samut Prakan,department of highways,แขวงคลองสองต้นนุ่น - พิมพา,private/passenger car,speeding,rear-end collision,2,0,0,clear,13.65807272,100.8624133,straight road,no slope
7564077,2022-11-13T19:33:00Z,2023-01-19T10:19:00Z,สมุทรสาคร,Samut Sakhon,department of highways,แสมดำ - สะพานข้ามแม่น้ำท่าจีนฝั่งตะวันตก,4-wheel pickup truck,speeding,rollover/fallen on straight road,1,0,0,clear,13.60314206,100.3706953,straight road,no slope
7518649,2022-11-13T20:21:00Z,2022-12-29T11:39:00Z,กรุงเทพมหานคร,Bangkok,expressway authority of thailand,ดินแดง-ท่าเรือ,4-wheel pickup truck,other,side collision,2,0,0,other,NA,NA,wide curve,other
7559067,2022-11-13T21:05:00Z,2023-01-13T09:31:00Z,กรุงเทพมหานคร,Bangkok,department of highways,อรุณอมรินทร์ - พุทธมณฑลสาย 4,private/passenger car,speeding,rollover/fallen on straight road,1,0,0,clear,13.78397069,100.3994085,straight road,no slope
7559362,2022-11-13T22:00:00Z,2023-01-13T13:54:00Z,กรุงเทพมหานคร,Bangkok,department of highways,บางพลัด - บางบำหรุ,private/passenger car,driving under the influence of alcohol,rollover/fallen on straight road,1,0,1,clear,13.78850459,100.4711857,straight road,no slope
7564177,2022-11-13T22:10:00Z,2023-01-19T11:03:00Z,สมุทรสาคร,Samut Sakhon,department of highways,สะพานข้ามแม่น้ำท่าจีนฝั่งตะวันตก - นาโคก,4-wheel pickup truck,speeding,rear-end collision,2,0,0,clear,13.54382194,100.2491031,straight road,no slope
7554647,2022-11-13T22:53:00Z,2023-01-09T13:54:00Z,กรุงเทพมหานคร,Bangkok,department of highways,บางแค - คลองมหาสวัสดิ์,motorcycle,speeding,rear-end collision,2,0,1,clear,13.6941567,100.4074891,straight road,no slope
7413854,2022-11-13T23:30:00Z,2022-11-28T07:28:00Z,กรุงเทพมหานคร,Bangkok,department of highways,บางบอน - โรงพยาบาลบางปะกอก 8,4-wheel pickup truck,speeding,rear-end collision,2,0,7,rainy,13.66198959,100.4040394,straight road,no slope
7414688,2022-11-14T00:50:00Z,2022-11-29T09:52:00Z,นครปฐม,Nakhon Pathom,department of highways,ดอนตูม - บางเลน,4-wheel pickup truck,speeding,rollover/fallen on curved road,1,0,0,rainy,13.96744143,100.1305264,other,other
7512426,2022-11-14T08:30:00Z,2022-12-27T14:55:00Z,กรุงเทพมหานคร,Bangkok,department of highways,ไม่ทราบ,private/passenger car,speeding,rear-end collision,2,0,0,clear,13.63335279,100.4002038,straight road,no slope
7564086,2022-11-14T08:57:00Z,2023-01-19T10:20:00Z,สมุทรสาคร,Samut Sakhon,department of highways,แสมดำ - สะพานข้ามแม่น้ำท่าจีนฝั่งตะวันตก,4-wheel pickup truck,speeding,rear-end collision,2,0,0,clear,13.60379458,100.3713354,straight road,no slope
7561144,2022-11-14T09:48:00Z,2023-01-17T05:58:00Z,กรุงเทพมหานคร,Bangkok,expressway authority of thailand,ดาวคะนอง-ท่าเรือ,other,other,rear-end collision,4,0,1,clear,13.67710281,100.5133381,grade-separated intersection/ramps,other
7318238,2022-11-14T10:52:00Z,2022-11-15T15:39:00Z,กรุงเทพมหานคร,Bangkok,department of highways,แขวงคลองสองต้นนุ่น - พิมพา,private/passenger car,speeding,rear-end collision,3,0,0,clear,13.7294501,100.7408501,straight road,no slope
7363905,2022-11-14T11:00:00Z,2022-11-22T08:45:00Z,ปทุมธานี,Pathum Thani,department of highways,บางปะอิน - แขวงรามอินทรา,4-wheel pickup truck,speeding,rollover/fallen on straight road,1,0,0,clear,13.99670012,100.7097816,straight road,no slope
7413883,2022-11-14T12:20:00Z,2022-11-28T08:43:00Z,ปทุมธานี,Pathum Thani,department of highways,วัดนาบุญ - คลอง 14,large truck with trailer,unfamiliarity with the route/unskilled driving,collision with obstruction (on road surface),1,0,0,clear,14.07267357,100.8805096,straight road,no slope
7323493,2022-11-14T12:23:00Z,2022-11-16T09:38:00Z,กรุงเทพมหานคร,Bangkok,department of highways,แขวงรามอินทรา - บางพลี,large truck with trailer,speeding,collision with obstruction (on road surface),1,0,0,clear,13.73107352,100.7030439,straight road,no slope
7336472,2022-11-14T13:17:00Z,2022-11-18T03:32:00Z,ปทุมธานี,Pathum Thani,expressway authority of thailand,บางปะอิน-แจ้งวัฒนะ,other,other,other,1,0,2,clear,14.058457,100.580052,other,other
7518664,2022-11-14T14:32:00Z,2022-12-29T11:39:00Z,สมุทรปราการ,Samut Prakan,expressway authority of thailand,บางพลี-สุขสวัสดิ์,other,other,rear-end collision,2,0,0,clear,13.637818,100.559574,straight road,other
7569114,2022-11-14T15:28:00Z,2023-01-25T09:17:00Z,สมุทรสาคร,Samut Sakhon,department of highways,แสมดำ - สะพานข้ามแม่น้ำท่าจีนฝั่งตะวันตก,4-wheel pickup truck,other,rear-end collision,3,0,0,clear,13.59293477,100.3414822,other,other
7336473,2022-11-14T20:15:00Z,2022-11-18T03:32:00Z,กรุงเทพมหานคร,Bangkok,expressway authority of thailand,บางพลี-สุขสวัสดิ์,other,other,side collision,1,0,0,clear,NA,NA,other,other
7474741,2022-11-14T20:40:00Z,2022-12-20T13:52:00Z,นครปฐม,Nakhon Pathom,department of highways,ไม่ทราบ,4-wheel pickup truck,cutting in closely by people/vehicles/animals,rear-end collision,2,0,2,clear,13.76007386,100.3012104,straight road,no slope
7336475,2022-11-14T21:35:00Z,2022-11-18T03:32:00Z,สมุทรปราการ,Samut Prakan,expressway authority of thailand,บางพลี-สุขสวัสดิ์,large truck with trailer,other,rear-end collision,2,0,0,clear,13.634861,100.54222,grade-separated intersection/ramps,other
7336471,2022-11-14T22:00:00Z,2022-11-18T03:32:00Z,กรุงเทพมหานคร,Bangkok,expressway authority of thailand,พญาไท-ศรีนครินทร์,other,other,side collision,2,0,0,clear,NA,NA,wide curve,other
7378809,2022-11-14T23:00:00Z,2022-11-24T10:32:00Z,กรุงเทพมหานคร,Bangkok,department of highways,แขวงคลองสองต้นนุ่น - พิมพา,4-wheel pickup truck,speeding,rollover/fallen on straight road,1,0,1,clear,13.732905,100.7906111,straight road,no slope
7323596,2022-11-15T07:43:00Z,2022-11-16T10:03:00Z,กรุงเทพมหานคร,Bangkok,department of highways,แขวงรามอินทรา - บางพลี,4-wheel pickup truck,speeding,rear-end collision,2,0,0,clear,13.74751007,100.7025115,straight road,no slope
7413651,2022-11-15T09:57:00Z,2022-11-25T11:00:00Z,กรุงเทพมหานคร,Bangkok,department of highways,แขวงรามอินทรา - บางพลี,7-10-wheel truck,speeding,rear-end collision,2,0,0,clear,13.75903595,100.6975266,straight road,no slope
7317367,2022-11-15T12:06:00Z,2022-11-15T12:24:00Z,กรุงเทพมหานคร,Bangkok,expressway authority of thailand,ดินแดง-ท่าเรือ,4-wheel pickup truck,other,rear-end collision,2,0,0,clear,NA,NA,grade-separated intersection/ramps,other
7363569,2022-11-15T13:00:00Z,2022-11-22T07:27:00Z,สมุทรปราการ,Samut Prakan,department of rural roads,ออกจากสะพานภูมิพลที่ 2 ไปถนนวงแหวนอุตสาหกรรม,private/passenger car,abrupt lane change,other,2,0,0,clear,13.66389,100.527783,grade-separated intersection/ramps,other
7323292,2022-11-15T14:54:00Z,2022-11-16T08:57:00Z,สมุทรปราการ,Samut Prakan,department of highways,แขวงคลองสองต้นนุ่น - พิมพา,van,speeding,rear-end collision,2,1,0,clear,13.63201214,100.9029794,straight road,no slope
7554621,2022-11-15T15:00:00Z,2023-01-09T13:43:00Z,กรุงเทพมหานคร,Bangkok,department of highways,บางแค - คลองมหาสวัสดิ์,4-wheel pickup truck,speeding,rear-end collision,2,0,0,clear,13.69367148,100.4074701,straight road,no slope
7324570,2022-11-15T17:29:00Z,2022-11-16T13:34:00Z,สมุทรปราการ,Samut Prakan,department of highways,แขวงคลองสองต้นนุ่น - พิมพา,private/passenger car,speeding,rear-end collision,2,0,0,clear,13.665956,100.8501771,straight road,no slope
7554656,2022-11-15T17:50:00Z,2023-01-09T13:57:00Z,กรุงเทพมหานคร,Bangkok,department of highways,บางแค - คลองมหาสวัสดิ์,motorcycle,cutting in closely by people/vehicles/animals,rear-end collision,2,0,1,clear,13.73105857,100.4059717,straight road,no slope
7351311,2022-11-15T18:40:00Z,2022-11-20T09:54:00Z,กรุงเทพมหานคร,Bangkok,department of highways,แขวงรามอินทรา - บางพลี,private/passenger car,speeding,rollover/fallen on straight road,1,0,0,clear,13.69621384,100.6994551,straight road,no slope
7564335,2022-11-15T19:30:00Z,2023-01-19T13:57:00Z,สมุทรสาคร,Samut Sakhon,department of highways,แสมดำ - สะพานข้ามแม่น้ำท่าจีนฝั่งตะวันตก,large truck with trailer,speeding,rollover/fallen on straight road,1,0,0,clear,13.56582829,100.2804213,straight road,no slope
7336476,2022-11-15T21:19:00Z,2022-11-18T03:33:00Z,กรุงเทพมหานคร,Bangkok,expressway authority of thailand,แจ้งวัฒนะ-พญาไท,other,other,collision with obstruction (on road surface),1,0,0,rainy,NA,NA,grade-separated intersection/ramps,other
7564329,2022-11-15T21:50:00Z,2023-01-19T13:54:00Z,สมุทรสาคร,Samut Sakhon,department of highways,แสมดำ - สะพานข้ามแม่น้ำท่าจีนฝั่งตะวันตก,4-wheel pickup truck,speeding,rear-end collision,3,0,1,clear,13.56223172,100.2762921,straight road,no slope
7559330,2022-11-15T22:55:00Z,2023-01-13T13:03:00Z,กรุงเทพมหานคร,Bangkok,department of highways,บางแค - คลองมหาสวัสดิ์,large truck with trailer,speeding,collision with obstruction (on road surface),2,0,0,clear,13.76501751,100.4069777,other,other
7564087,2022-11-16T03:10:00Z,2023-01-19T10:21:00Z,สมุทรสาคร,Samut Sakhon,department of highways,แสมดำ - สะพานข้ามแม่น้ำท่าจีนฝั่งตะวันตก,7-10-wheel truck,speeding,rear-end collision,2,0,0,clear,13.5454756,100.2576374,straight road,no slope
7329275,2022-11-16T04:48:00Z,2022-11-17T06:34:00Z,สมุทรปราการ,Samut Prakan,department of highways,แขวงคลองสองต้นนุ่น - พิมพา,large truck with trailer,speeding,rear-end collision,2,0,1,clear,13.62070487,100.9205851,straight road,no slope
7413845,2022-11-16T08:00:00Z,2022-11-28T07:24:00Z,กรุงเทพมหานคร,Bangkok,department of highways,อรุณอมรินทร์ - พุทธมณฑลสาย 4,other,speeding,rollover/fallen on straight road,1,0,0,clear,13.78676072,100.4653318,other,other
7440819,2022-11-16T08:05:00Z,2022-12-08T06:59:00Z,นครปฐม,Nakhon Pathom,department of highways,ไม่ทราบ,4-wheel pickup truck,speeding,rollover/fallen on straight road,1,0,0,clear,13.73398232,100.2458243,straight road,no slope
7378758,2022-11-16T09:00:00Z,2022-11-24T10:20:00Z,กรุงเทพมหานคร,Bangkok,department of highways,แขวงคลองสองต้นนุ่น - พิมพา,4-wheel pickup truck,worn-out/tire blowout,rollover/fallen on straight road,1,0,0,clear,13.72376197,100.8133685,straight road,no slope
7356594,2022-11-16T10:30:00Z,2022-11-21T07:12:00Z,ปทุมธานี,Pathum Thani,department of highways,ต่างระดับรังสิต - วัดนาบุญ,large truck with trailer,speeding,rear-end collision,3,0,0,clear,13.992878,100.652763,straight road,no slope
7413839,2022-11-16T10:30:00Z,2022-11-28T07:21:00Z,กรุงเทพมหานคร,Bangkok,department of highways,พระประแดง - บางแค,7-10-wheel truck,speeding,rear-end collision,4,0,1,clear,13.62583644,100.4614064,straight road,no slope
7564079,2022-11-16T10:50:00Z,2023-01-19T10:18:00Z,สมุทรสาคร,Samut Sakhon,department of highways,แสมดำ - สะพานข้ามแม่น้ำท่าจีนฝั่งตะวันตก,7-10-wheel truck,worn-out/tire blowout,rollover/fallen on straight road,1,0,0,clear,13.60314206,100.3706953,straight road,no slope
7324589,2022-11-16T11:30:00Z,2022-11-16T13:35:00Z,กรุงเทพมหานคร,Bangkok,department of highways,ถนนศรีนครินทร - แขวงคลองสองต้นนุ่น,4-wheel pickup truck,speeding,rear-end collision,2,0,0,clear,13.73598884,100.673891,straight road,no slope
7378720,2022-11-16T14:30:00Z,2022-11-24T10:18:00Z,ปทุมธานี,Pathum Thani,department of highways,บางปะอิน - แขวงรามอินทรา,4-wheel pickup truck,speeding,rear-end collision,2,0,1,clear,13.94559032,100.7117034,straight road,no slope
7413842,2022-11-16T18:30:00Z,2022-11-28T07:22:00Z,กรุงเทพมหานคร,Bangkok,department of highways,พระประแดง - บางแค,private/passenger car,speeding,rollover/fallen on straight road,1,0,0,rainy,13.66330764,100.405477,straight road,no slope
7564321,2022-11-16T20:00:00Z,2023-01-19T13:48:00Z,สมุทรสาคร,Samut Sakhon,department of highways,สะพานข้ามแม่น้ำท่าจีนฝั่งตะวันตก - นาโคก,large truck with trailer,speeding,rear-end collision,2,0,0,clear,13.53012089,100.2011255,straight road,no slope
7344750,2022-11-16T21:45:00Z,2022-11-19T08:15:00Z,กรุงเทพมหานคร,Bangkok,department of highways,บางปะอิน - แขวงรามอินทรา,private/passenger car,speeding,rear-end collision,3,0,4,clear,13.88710573,100.6877299,straight road,no slope
7330370,2022-11-16T23:00:00Z,2022-11-17T10:53:00Z,สมุทรสาคร,Samut Sakhon,department of rural roads,แยกทางหลวงหมายเลข 3423 (กม.ที่ 7+000) - นิคมบ้านไร่,private/passenger car,speeding,other,1,0,1,clear,13.513014,100.32746,straight road,no slope
7413952,2022-11-17T01:10:00Z,2022-11-28T09:19:00Z,สมุทรปราการ,Samut Prakan,department of highways,ทางเข้าท่าอากาศยานสุวรรณภูมิ - บางวัว,7-10-wheel truck,speeding,rear-end collision,2,1,1,clear,13.6170751,100.7464314,straight road,no slope
7364198,2022-11-17T01:22:00Z,2022-11-22T09:43:00Z,ปทุมธานี,Pathum Thani,department of highways,บางปะอิน - แขวงรามอินทรา,private/passenger car,speeding,rear-end collision,4,0,0,clear,13.95806558,100.7127173,straight road,no slope
7413949,2022-11-17T07:20:00Z,2022-11-28T09:18:00Z,สมุทรปราการ,Samut Prakan,department of highways,ทางเข้าท่าอากาศยานสุวรรณภูมิ - บางวัว,6-wheel truck,speeding,collision with obstruction (on road surface),2,1,0,clear,13.59274836,100.8140968,straight road,no slope
7413850,2022-11-17T09:00:00Z,2022-11-28T07:26:00Z,กรุงเทพมหานคร,Bangkok,department of highways,อรุณอมรินทร์ - พุทธมณฑลสาย 4,4-wheel pickup truck,speeding,collision with obstruction (on road surface),1,0,0,clear,13.78799243,100.3360481,other,other
7567865,2022-11-17T09:20:00Z,2023-01-24T06:50:00Z,นครปฐม,Nakhon Pathom,department of highways,นครปฐม - หนองปลาไหล,7-10-wheel truck,speeding,rollover/fallen on straight road,1,0,0,clear,13.9128716,99.99058083,straight road,no slope
7413824,2022-11-17T09:45:00Z,2022-11-28T07:15:00Z,กรุงเทพมหานคร,Bangkok,department of highways,ดาวคะนอง -  แสมดำ,motorcycle,speeding,rollover/fallen on straight road,1,0,2,clear,13.68155237,100.4752775,straight road,no slope
7413847,2022-11-17T11:00:00Z,2022-11-28T07:25:00Z,กรุงเทพมหานคร,Bangkok,department of highways,อรุณอมรินทร์ - พุทธมณฑลสาย 4,4-wheel pickup truck,speeding,rear-end collision,3,0,1,clear,13.78800906,100.3365056,other,other
7337268,2022-11-17T11:26:00Z,2022-11-18T07:12:00Z,กรุงเทพมหานคร,Bangkok,expressway authority of thailand,รามอินทรา-วงแหวนรอบนอก,other,other,other,1,0,0,clear,13.863875,100.645126,straight road,other
7413833,2022-11-17T11:37:00Z,2022-11-28T07:20:00Z,กรุงเทพมหานคร,Bangkok,department of highways,พระประแดง - บางแค,private/passenger car,speeding,rear-end collision,2,0,1,clear,13.63790524,100.4133613,straight road,no slope
7413828,2022-11-17T11:46:00Z,2022-11-28T07:17:00Z,กรุงเทพมหานคร,Bangkok,department of highways,บางแค - คลองมหาสวัสดิ์,4-wheel pickup truck,speeding,rollover/fallen on straight road,1,0,0,clear,13.76213581,100.406687,straight road,no slope
7559212,2022-11-17T12:00:00Z,2023-01-13T10:51:00Z,กรุงเทพมหานคร,Bangkok,department of highways,ดาวคะนอง -  แสมดำ,private/passenger car,speeding,rear-end collision,2,0,1,clear,13.6239987,100.3909904,straight road,no slope
7413835,2022-11-17T12:20:00Z,2022-11-28T07:20:00Z,กรุงเทพมหานคร,Bangkok,department of highways,พระประแดง - บางแค,private/passenger car,speeding,rear-end collision,2,0,1,clear,13.62041701,100.4979569,straight road,no slope
7527261,2022-11-17T13:50:00Z,2022-12-31T10:25:00Z,กรุงเทพมหานคร,Bangkok,department of highways,พระประแดง - บางแค,motorcycle,speeding,rollover/fallen on straight road,1,0,2,clear,13.62604368,100.4663122,straight road,no slope
7413630,2022-11-17T14:12:00Z,2022-11-25T10:52:00Z,กรุงเทพมหานคร,Bangkok,department of highways,ถนนศรีนครินทร - แขวงคลองสองต้นนุ่น,4-wheel pickup truck,speeding,rear-end collision,2,0,0,clear,13.73204539,100.7070766,straight road,no slope
7564078,2022-11-17T16:01:00Z,2023-01-19T10:17:00Z,สมุทรสาคร,Samut Sakhon,department of highways,แสมดำ - สะพานข้ามแม่น้ำท่าจีนฝั่งตะวันตก,passenger pickup truck,worn-out/tire blowout,rollover/fallen on straight road,1,0,0,clear,13.60639545,100.3739053,straight road,no slope
7559407,2022-11-17T18:30:00Z,2023-01-13T14:21:00Z,สมุทรปราการ,Samut Prakan,department of highways,บางตำหรุ - คลองด่าน,4-wheel pickup truck,speeding,rollover/fallen on straight road,1,1,0,clear,13.50897324,100.7143414,straight road,no slope
7413821,2022-11-17T18:52:00Z,2022-11-28T07:13:00Z,กรุงเทพมหานคร,Bangkok,department of highways,บางบอน - โรงพยาบาลบางปะกอก 8,4-wheel pickup truck,speeding,rear-end collision,2,0,2,clear,13.65021979,100.3866656,straight road,no slope
7413819,2022-11-17T20:40:00Z,2022-11-28T07:11:00Z,กรุงเทพมหานคร,Bangkok,department of highways,พระประแดง - บางแค,4-wheel pickup truck,speeding,rear-end collision,2,0,1,clear,13.62036488,100.4920466,straight road,no slope
7564089,2022-11-17T21:50:00Z,2023-01-19T10:22:00Z,สมุทรสาคร,Samut Sakhon,department of highways,แสมดำ - สะพานข้ามแม่น้ำท่าจีนฝั่งตะวันตก,4-wheel pickup truck,speeding,rear-end collision,2,0,0,clear,13.54794025,100.2608761,straight road,no slope
7413876,2022-11-18T04:00:00Z,2022-11-28T08:40:00Z,ปทุมธานี,Pathum Thani,department of highways,วัดนาบุญ - คลอง 14,4-wheel pickup truck,falling asleep,rollover/fallen on straight road,1,0,2,clear,14.07615462,100.8906966,other,other
7413817,2022-11-18T07:00:00Z,2022-11-28T07:11:00Z,กรุงเทพมหานคร,Bangkok,department of highways,ดาวคะนอง -  แสมดำ,private/passenger car,speeding,rear-end collision,2,0,1,clear,13.6671165,100.4471348,straight road,no slope
7474618,2022-11-18T07:16:00Z,2022-12-20T14:08:00Z,กรุงเทพมหานคร,Bangkok,department of highways,ไม่ทราบ,motorcycle,speeding,collision with obstruction (on road surface),1,0,1,clear,13.62607,100.4573915,straight road,no slope
7413891,2022-11-18T11:50:00Z,2022-11-28T08:49:00Z,ปทุมธานี,Pathum Thani,department of highways,ปทุมธานี - ท้ายเกาะ,private/passenger car,speeding,collision at intersection corner,4,1,3,clear,14.07905953,100.5206013,connecting to public/commercial area,other
7364072,2022-11-18T12:34:00Z,2022-11-22T09:20:00Z,ปทุมธานี,Pathum Thani,department of highways,บางปะอิน - แขวงรามอินทรา,6-wheel truck,speeding,rear-end collision,4,0,0,clear,13.95819573,100.7127012,straight road,no slope
7564325,2022-11-18T15:00:00Z,2023-01-19T13:51:00Z,สมุทรสาคร,Samut Sakhon,department of highways,สะพานข้ามแม่น้ำท่าจีนฝั่งตะวันตก - นาโคก,4-wheel pickup truck,speeding,rollover/fallen on straight road,1,0,0,clear,13.52076357,100.1732574,straight road,no slope
7517153,2022-11-18T15:20:00Z,2022-12-29T09:31:00Z,สมุทรสาคร,Samut Sakhon,department of highways,ไม่ทราบ,4-wheel pickup truck,cutting in closely by people/vehicles/animals,rollover/fallen on straight road,1,0,0,clear,13.52177415,100.1763098,straight road,no slope
7559387,2022-11-18T16:00:00Z,2023-01-13T14:09:00Z,ปทุมธานี,Pathum Thani,department of highways,บางคูวัด - บางพูน,4-wheel pickup truck,speeding,rollover/fallen on straight road,1,0,0,clear,13.97542826,100.579913,straight road,no slope
7340131,2022-11-18T16:18:00Z,2022-11-18T17:08:00Z,กรุงเทพมหานคร,Bangkok,department of highways,บางปะอิน - แขวงรามอินทรา,private/passenger car,speeding,rear-end collision,7,0,0,rainy,13.83635975,100.6734444,straight road,no slope
7568162,2022-11-18T17:30:00Z,2023-01-24T10:28:00Z,ปทุมธานี,Pathum Thani,department of highways,สนามกีฬาธูปะเตมีย์ - ต่างระดับคลองหลวง,4-wheel pickup truck,speeding,rollover/fallen on straight road,1,0,0,clear,14.01971179,100.6155648,straight road,no slope
7344662,2022-11-18T17:40:00Z,2022-11-19T07:31:00Z,กรุงเทพมหานคร,Bangkok,department of highways,บางปะอิน - แขวงรามอินทรา,private/passenger car,speeding,rear-end collision,2,0,0,rainy,13.83544691,100.6736308,straight road,no slope
7347185,2022-11-18T18:20:00Z,2022-11-19T17:54:00Z,กรุงเทพมหานคร,Bangkok,department of rural roads,สะพานภูมิพลที่ 2 ไปสะพานภูมิพลที่ 1,motorcycle,unfamiliarity with the route/unskilled driving,other,1,0,1,rainy,13.669845,100.53836,straight road,slope area