acc_code,incident_datetime,report_datetime,province_th,province_en,agency,route,vehicle_type,presumed_cause,accident_type,number_of_vehicles_involved,number_of_fatalities,number_of_injuries,weather_condition,latitude,longitude,road_description,slope_description
7347213,2022-11-18T19:00:00Z,2022-11-19T17:55:00Z,สมุทรสาคร,Samut Sakhon,department of rural roads,แยกทางหลวงหมายเลข 375 (กม.ที่ 10+950) - บ้านกระทุ่มแบน,private/passenger car,speeding,other,1,0,1,clear,13.590695,100.12695,straight road,no slope
7413811,2022-11-18T20:24:00Z,2022-11-28T07:07:00Z,กรุงเทพมหานคร,Bangkok,department of highways,ดาวคะนอง -  แสมดำ,motorcycle,speeding,rollover/fallen on straight road,1,0,1,clear,13.66792465,100.4484733,straight road,no slope
7413807,2022-11-18T21:20:00Z,2022-11-28T07:06:00Z,กรุงเทพมหานคร,Bangkok,department of highways,บางแค - คลองมหาสวัสดิ์,4-wheel pickup truck,speeding,rollover/fallen on straight road,1,0,0,clear,13.77323799,100.4080465,straight road,no slope
7413806,2022-11-19T00:49:00Z,2022-11-28T07:05:00Z,กรุงเทพมหานคร,Bangkok,department of highways,ดาวคะนอง -  แสมดำ,motorcycle,speeding,rollover/fallen on straight road,1,0,2,clear,13.6265207,100.3940856,straight road,no slope
7350769,2022-11-19T08:30:00Z,2022-11-20T07:16:00Z,สมุทรปราการ,Samut Prakan,department of highways,ท้ายบ้าน - บางตำหรุ,motorcycle,speeding,pedestrian collision,1,1,1,clear,13.52006481,100.6626861,straight road,no slope
7351397,2022-11-19T13:02:00Z,2022-11-20T10:05:00Z,สมุทรสาคร,Samut Sakhon,department of rural roads,แยกทางหลวงหมายเลข 3091 (กม.ที่ 15+800) - บ้านวัดเกาะ,motorcycle,cutting in closely by people/vehicles/animals,other,2,1,1,clear,13.589486,100.264367,t-intersection,other
7350890,2022-11-19T13:30:00Z,2022-11-20T07:50:00Z,กรุงเทพมหานคร,Bangkok,department of rural roads,สะพานภูมิพลที่ 2 ไปสะพานภูมิพลที่ 1,motorcycle,unfamiliarity with the route/unskilled driving,other,2,0,1,clear,13.671222,100.538501,straight road,slope area
7350994,2022-11-19T15:15:00Z,2022-11-20T08:15:00Z,กรุงเทพมหานคร,Bangkok,department of highways,ดาวคะนอง -  แสมดำ,motorcycle,speeding,rollover/fallen on straight road,1,0,1,clear,13.65465847,100.4266074,straight road,no slope
7564331,2022-11-19T15:30:00Z,2023-01-19T13:55:00Z,สมุทรสาคร,Samut Sakhon,department of highways,แสมดำ - สะพานข้ามแม่น้ำท่าจีนฝั่งตะวันตก,private/passenger car,speeding,rear-end collision,2,0,0,clear,13.56633647,100.2811812,straight road,no slope
7413911,2022-11-19T16:00:00Z,2022-11-28T08:58:00Z,ปทุมธานี,Pathum Thani,department of highways,บางคูวัด - บางพูน,4-wheel pickup truck,speeding,rollover/fallen on straight road,1,0,1,clear,13.97542826,100.579913,straight road,no slope
7413802,2022-11-19T16:30:00Z,2022-11-28T07:04:00Z,กรุงเทพมหานคร,Bangkok,department of highways,ดาวคะนอง -  แสมดำ,motorcycle,speeding,rear-end collision,2,0,1,rainy,13.68164098,100.4756449,straight road,no slope
7348089,2022-11-19T18:29:00Z,2022-11-19T20:52:00Z,กรุงเทพมหานคร,Bangkok,department of highways,แขวงคลองสองต้นนุ่น - พิมพา,4-wheel pickup truck,speeding,rear-end collision,3,0,0,clear,13.73209412,100.7751801,straight road,no slope
7413940,2022-11-19T19:56:00Z,2022-11-28T09:15:00Z,สมุทรปราการ,Samut Prakan,department of highways,บางนา - ทางเข้าท่าอากาศยานสุวรรณภูมิ,motorcycle,speeding,rear-end collision,2,0,1,clear,13.65371495,100.6753609,straight road,no slope
7570954,2022-11-19T22:15:00Z,2023-01-26T09:49:00Z,สมุทรสาคร,Samut Sakhon,department of highways,แสมดำ - สะพานข้ามแม่น้ำท่าจีนฝั่งตะวันตก,private/passenger car,cutting in closely by people/vehicles/animals,rear-end collision,1,0,0,clear,13.59193104,100.3361191,straight road,no slope
7559013,2022-11-20T00:15:00Z,2023-01-13T09:14:00Z,กรุงเทพมหานคร,Bangkok,department of highways,ดินแดง - งามวงศ์วาน,private/passenger car,speeding,rear-end collision,2,0,1,clear,13.80524345,100.5601611,straight road,no slope
7512670,2022-11-20T00:20:00Z,2022-12-27T15:33:00Z,กรุงเทพมหานคร,Bangkok,department of highways,ไม่ทราบ,private/passenger car,speeding,rear-end collision,2,0,0,clear,13.61387652,100.3816791,straight road,no slope
7354199,2022-11-20T06:33:00Z,2022-11-20T20:40:00Z,สมุทรปราการ,Samut Prakan,expressway authority of thailand,บางนา-ชลบุรี,other,other,rollover/fallen on straight road,1,0,0,clear,13.59221,100.817726,straight road,other
7559352,2022-11-20T11:30:00Z,2023-01-13T13:48:00Z,กรุงเทพมหานคร,Bangkok,department of highways,อรุณอมรินทร์ - พุทธมณฑลสาย 4,private/passenger car,cutting in closely by people/vehicles/animals,rear-end collision,2,0,2,clear,13.78075484,100.4459623,straight road,no slope
7363924,2022-11-20T13:13:00Z,2022-11-22T08:52:00Z,กรุงเทพมหานคร,Bangkok,department of highways,แขวงรามอินทรา - บางพลี,private/passenger car,speeding,rear-end collision,2,0,0,clear,13.80204974,100.6804088,straight road,no slope
7363923,2022-11-20T17:12:00Z,2022-11-22T08:51:00Z,กรุงเทพมหานคร,Bangkok,department of highways,ถนนศรีนครินทร - แขวงคลองสองต้นนุ่น,private/passenger car,speeding,rear-end collision,2,0,0,clear,13.73188515,100.7103074,straight road,no slope
7353871,2022-11-20T18:28:00Z,2022-11-20T19:33:00Z,กรุงเทพมหานคร,Bangkok,expressway authority of thailand,ดินแดง-ท่าเรือ,other,other,side collision,4,0,2,clear,13.73970861,100.5510253,grade-separated intersection/ramps,other
7358900,2022-11-20T21:29:00Z,2022-11-21T14:49:00Z,สมุทรปราการ,Samut Prakan,department of highways,แขวงคลองสองต้นนุ่น - พิมพา,4-wheel pickup truck,speeding,rear-end collision,2,0,0,clear,13.67088303,100.8425295,straight road,no slope
7512695,2022-11-20T21:29:00Z,2022-12-27T15:18:00Z,กรุงเทพมหานคร,Bangkok,department of highways,ไม่ทราบ,private/passenger car,speeding,rear-end collision,2,0,0,clear,13.65097038,100.4226699,straight road,no slope
7564324,2022-11-21T01:30:00Z,2023-01-19T13:50:00Z,สมุทรสาคร,Samut Sakhon,department of highways,สะพานข้ามแม่น้ำท่าจีนฝั่งตะวันตก - นาโคก,4-wheel pickup truck,speeding,rollover/fallen on straight road,1,0,1,clear,13.53320479,100.2102659,straight road,no slope
7364075,2022-11-21T03:25:00Z,2022-11-22T09:21:00Z,กรุงเทพมหานคร,Bangkok,department of highways,แขวงรามอินทรา - บางพลี,private/passenger car,speeding,rear-end collision,2,0,1,clear,13.76433756,100.6943952,straight road,no slope
7379366,2022-11-21T06:26:00Z,2022-11-24T13:32:00Z,กรุงเทพมหานคร,Bangkok,department of highways,แขวงคลองสองต้นนุ่น - พิมพา,4-wheel pickup truck,speeding,rear-end collision,4,0,8,clear,13.73052553,100.7218196,straight road,no slope
7414684,2022-11-21T07:15:00Z,2022-11-29T09:47:00Z,นครปฐม,Nakhon Pathom,department of highways,บางเลน - ลำลูกบัว,private/passenger car,cutting in closely by people/vehicles/animals,rear-end collision,2,0,0,clear,14.03097215,100.1227856,straight road,no slope
7564327,2022-11-21T08:20:00Z,2023-01-19T13:52:00Z,สมุทรสาคร,Samut Sakhon,department of highways,สะพานข้ามแม่น้ำท่าจีนฝั่งตะวันตก - นาโคก,large truck with trailer,cutting in closely by people/vehicles/animals,rear-end collision,2,0,0,clear,13.52469431,100.1850205,straight road,no slope
7379373,2022-11-21T09:05:00Z,2022-11-24T13:34:00Z,กรุงเทพมหานคร,Bangkok,department of highways,แขวงรามอินทรา - บางพลี,private/passenger car,speeding,rear-end collision,3,0,0,clear,13.76762918,100.6928435,straight road,no slope
7363571,2022-11-21T09:25:00Z,2022-11-22T07:28:00Z,สมุทรปราการ,Samut Prakan,department of rural roads,ถนนวงแหวนอุตสาหกรรมเข้าสะพานภูมิพลที่ 1,motorcycle,running red lights/traffic signals,other,2,0,1,clear,13.66402,100.532449,straight road,slope area
7559341,2022-11-21T21:31:00Z,2023-01-13T13:10:00Z,กรุงเทพมหานคร,Bangkok,department of highways,อรุณอมรินทร์ - พุทธมณฑลสาย 4,private/passenger car,cutting in closely by people/vehicles/animals,rear-end collision,2,0,1,clear,13.78245293,100.4162064,straight road,no slope
7413937,2022-11-21T22:00:00Z,2022-11-28T09:15:00Z,สมุทรปราการ,Samut Prakan,department of highways,ทางเข้าท่าอากาศยานสุวรรณภูมิ - บางวัว,motorcycle,speeding,rear-end collision,2,1,1,clear,13.59283831,100.8131406,straight road,no slope
7364049,2022-11-21T22:30:00Z,2022-11-22T09:15:00Z,กรุงเทพมหานคร,Bangkok,department of highways,บางปะอิน - แขวงรามอินทรา,6-wheel truck,speeding,rear-end collision,3,0,0,clear,13.82994378,100.6740265,straight road,no slope
7366070,2022-11-22T07:00:00Z,2022-11-22T16:05:00Z,สมุทรปราการ,Samut Prakan,department of rural roads,ถนนวงแหวนอุตสาหกรรมเข้าสะพานภูมิพลที่ 1,private/passenger car,tailgating,other,2,0,0,clear,13.664451,100.534945,straight road,slope area
7364114,2022-11-22T08:17:00Z,2022-11-22T09:27:00Z,กรุงเทพมหานคร,Bangkok,expressway authority of thailand,พญาไท-บางโคล่,other,other,rollover/fallen on straight road,2,0,0,clear,NA,NA,grade-separated intersection/ramps,other
7559068,2022-11-22T09:10:00Z,2023-01-13T09:30:00Z,กรุงเทพมหานคร,Bangkok,department of highways,อรุณอมรินทร์ - พุทธมณฑลสาย 4,private/passenger car,cutting in closely by people/vehicles/animals,rear-end collision,2,0,1,clear,13.78377923,100.3993066,straight road,no slope
7518678,2022-11-22T09:42:00Z,2022-12-29T11:39:00Z,สมุทรปราการ,Samut Prakan,expressway authority of thailand,บางพลี-สุขสวัสดิ์,4-wheel pickup truck,other,rear-end collision,4,0,0,clear,13.630738,100.585586,straight road,other
7365295,2022-11-22T12:14:00Z,2022-11-22T13:40:00Z,กรุงเทพมหานคร,Bangkok,expressway authority of thailand,แจ้งวัฒนะ-พญาไท,other,other,collision with obstruction (on road surface),1,0,3,clear,NA,NA,wide curve,other
7559065,2022-11-22T17:25:00Z,2023-01-13T09:32:00Z,กรุงเทพมหานคร,Bangkok,department of highways,อรุณอมรินทร์ - พุทธมณฑลสาย 4,motorcycle,speeding,rear-end collision,2,0,1,clear,13.78360339,100.4018171,straight road,no slope
7434729,2022-11-22T17:53:00Z,2022-12-06T14:16:00Z,สมุทรสาคร,Samut Sakhon,department of highways,ไม่ทราบ,private/passenger car,speeding,rear-end collision,2,0,0,clear,13.60249259,100.3700521,straight road,no slope
7371805,2022-11-22T17:55:00Z,2022-11-23T11:36:00Z,กรุงเทพมหานคร,Bangkok,department of highways,แขวงคลองสองต้นนุ่น - พิมพา,4-wheel pickup truck,speeding,rear-end collision,2,0,0,clear,13.7294944,100.7426691,straight road,no slope
7518676,2022-11-22T19:53:00Z,2022-12-29T11:39:00Z,กรุงเทพมหานคร,Bangkok,expressway authority of thailand,พญาไท-ศรีนครินทร์,other,other,rear-end collision,2,0,0,clear,13.75337765,100.588412,straight road,other
7521874,2022-11-23T02:30:00Z,2022-12-30T11:58:00Z,นนทบุรี,Nonthaburi,department of highways,บางบัวทอง - ไทรน้อย,passenger pickup truck,insufficient light,rollover/fallen on straight road,1,0,0,clear,13.94706314,100.3785129,straight road,no slope
7414075,2022-11-23T05:30:00Z,2022-11-28T09:56:00Z,ปทุมธานี,Pathum Thani,department of highways,บางปะอิน - แขวงรามอินทรา,4-wheel pickup truck,speeding,rear-end collision,2,0,0,clear,14.03716397,100.6981382,straight road,no slope
7413935,2022-11-23T06:40:00Z,2022-11-28T09:14:00Z,สมุทรปราการ,Samut Prakan,department of highways,ทางเข้าท่าอากาศยานสุวรรณภูมิ - บางวัว,private/passenger car,speeding,rear-end collision,2,0,0,clear,13.61662282,100.7472052,straight road,no slope
7564093,2022-11-23T08:50:00Z,2023-01-19T10:24:00Z,สมุทรสาคร,Samut Sakhon,department of highways,แสมดำ - สะพานข้ามแม่น้ำท่าจีนฝั่งตะวันตก,private/passenger car,speeding,rear-end collision,2,0,0,clear,13.54568015,100.2580151,straight road,no slope
7379272,2022-11-23T10:48:00Z,2022-11-24T13:19:00Z,ปทุมธานี,Pathum Thani,department of highways,บางปะอิน - แขวงรามอินทรา,private/passenger car,speeding,rear-end collision,3,0,2,clear,13.93324194,100.7083614,straight road,no slope
7564059,2022-11-23T15:00:00Z,2023-01-19T10:12:00Z,สมุทรสาคร,Samut Sakhon,department of highways,แสมดำ - สะพานข้ามแม่น้ำท่าจีนฝั่งตะวันตก,4-wheel pickup truck,speeding,rear-end collision,2,0,0,clear,13.59264535,100.3528503,straight road,no slope
7418466,2022-11-23T19:00:00Z,2022-11-30T09:06:00Z,กรุงเทพมหานคร,Bangkok,department of highways,แขวงรามอินทรา - บางพลี,private/passenger car,speeding,rear-end collision,3,0,1,clear,13.78711356,100.6840914,straight road,no slope
7386527,2022-11-23T20:33:00Z,2022-11-25T10:43:00Z,สมุทรปราการ,Samut Prakan,department of rural roads,ถนนวงแหวนอุตสาหกรรมเข้าสะพานภูมิพลที่ 1,passenger pickup truck,speeding,other,2,0,1,clear,13.664187,100.526671,straight road,slope area
7385673,2022-11-23T22:04:00Z,2022-11-25T08:44:00Z,สมุทรปราการ,Samut Prakan,department of rural roads,ถนนวงแหวนอุตสาหกรรมเข้าสะพานภูมิพลที่ 1,private/passenger car,speeding,other,2,0,0,clear,13.664292,100.52621,straight road,slope area
7386533,2022-11-23T22:58:00Z,2022-11-25T10:43:00Z,กรุงเทพมหานคร,Bangkok,department of rural roads,สะพานภูมิพลที่ 1 ไปสะพานภูมิพลที่ 2,private/passenger car,tailgating,other,2,0,1,rainy,13.669121,100.538524,straight road,slope area
7564056,2022-11-23T23:25:00Z,2023-01-19T10:10:00Z,สมุทรสาคร,Samut Sakhon,department of highways,แสมดำ - สะพานข้ามแม่น้ำท่าจีนฝั่งตะวันตก,private/passenger car,speeding,rear-end collision,2,0,0,clear,13.54616551,100.2587893,straight road,no slope
7386530,2022-11-24T01:41:00Z,2022-11-25T10:44:00Z,สมุทรปราการ,Samut Prakan,department of rural roads,สะพานภูมิพลที่ 1 ไปสะพานภูมิพลที่ 2,7-10-wheel truck,brake/anti-lock brake system failure,other,1,1,0,clear,13.650578,100.541469,y-intersection,other
7414809,2022-11-24T03:02:00Z,2022-11-26T14:07:00Z,กรุงเทพมหานคร,Bangkok,department of highways,แขวงรามอินทรา - บางพลี,4-wheel pickup truck,speeding,rear-end collision,2,0,0,clear,13.78043833,100.6862694,straight road,no slope
7518710,2022-11-24T03:27:00Z,2022-12-29T11:39:00Z,นนทบุรี,Nonthaburi,expressway authority of thailand,แจ้งวัฒนะ-พญาไท,other,other,side collision,1,0,0,clear,13.8676819,100.5338359,straight road,other
7379271,2022-11-24T04:39:00Z,2022-11-24T13:17:00Z,ปทุมธานี,Pathum Thani,department of highways,บางปะอิน - แขวงรามอินทรา,private/passenger car,speeding,rear-end collision,2,0,0,clear,14.06444421,100.6967595,straight road,no slope
7414820,2022-11-24T06:23:00Z,2022-11-25T13:36:00Z,กรุงเทพมหานคร,Bangkok,department of highways,ดินแดง - งามวงศ์วาน,4-wheel pickup truck,speeding,collision with obstruction (on road surface),1,0,0,clear,13.86164168,100.569132,straight road,no slope
7559377,2022-11-24T07:00:00Z,2023-01-13T14:01:00Z,ปทุมธานี,Pathum Thani,department of highways,วัดนาบุญ - คลอง 14,4-wheel pickup truck,slippery road,rollover/fallen on straight road,1,0,0,rainy,14.06780962,100.8676565,straight road,no slope
7518711,2022-11-24T07:15:00Z,2022-12-29T11:39:00Z,กรุงเทพมหานคร,Bangkok,expressway authority of thailand,รามอินทรา-อาจณรงค์,other,other,rear-end collision,2,0,0,clear,NA,NA,straight road,other
7379416,2022-11-24T08:40:00Z,2022-11-24T13:38:00Z,กรุงเทพมหานคร,Bangkok,expressway authority of thailand,อาจณรงค์-บางนา,other,other,side collision,3,0,0,clear,13.690107,100.601722,straight road,other
7422483,2022-11-24T09:00:00Z,2022-12-01T09:46:00Z,ปทุมธานี,Pathum Thani,department of highways,ไม่ทราบ,large truck with trailer,speeding,other,1,0,0,clear,13.95648815,100.4934142,connecting to private area,other
7378771,2022-11-24T09:26:00Z,2022-11-24T10:23:00Z,กรุงเทพมหานคร,Bangkok,expressway authority of thailand,พญาไท-ศรีนครินทร์,other,other,collision with obstruction (on road surface),1,0,0,rainy,13.74172934,100.6397472,grade-separated intersection/ramps,other
7413755,2022-11-24T10:27:00Z,2022-11-26T10:14:00Z,ปทุมธานี,Pathum Thani,department of highways,บางปะอิน - แขวงรามอินทรา,private/passenger car,speeding,rear-end collision,2,0,0,clear,13.96274965,100.7127616,straight road,no slope
7565478,2022-11-24T13:00:00Z,2023-01-20T11:26:00Z,กรุงเทพมหานคร,Bangkok,department of highways,ดาวคะนอง -  แสมดำ,7-10-wheel truck,speeding,rear-end collision,2,0,0,clear,13.610951,100.3784032,straight road,no slope
7413766,2022-11-24T13:15:00Z,2022-11-26T14:05:00Z,กรุงเทพมหานคร,Bangkok,department of highways,แขวงรามอินทรา - บางพลี,large truck with trailer,speeding,rear-end collision,2,0,0,clear,13.72858651,100.7017632,straight road,no slope
7414316,2022-11-24T17:57:00Z,2022-11-28T11:42:00Z,กรุงเทพมหานคร,Bangkok,department of highways,แขวงคลองสองต้นนุ่น - พิมพา,private/passenger car,speeding,rear-end collision,3,0,0,clear,13.7294944,100.7426691,straight road,no slope
7559359,2022-11-24T18:00:00Z,2023-01-13T13:46:00Z,กรุงเทพมหานคร,Bangkok,department of highways,อรุณอมรินทร์ - พุทธมณฑลสาย 4,motorcycle,speeding,rear-end collision,2,0,1,clear,13.7804735,100.4451576,straight road,no slope
7564048,2022-11-24T18:00:00Z,2023-01-19T10:09:00Z,สมุทรสาคร,Samut Sakhon,department of highways,แสมดำ - สะพานข้ามแม่น้ำท่าจีนฝั่งตะวันตก,private/passenger car,speeding,rear-end collision,2,0,0,clear,13.54546303,100.257613,straight road,no slope
7414277,2022-11-24T18:47:00Z,2022-11-28T11:31:00Z,สมุทรปราการ,Samut Prakan,department of highways,แขวงคลองสองต้นนุ่น - พิมพา,4-wheel pickup truck,speeding,rear-end collision,2,0,0,clear,13.665956,100.8501771,straight road,no slope
7418075,2022-11-24T22:19:00Z,2022-11-30T06:36:00Z,กรุงเทพมหานคร,Bangkok,department of highways,แขวงคลองสองต้นนุ่น - พิมพา,van,speeding,rear-end collision,2,0,0,clear,13.71641918,100.8169906,straight road,no slope
7418178,2022-11-25T02:16:00Z,2022-11-30T07:26:00Z,ปทุมธานี,Pathum Thani,department of highways,บางปะอิน - แขวงรามอินทรา,4-wheel pickup truck,speeding,rollover/fallen on straight road,1,0,1,clear,13.97552721,100.7132028,straight road,no slope
7559050,2022-11-25T09:00:00Z,2023-01-13T09:23:00Z,กรุงเทพมหานคร,Bangkok,department of highways,คู้บอน - ประเวศ,other,running red lights/traffic signals,other,1,0,0,clear,13.80444419,100.6798346,other,other
7564074,2022-11-25T13:09:00Z,2023-01-19T10:15:00Z,สมุทรสาคร,Samut Sakhon,department of highways,แสมดำ - สะพานข้ามแม่น้ำท่าจีนฝั่งตะวันตก,7-10-wheel truck,worn-out/tire blowout,rollover/fallen on straight road,1,0,0,clear,13.59991466,100.3674596,straight road,no slope
7564063,2022-11-25T13:58:00Z,2023-01-19T10:14:00Z,สมุทรสาคร,Samut Sakhon,department of highways,แสมดำ - สะพานข้ามแม่น้ำท่าจีนฝั่งตะวันตก,private/passenger car,speeding,rear-end collision,3,0,0,clear,13.60769885,100.3751872,straight road,no slope
7418208,2022-11-25T15:00:00Z,2022-11-30T07:42:00Z,ปทุมธานี,Pathum Thani,department of highways,บางปะอิน - แขวงรามอินทรา,4-wheel pickup truck,speeding,rollover/fallen on straight road,1,0,0,clear,14.13640789,100.6667952,straight road,no slope
7403385,2022-11-25T18:58:00Z,2022-11-27T22:45:00Z,กรุงเทพมหานคร,Bangkok,expressway authority of thailand,พญาไท-ศรีนครินทร์,4-wheel pickup truck,other,rear-end collision,2,0,0,clear,13.75361433,100.56282590000001,straight road,other
7406961,2022-11-25T19:58:00Z,2022-11-28T12:04:00Z,กรุงเทพมหานคร,Bangkok,department of rural roads,สะพานภูมิพลที่ 1 ไปสะพานภูมิพลที่ 2,private/passenger car,speeding,other,2,0,0,rainy,13.671073,100.538611,straight road,slope area
7418676,2022-11-25T20:45:00Z,2022-11-30T10:16:00Z,สมุทรปราการ,Samut Prakan,department of highways,แขวงรามอินทรา - บางพลี,6-wheel truck,speeding,rollover/fallen on curved road,1,0,0,rainy,13.64962676,100.6873316,wide curve,no slope
7413783,2022-11-25T21:00:00Z,2022-11-27T11:10:00Z,สมุทรปราการ,Samut Prakan,department of highways,แขวงรามอินทรา - บางพลี,large truck with trailer,speeding,rollover/fallen on straight road,1,0,0,rainy,13.65050253,100.6877299,straight road,no slope
7559391,2022-11-25T21:30:00Z,2023-01-13T14:07:00Z,นนทบุรี,Nonthaburi,department of highways,คลองบางไผ่ - คลองบางหลวง,4-wheel pickup truck,loss of control,rear-end collision,2,0,1,rainy,13.91822281,100.4112008,straight road,no slope
7564060,2022-11-25T23:58:00Z,2023-01-19T10:13:00Z,สมุทรสาคร,Samut Sakhon,department of highways,แสมดำ - สะพานข้ามแม่น้ำท่าจีนฝั่งตะวันตก,4-wheel pickup truck,speeding,rear-end collision,3,0,2,clear,13.59664022,100.3642714,straight road,no slope
7391333,2022-11-26T00:59:00Z,2022-11-26T02:12:00Z,กรุงเทพมหานคร,Bangkok,expressway authority of thailand,แจ้งวัฒนะ-พญาไท,other,other,side collision,1,0,1,rainy,13.79449686,100.5388057,straight road,other
7391672,2022-11-26T02:37:00Z,2022-11-26T04:06:00Z,กรุงเทพมหานคร,Bangkok,expressway authority of thailand,พญาไท-ศรีนครินทร์,other,other,rear-end collision,2,0,2,rainy,NA,NA,merge lane,other
7406404,2022-11-26T02:45:00Z,2022-11-28T10:45:00Z,กรุงเทพมหานคร,Bangkok,expressway authority of thailand,แจ้งวัฒนะ-พญาไท,other,other,collision with obstruction (on road surface),1,0,0,rainy,NA,NA,wide curve,other
7418179,2022-11-26T03:33:00Z,2022-11-30T07:33:00Z,ปทุมธานี,Pathum Thani,department of highways,บางปะอิน - แขวงรามอินทรา,4-wheel pickup truck,speeding,rollover/fallen on straight road,1,0,0,clear,14.01424848,100.7021855,straight road,no slope
7413764,2022-11-26T03:50:00Z,2022-11-26T14:02:00Z,กรุงเทพมหานคร,Bangkok,department of highways,แขวงรามอินทรา - บางพลี,private/passenger car,speeding,rollover/fallen on straight road,1,0,1,rainy,13.74230839,100.7025196,straight road,no slope
7418190,2022-11-26T04:10:00Z,2022-11-30T07:36:00Z,กรุงเทพมหานคร,Bangkok,department of highways,ถนนศรีนครินทร - แขวงคลองสองต้นนุ่น,private/passenger car,speeding,rollover/fallen on straight road,1,0,1,clear,13.73304461,100.7004248,straight road,no slope
7406447,2022-11-26T06:10:00Z,2022-11-28T10:49:00Z,กรุงเทพมหานคร,Bangkok,expressway authority of thailand,พญาไท-ศรีนครินทร์,6-wheel truck,other,rear-end collision,2,0,0,clear,NA,NA,straight road,other
7406174,2022-11-26T06:30:00Z,2022-11-28T10:14:00Z,ปทุมธานี,Pathum Thani,department of rural roads,แยกถนนเทศบาลท่าโขลง - บ้านคลองสิบสาม,motorcycle,abrupt lane change,other,2,3,0,rainy,14.145142,100.623991,straight road,no slope
7559054,2022-11-26T08:30:00Z,2023-01-13T09:21:00Z,กรุงเทพมหานคร,Bangkok,department of highways,ดินแดง - งามวงศ์วาน,motorcycle,speeding,rear-end collision,3,0,0,clear,13.76746126,100.5499632,straight road,no slope
7413781,2022-11-26T10:56:00Z,2022-11-27T11:09:00Z,ปทุมธานี,Pathum Thani,department of highways,บางปะอิน - แขวงรามอินทรา,4-wheel pickup truck,speeding,rear-end collision,2,0,0,clear,13.95546386,100.7126637,straight road,no slope
7527032,2022-11-26T11:00:00Z,2022-12-31T09:33:00Z,กรุงเทพมหานคร,Bangkok,department of highways,ถนนศรีนครินทร์ - ลาดกระบัง,other,speeding,collision with obstruction (on road surface),1,0,0,clear,13.7321869,100.7079451,other,other
7564061,2022-11-26T12:00:00Z,2023-01-19T10:11:00Z,สมุทรสาคร,Samut Sakhon,department of highways,แสมดำ - สะพานข้ามแม่น้ำท่าจีนฝั่งตะวันตก,private/passenger car,speeding,rear-end collision,2,0,0,clear,13.54568015,100.2580151,straight road,no slope
7559048,2022-11-26T13:24:00Z,2023-01-13T09:20:00Z,กรุงเทพมหานคร,Bangkok,department of highways,ดินแดง - งามวงศ์วาน,private/passenger car,cutting in closely by people/vehicles/animals,rear-end collision,2,0,1,other,13.80794117,100.5598682,straight road,no slope
7526993,2022-11-26T13:30:00Z,2022-12-31T09:23:00Z,นครปฐม,Nakhon Pathom,department of highways,หนองพงนก - ไผ่เจดีย์,4-wheel pickup truck,slippery road,rear-end collision,5,0,0,rainy,14.07912312,100.016102,straight road,no slope
7419393,2022-11-26T17:55:00Z,2022-11-30T13:29:00Z,กรุงเทพมหานคร,Bangkok,department of highways,แขวงรามอินทรา - บางพลี,private/passenger car,speeding,rear-end collision,3,0,3,clear,13.74313041,100.702765,straight road,no slope
7561163,2022-11-26T18:24:00Z,2023-01-17T06:15:00Z,กรุงเทพมหานคร,Bangkok,expressway authority of thailand,พญาไท-ศรีนครินทร์,other,other,rear-end collision,4,0,0,clear,13.76144957,100.5453835,straight road,other
7480660,2022-11-26T19:45:00Z,2022-12-23T14:58:00Z,กรุงเทพมหานคร,Bangkok,department of highways,ไม่ทราบ,private/passenger car,speeding,rear-end collision,2,0,0,clear,13.78137874,100.4267536,straight road,no slope
7398156,2022-11-26T21:53:00Z,2022-11-27T03:24:00Z,สมุทรปราการ,Samut Prakan,expressway authority of thailand,บางพลี-สุขสวัสดิ์,large truck with trailer,other,collision with obstruction (on road surface),2,0,0,clear,13.633934,100.569287,straight road,other
7414545,2022-11-27T02:00:00Z,2022-11-28T16:23:00Z,สมุทรปราการ,Samut Prakan,department of highways,บางพลี - กิ่งแก้ว,private/passenger car,speeding,rollover/fallen on straight road,1,0,0,clear,13.70467257,100.7350159,straight road,no slope
7415510,2022-11-27T03:20:00Z,2022-11-29T15:45:00Z,กรุงเทพมหานคร,Bangkok,department of highways,ถนนศรีนครินทร - แขวงคลองสองต้นนุ่น,private/passenger car,speeding,rollover/fallen on straight road,1,0,1,clear,13.73760034,100.6597129,straight road,no slope
7414554,2022-11-27T03:45:00Z,2022-11-28T16:50:00Z,กรุงเทพมหานคร,Bangkok,department of highways,ราษฎร์บูรณะ - พระสมุทรเจดีย์,4-wheel pickup truck,falling asleep,rollover/fallen on straight road,1,0,0,clear,13.67426038,100.5045095,straight road,no slope