acc_code,incident_datetime,report_datetime,province_th,province_en,agency,route,vehicle_type,presumed_cause,accident_type,number_of_vehicles_involved,number_of_fatalities,number_of_injuries,weather_condition,latitude,longitude,road_description,slope_description
7441276,2022-12-07T18:25:00Z,2022-12-08T09:58:00Z,กรุงเทพมหานคร,Bangkok,department of highways,ไม่ทราบ,private/passenger car,speeding,rear-end collision,2,0,0,clear,13.73052553,100.7218196,straight road,no slope
7553484,2022-12-08T05:05:00Z,2023-01-07T10:51:00Z,สมุทรสาคร,Samut Sakhon,department of highways,แสมดำ - สะพานข้ามแม่น้ำท่าจีนฝั่งตะวันตก,private/passenger car,speeding,rear-end collision,2,0,0,clear,13.5452632,100.257202,straight road,no slope
7564047,2022-12-08T09:00:00Z,2023-01-19T10:07:00Z,นครปฐม,Nakhon Pathom,department of highways,อ้อมน้อย - ศาลายา,other,speeding,rollover/fallen on straight road,1,0,0,clear,13.75789357,100.30107,straight road,no slope
7454016,2022-12-08T10:54:00Z,2022-12-11T08:54:00Z,กรุงเทพมหานคร,Bangkok,department of highways,ไม่ทราบ,private/passenger car,speeding,rear-end collision,2,0,0,clear,13.73263033,100.7059756,straight road,no slope
7543598,2022-12-08T19:06:00Z,2023-01-04T00:11:00Z,กรุงเทพมหานคร,Bangkok,expressway authority of thailand,บางนา-ท่าเรือ,other,other,rear-end collision,2,0,1,clear,13.70934312,100.5837487,straight road,other
7553528,2022-12-08T23:55:00Z,2023-01-07T11:11:00Z,สมุทรสาคร,Samut Sakhon,department of highways,แสมดำ - สะพานข้ามแม่น้ำท่าจีนฝั่งตะวันตก,private/passenger car,speeding,rear-end collision,2,0,0,clear,13.54772402,100.2606402,straight road,no slope
7555406,2022-12-08T23:55:00Z,2023-01-10T15:08:00Z,สมุทรสาคร,Samut Sakhon,department of highways,แสมดำ - สะพานข้ามแม่น้ำท่าจีนฝั่งตะวันตก,private/passenger car,speeding,rear-end collision,2,0,0,clear,13.54568015,100.2580151,straight road,no slope
7445462,2022-12-09T03:09:00Z,2022-12-09T08:41:00Z,ปทุมธานี,Pathum Thani,department of highways,ไม่ทราบ,4-wheel pickup truck,speeding,rollover/fallen on straight road,1,0,1,clear,14.04261273,100.6982133,straight road,no slope
7514966,2022-12-09T08:30:00Z,2022-12-28T13:37:00Z,สมุทรสาคร,Samut Sakhon,department of highways,ไม่ทราบ,large truck with trailer,speeding,collision with obstruction (on road surface),2,0,2,clear,13.53320479,100.2102659,straight road,no slope
7543599,2022-12-09T09:51:00Z,2023-01-04T00:11:00Z,กรุงเทพมหานคร,Bangkok,expressway authority of thailand,ดินแดง-ท่าเรือ,4-wheel pickup truck,other,rear-end collision,6,0,0,clear,13.73961675,100.5507647,straight road,other
7474676,2022-12-09T15:09:00Z,2022-12-20T15:17:00Z,กรุงเทพมหานคร,Bangkok,department of highways,ไม่ทราบ,private/passenger car,speeding,rear-end collision,3,0,2,clear,13.72953827,100.7444879,straight road,no slope
7553504,2022-12-10T01:04:00Z,2023-01-07T11:02:00Z,สมุทรสาคร,Samut Sakhon,department of highways,สะพานข้ามแม่น้ำท่าจีนฝั่งตะวันตก - นาโคก,private/passenger car,speeding,rollover/fallen on straight road,1,0,0,clear,13.51043679,100.1399137,straight road,no slope
7564305,2022-12-10T06:30:00Z,2023-01-19T13:39:00Z,นครปฐม,Nakhon Pathom,department of highways,กระทุ่มล้ม - พุทธมณฑล,4-wheel pickup truck,speeding,rear-end collision,5,0,5,clear,13.7534116,100.3289261,straight road,no slope
7509153,2022-12-10T09:14:00Z,2022-12-26T15:30:00Z,กรุงเทพมหานคร,Bangkok,department of highways,ไม่ทราบ,private/passenger car,speeding,rear-end collision,3,0,0,clear,13.73062285,100.720915,straight road,no slope
7559016,2022-12-10T10:05:00Z,2023-01-13T09:13:00Z,กรุงเทพมหานคร,Bangkok,department of highways,ดินแดง - งามวงศ์วาน,motorcycle,failure to yield/signal,rear-end collision,2,0,2,clear,13.81421757,100.5591206,straight road,no slope
7569247,2022-12-10T15:06:00Z,2023-01-25T10:36:00Z,สมุทรสาคร,Samut Sakhon,department of highways,แสมดำ - สะพานข้ามแม่น้ำท่าจีนฝั่งตะวันตก,4-wheel pickup truck,speeding,other,3,0,2,clear,13.59189299,100.3352874,straight road,no slope
7470898,2022-12-10T15:45:00Z,2022-12-19T14:20:00Z,สมุทรปราการ,Samut Prakan,department of rural roads,สะพานภูมิพลที่ 1 ไปสะพานภูมิพลที่ 2,motorcycle,running red lights/traffic signals,other,1,0,1,clear,13.662518,100.539012,straight road,slope area
7558945,2022-12-10T15:45:00Z,2023-01-13T08:39:00Z,กรุงเทพมหานคร,Bangkok,department of highways,ดินแดง - งามวงศ์วาน,private/passenger car,running red lights/traffic signals,rear-end collision,2,0,1,clear,13.81147557,100.5595148,straight road,no slope
7558991,2022-12-10T16:20:00Z,2023-01-13T09:01:00Z,กรุงเทพมหานคร,Bangkok,department of highways,ดินแดง - งามวงศ์วาน,private/passenger car,speeding,rear-end collision,2,0,2,clear,13.81147557,100.5595148,straight road,no slope
7455680,2022-12-11T06:00:00Z,2022-12-13T10:57:00Z,สมุทรปราการ,Samut Prakan,department of highways,ไม่ทราบ,4-wheel pickup truck,speeding,rollover/fallen on straight road,1,0,0,clear,13.50831211,100.718928,straight road,no slope
7455059,2022-12-11T11:47:00Z,2022-12-12T09:06:00Z,กรุงเทพมหานคร,Bangkok,department of highways,ไม่ทราบ,4-wheel pickup truck,speeding,rear-end collision,2,0,3,clear,13.73281923,100.7018209,straight road,no slope
7511636,2022-12-11T17:30:00Z,2022-12-27T13:14:00Z,กรุงเทพมหานคร,Bangkok,department of highways,ไม่ทราบ,4-wheel pickup truck,running red lights/traffic signals,rear-end collision,2,0,0,clear,13.75359834,100.7463709,straight road,no slope
7519396,2022-12-12T05:15:00Z,2022-12-30T00:12:00Z,ปทุมธานี,Pathum Thani,expressway authority of thailand,บางปะอิน-แจ้งวัฒนะ,7-10-wheel truck,other,rear-end collision,2,0,1,clear,13.961421,100.56709,straight road,other
7457293,2022-12-12T07:30:00Z,2022-12-14T12:06:00Z,กรุงเทพมหานคร,Bangkok,department of highways,ไม่ทราบ,4-wheel pickup truck,speeding,rear-end collision,3,1,1,clear,13.84485508,100.6726009,straight road,no slope
7553476,2022-12-12T10:00:00Z,2023-01-07T10:50:00Z,สมุทรสาคร,Samut Sakhon,department of highways,สะพานข้ามแม่น้ำท่าจีนฝั่งตะวันตก - นาโคก,van,speeding,rear-end collision,2,0,0,clear,13.54340933,100.2454515,straight road,no slope
7455452,2022-12-12T10:50:00Z,2022-12-13T09:44:00Z,ปทุมธานี,Pathum Thani,department of highways,ไม่ทราบ,private/passenger car,speeding,rear-end collision,2,0,0,clear,13.9582582,100.712712,straight road,no slope
7457478,2022-12-12T12:30:00Z,2022-12-14T14:20:00Z,สมุทรปราการ,Samut Prakan,department of highways,ไม่ทราบ,4-wheel pickup truck,speeding,rear-end collision,2,0,0,clear,13.66644873,100.8494123,straight road,no slope
7512339,2022-12-12T15:00:00Z,2022-12-27T14:53:00Z,นนทบุรี,Nonthaburi,department of highways,ไม่ทราบ,large truck with trailer,loss of control,rear-end collision,2,0,0,clear,13.91938462,100.41155,straight road,no slope
7469844,2022-12-12T15:40:00Z,2022-12-19T08:30:00Z,กรุงเทพมหานคร,Bangkok,department of highways,ไม่ทราบ,private/passenger car,speeding,rear-end collision,3,0,2,clear,13.72953827,100.7444879,straight road,no slope
7565523,2022-12-12T16:00:00Z,2023-01-20T11:41:00Z,กรุงเทพมหานคร,Bangkok,department of highways,ดาวคะนอง -  แสมดำ,private/passenger car,vehicle equipment failure,other,1,0,1,clear,13.61398443,100.3814181,straight road,no slope
7561161,2022-12-12T17:11:00Z,2023-01-17T06:14:00Z,กรุงเทพมหานคร,Bangkok,expressway authority of thailand,แจ้งวัฒนะ-พญาไท,other,other,rear-end collision,3,0,0,clear,13.80772072,100.5484626,straight road,other
7519397,2022-12-12T19:59:00Z,2022-12-30T00:12:00Z,นนทบุรี,Nonthaburi,expressway authority of thailand,บางปะอิน-แจ้งวัฒนะ,4-wheel pickup truck,other,rear-end collision,2,0,0,clear,13.91193174,100.5442963,straight road,other
7455396,2022-12-12T20:43:00Z,2022-12-13T09:31:00Z,ปทุมธานี,Pathum Thani,department of highways,ไม่ทราบ,private/passenger car,speeding,rollover/fallen on straight road,1,0,2,clear,14.04723003,100.6984587,straight road,no slope
7457122,2022-12-13T01:29:00Z,2022-12-14T10:05:00Z,ปทุมธานี,Pathum Thani,department of highways,ไม่ทราบ,4-wheel pickup truck,falling asleep,rollover/fallen on straight road,1,0,0,clear,13.97645251,100.713243,straight road,no slope
7543600,2022-12-13T03:30:00Z,2023-01-04T00:11:00Z,กรุงเทพมหานคร,Bangkok,expressway authority of thailand,บางนา-ชลบุรี,other,other,other,1,0,1,clear,NA,NA,straight road,other
7455361,2022-12-13T06:30:00Z,2022-12-13T09:14:00Z,กรุงเทพมหานคร,Bangkok,department of highways,ไม่ทราบ,4-wheel pickup truck,speeding,rear-end collision,2,0,1,clear,13.82545757,100.6743188,straight road,no slope
7559000,2022-12-13T08:00:00Z,2023-01-13T09:09:00Z,กรุงเทพมหานคร,Bangkok,department of highways,ดินแดง - งามวงศ์วาน,private/passenger car,speeding,rear-end collision,2,0,2,clear,13.77929553,100.5565128,straight road,no slope
7474708,2022-12-13T09:40:00Z,2022-12-20T14:27:00Z,นนทบุรี,Nonthaburi,department of highways,ไม่ทราบ,other,speeding,rollover/fallen on straight road,1,0,0,clear,13.94342318,100.4277273,straight road,no slope
7512256,2022-12-13T10:30:00Z,2022-12-27T14:51:00Z,นนทบุรี,Nonthaburi,department of highways,ไม่ทราบ,private/passenger car,loss of control,rollover/fallen on straight road,1,0,0,clear,13.97734259,100.437565,straight road,no slope
7458218,2022-12-13T11:13:00Z,2022-12-15T09:57:00Z,สมุทรปราการ,Samut Prakan,department of highways,ไม่ทราบ,4-wheel pickup truck,speeding,rollover/fallen on straight road,1,0,0,clear,13.67415357,100.8381865,straight road,no slope
7515296,2022-12-13T13:20:00Z,2022-12-28T13:30:00Z,สมุทรสาคร,Samut Sakhon,department of highways,ไม่ทราบ,4-wheel pickup truck,speeding,rollover/fallen on straight road,1,0,0,clear,13.52351604,100.1815397,straight road,no slope
7553544,2022-12-13T17:35:00Z,2023-01-07T11:18:00Z,กรุงเทพมหานคร,Bangkok,department of highways,ดาวคะนอง -  แสมดำ,motorcycle,speeding,rear-end collision,2,0,1,clear,13.67044425,100.4526463,straight road,no slope
7567866,2022-12-13T18:40:00Z,2023-01-24T06:54:00Z,นครปฐม,Nakhon Pathom,department of highways,นครชัยศรี - พระประโทน,7-10-wheel truck,speeding,rollover/fallen on straight road,1,0,0,clear,13.80575759,100.1552497,straight road,no slope
7472434,2022-12-13T21:30:00Z,2022-12-20T07:36:00Z,สมุทรปราการ,Samut Prakan,department of rural roads,สะพานภูมิพลที่ 1 ไปสะพานภูมิพลที่ 2,private/passenger car,running red lights/traffic signals,other,2,0,2,clear,13.662518,100.539012,straight road,slope area
7519400,2022-12-13T22:33:00Z,2022-12-30T00:12:00Z,สมุทรปราการ,Samut Prakan,expressway authority of thailand,บางพลี-สุขสวัสดิ์,other,other,rear-end collision,2,0,0,clear,13.624149,100.600689,straight road,other
7458190,2022-12-14T05:32:00Z,2022-12-15T10:01:00Z,กรุงเทพมหานคร,Bangkok,department of highways,ไม่ทราบ,4-wheel pickup truck,speeding,other,1,0,0,clear,13.73308923,100.7924211,straight road,no slope
7559005,2022-12-14T06:40:00Z,2023-01-13T09:07:00Z,กรุงเทพมหานคร,Bangkok,department of highways,คลองพระยาสุเรนทร์ - ประเวศ,passenger pickup truck,speeding,rear-end collision,2,0,3,clear,13.85615301,100.6750652,straight road,no slope
7519402,2022-12-14T08:43:00Z,2022-12-30T00:12:00Z,กรุงเทพมหานคร,Bangkok,expressway authority of thailand,บางพลี-สุขสวัสดิ์,other,other,collision with obstruction (on road surface),1,0,0,clear,NA,NA,other,other
7512862,2022-12-14T09:00:00Z,2022-12-27T14:49:00Z,นนทบุรี,Nonthaburi,department of highways,ไม่ทราบ,private/passenger car,dangerous curve,rollover/fallen on curved road,1,0,0,clear,13.92726947,100.4139109,wide curve,no slope
7457451,2022-12-14T09:53:00Z,2022-12-14T14:00:00Z,กรุงเทพมหานคร,Bangkok,department of highways,ไม่ทราบ,private/passenger car,speeding,rear-end collision,3,0,0,clear,13.90272676,100.6956759,straight road,no slope
7458233,2022-12-14T10:14:00Z,2022-12-15T09:55:00Z,กรุงเทพมหานคร,Bangkok,department of highways,ไม่ทราบ,4-wheel pickup truck,speeding,rear-end collision,2,0,0,clear,13.65883779,100.6933504,straight road,no slope
7558993,2022-12-14T11:00:00Z,2023-01-13T09:00:00Z,กรุงเทพมหานคร,Bangkok,department of highways,ดินแดง - งามวงศ์วาน,motorcycle,speeding,rear-end collision,2,0,1,clear,13.79641008,100.5610619,straight road,no slope
7509143,2022-12-14T14:50:00Z,2022-12-26T15:49:00Z,สมุทรปราการ,Samut Prakan,department of highways,ไม่ทราบ,4-wheel pickup truck,speeding,rear-end collision,2,0,0,clear,13.67137576,100.8417647,straight road,no slope
7559431,2022-12-14T15:51:00Z,2023-01-13T14:34:00Z,สมุทรปราการ,Samut Prakan,department of highways,บางนา - ทางเข้าท่าอากาศยานสุวรรณภูมิ,motorcycle,speeding,rear-end collision,2,0,1,clear,13.65662629,100.6690818,straight road,no slope
7554235,2022-12-14T19:00:00Z,2023-01-09T09:13:00Z,กรุงเทพมหานคร,Bangkok,department of highways,อรุณอมรินทร์ - พุทธมณฑลสาย 4,6-wheel truck,cutting in closely by people/vehicles/animals,rear-end collision,3,2,1,clear,13.78812427,100.3598338,straight road,no slope
7458164,2022-12-14T20:07:00Z,2022-12-15T09:53:00Z,ปทุมธานี,Pathum Thani,department of highways,ไม่ทราบ,private/passenger car,speeding,rear-end collision,2,0,0,clear,14.04175666,100.6984104,straight road,no slope
7561142,2022-12-14T21:17:00Z,2023-01-17T05:52:00Z,กรุงเทพมหานคร,Bangkok,expressway authority of thailand,แจ้งวัฒนะ-พญาไท,other,other,rollover/fallen on straight road,2,0,1,clear,13.82594498,100.5448735,straight road,other
7541186,2022-12-14T21:30:00Z,2023-01-03T07:50:00Z,ปทุมธานี,Pathum Thani,department of highways,ปทุมธานี - ท้ายเกาะ,4-wheel pickup truck,cutting in closely by people/vehicles/animals,rear-end collision,3,0,2,clear,14.06407461,100.5236073,straight road,no slope
7553529,2022-12-15T00:10:00Z,2023-01-07T11:14:00Z,สมุทรสาคร,Samut Sakhon,department of highways,แสมดำ - สะพานข้ามแม่น้ำท่าจีนฝั่งตะวันตก,4-wheel pickup truck,speeding,pedestrian collision,1,0,1,clear,13.57060088,100.2892603,straight road,no slope
7469882,2022-12-15T07:30:00Z,2022-12-19T08:49:00Z,ปทุมธานี,Pathum Thani,department of highways,ไม่ทราบ,4-wheel pickup truck,speeding,rollover/fallen on straight road,1,0,1,clear,13.95094233,100.7127562,straight road,no slope
7469865,2022-12-15T07:45:00Z,2022-12-19T08:52:00Z,กรุงเทพมหานคร,Bangkok,department of highways,ไม่ทราบ,4-wheel pickup truck,speeding,rear-end collision,2,0,0,clear,13.82464366,100.6755044,wide curve,slope area
7459441,2022-12-15T09:09:00Z,2022-12-16T09:42:00Z,กรุงเทพมหานคร,Bangkok,department of highways,ไม่ทราบ,4-wheel pickup truck,speeding,rear-end collision,2,0,0,clear,13.86905542,100.67843740000001,straight road,no slope
7458288,2022-12-15T09:43:00Z,2022-12-15T10:46:00Z,กรุงเทพมหานคร,Bangkok,department of highways,ไม่ทราบ,4-wheel pickup truck,speeding,rear-end collision,2,0,0,clear,13.73887051,100.6537704,straight road,no slope
7519407,2022-12-15T10:06:00Z,2022-12-30T00:12:00Z,กรุงเทพมหานคร,Bangkok,expressway authority of thailand,หมอชิต-กาญจนาฯ,other,other,collision with obstruction (on road surface),2,0,0,clear,13.821474,100.537512,straight road,other
7472432,2022-12-15T10:50:00Z,2022-12-20T07:37:00Z,สมุทรปราการ,Samut Prakan,department of rural roads,ทางเข้าถนนปู่เจ้าสมิงพรายสู่ถนนวงแหวนอุตสาหกรรม,passenger pickup truck,speeding,other,1,0,1,clear,13.648840999999999,100.54066,wide curve,slope area
7459360,2022-12-15T11:22:00Z,2022-12-16T09:04:00Z,กรุงเทพมหานคร,Bangkok,department of highways,ไม่ทราบ,van,speeding,rear-end collision,2,0,0,clear,13.8892734,100.6889114,straight road,no slope
7553540,2022-12-15T11:47:00Z,2023-01-07T11:19:00Z,กรุงเทพมหานคร,Bangkok,department of highways,ดาวคะนอง -  แสมดำ,motorcycle,speeding,rear-end collision,2,0,1,clear,13.68040409,100.4717751,straight road,no slope
7553526,2022-12-15T14:10:00Z,2023-01-07T11:13:00Z,สมุทรสาคร,Samut Sakhon,department of highways,แสมดำ - สะพานข้ามแม่น้ำท่าจีนฝั่งตะวันตก,private/passenger car,speeding,rear-end collision,2,0,1,clear,13.57144179,100.2908836,straight road,no slope
7514558,2022-12-15T15:20:00Z,2022-12-28T10:33:00Z,กรุงเทพมหานคร,Bangkok,department of highways,ไม่ทราบ,4-wheel pickup truck,speeding,other,1,0,0,clear,13.73272074,100.7888009,straight road,no slope
7513774,2022-12-15T15:37:00Z,2022-12-28T06:21:00Z,กรุงเทพมหานคร,Bangkok,department of highways,ไม่ทราบ,private/passenger car,speeding,rear-end collision,3,0,0,clear,13.73110961,100.7163925,straight road,no slope
7472219,2022-12-15T18:08:00Z,2022-12-19T15:49:00Z,กรุงเทพมหานคร,Bangkok,department of highways,ไม่ทราบ,private/passenger car,speeding,rear-end collision,3,0,0,clear,13.73371632,100.7978434,straight road,no slope
7459489,2022-12-15T20:35:00Z,2022-12-16T09:50:00Z,ปทุมธานี,Pathum Thani,department of highways,ไม่ทราบ,private/passenger car,speeding,rear-end collision,3,0,0,clear,14.06626677,100.6965959,straight road,no slope
7519403,2022-12-15T22:35:00Z,2022-12-30T00:12:00Z,กรุงเทพมหานคร,Bangkok,expressway authority of thailand,บางนา-ชลบุรี,other,other,collision with obstruction (on road surface),1,0,0,clear,NA,NA,straight road,other
7543602,2022-12-16T04:38:00Z,2023-01-04T00:11:00Z,กรุงเทพมหานคร,Bangkok,expressway authority of thailand,บางนา-ท่าเรือ,other,other,collision with obstruction (on road surface),1,0,0,clear,NA,NA,straight road,other
7556665,2022-12-16T06:15:00Z,2023-01-11T14:24:00Z,นครปฐม,Nakhon Pathom,department of highways,บางเลน - ลำลูกบัว,large truck with trailer,speeding,rear-end collision,2,0,2,clear,14.02688918,100.1358804,straight road,no slope
7514399,2022-12-16T06:45:00Z,2022-12-28T11:54:00Z,สมุทรปราการ,Samut Prakan,department of highways,ไม่ทราบ,private/passenger car,speeding,rollover/fallen on straight road,1,0,0,clear,13.62414624,100.9152268,straight road,no slope
7559415,2022-12-16T09:52:00Z,2023-01-13T14:26:00Z,สมุทรปราการ,Samut Prakan,department of highways,บางพลี - กิ่งแก้ว,private/passenger car,speeding,rear-end collision,2,0,1,clear,13.6462631,100.713868,straight road,no slope
7513755,2022-12-16T13:08:00Z,2022-12-28T06:05:00Z,สมุทรปราการ,Samut Prakan,department of highways,ไม่ทราบ,4-wheel pickup truck,speeding,rollover/fallen on straight road,1,0,0,clear,13.67236123,100.8402351,straight road,no slope
7559371,2022-12-16T17:00:00Z,2023-01-13T13:57:00Z,ปทุมธานี,Pathum Thani,department of highways,วัดนาบุญ - คลอง 14,7-10-wheel truck,cutting in closely by people/vehicles/animals,rear-end collision,2,0,1,clear,14.0423231,100.7937447,straight road,no slope
7559418,2022-12-16T17:19:00Z,2023-01-13T14:26:00Z,สมุทรปราการ,Samut Prakan,department of highways,บางพลี - กิ่งแก้ว,private/passenger car,speeding,rear-end collision,2,0,1,clear,13.68794766,100.7281856,straight road,no slope
7569242,2022-12-16T21:00:00Z,2023-01-25T10:34:00Z,สมุทรสาคร,Samut Sakhon,department of highways,แสมดำ - สะพานข้ามแม่น้ำท่าจีนฝั่งตะวันตก,large truck with trailer,speeding,other,3,0,0,clear,13.59308598,100.3423069,straight road,no slope
7554833,2022-12-16T21:30:00Z,2023-01-09T16:38:00Z,กรุงเทพมหานคร,Bangkok,department of highways,ดินแดง - งามวงศ์วาน,private/passenger car,speeding,rear-end collision,2,0,0,clear,13.80470276,100.5602087,straight road,no slope
7460443,2022-12-17T00:35:00Z,2022-12-17T09:41:00Z,กรุงเทพมหานคร,Bangkok,department of highways,ไม่ทราบ,private/passenger car,speeding,rear-end collision,2,0,1,clear,13.76598012,100.6935436,straight road,no slope
7553483,2022-12-17T10:10:00Z,2023-01-07T10:53:00Z,สมุทรสาคร,Samut Sakhon,department of highways,สะพานข้ามแม่น้ำท่าจีนฝั่งตะวันตก - นาโคก,motorcycle,speeding,rear-end collision,2,0,1,clear,13.53716698,100.2220183,straight road,no slope
7513685,2022-12-17T10:28:00Z,2022-12-28T05:58:00Z,ปทุมธานี,Pathum Thani,department of highways,ไม่ทราบ,private/passenger car,speeding,rear-end collision,3,0,0,clear,13.95821656,100.7127066,straight road,no slope
7513037,2022-12-17T10:30:00Z,2022-12-27T18:39:00Z,กรุงเทพมหานคร,Bangkok,department of highways,ไม่ทราบ,other,speeding,rollover/fallen on straight road,1,0,0,clear,13.73310584,100.6998119,straight road,no slope
7472099,2022-12-17T11:57:00Z,2022-12-19T14:24:00Z,สมุทรปราการ,Samut Prakan,department of highways,ไม่ทราบ,large truck with trailer,speeding,rollover/fallen on straight road,1,0,0,clear,13.62168816,100.9190541,straight road,no slope
7565239,2022-12-17T14:20:00Z,2023-01-20T09:33:00Z,กรุงเทพมหานคร,Bangkok,department of highways,ดาวคะนอง -  แสมดำ,4-wheel pickup truck,cutting in closely by people/vehicles/animals,rear-end collision,2,0,0,clear,13.61594504,100.3777644,other,other
7513701,2022-12-17T17:08:00Z,2022-12-28T06:02:00Z,สมุทรปราการ,Samut Prakan,department of highways,ไม่ทราบ,private/passenger car,speeding,rear-end collision,2,0,0,clear,13.665956,100.8501771,straight road,no slope
7513681,2022-12-17T17:40:00Z,2022-12-28T06:00:00Z,กรุงเทพมหานคร,Bangkok,department of highways,ไม่ทราบ,4-wheel pickup truck,speeding,rear-end collision,2,0,0,clear,13.72732019,100.7016237,straight road,no slope
7513725,2022-12-17T18:30:00Z,2022-12-28T06:01:00Z,กรุงเทพมหานคร,Bangkok,department of highways,ไม่ทราบ,4-wheel pickup truck,speeding,rear-end collision,3,0,0,clear,13.65857455,100.6931815,straight road,no slope
7543603,2022-12-17T20:15:00Z,2023-01-04T00:11:00Z,กรุงเทพมหานคร,Bangkok,expressway authority of thailand,อาจณรงค์-บางนา,van,other,side collision,2,0,2,clear,13.69617,100.594813,straight road,other
7553548,2022-12-17T21:21:00Z,2023-01-07T11:19:00Z,กรุงเทพมหานคร,Bangkok,department of highways,ดาวคะนอง -  แสมดำ,motorcycle,speeding,rollover/fallen on straight road,1,0,1,clear,13.63904817,100.4062334,straight road,no slope
7543604,2022-12-17T23:20:00Z,2023-01-04T00:11:00Z,สมุทรปราการ,Samut Prakan,expressway authority of thailand,บางพลี-สุขสวัสดิ์,large truck with trailer,other,rear-end collision,2,0,1,clear,13.635606,100.543891,straight road,other
7519411,2022-12-18T07:40:00Z,2022-12-30T00:12:00Z,นนทบุรี,Nonthaburi,expressway authority of thailand,แจ้งวัฒนะ-พญาไท,other,other,collision with obstruction (on road surface),1,0,0,clear,13.87425146,100.5357613,straight road,other
7553567,2022-12-18T10:22:00Z,2023-01-07T11:20:00Z,กรุงเทพมหานคร,Bangkok,department of highways,ดาวคะนอง -  แสมดำ,motorcycle,speeding,rear-end collision,2,0,1,clear,13.62207193,100.389394,straight road,no slope
7551860,2022-12-18T10:54:00Z,2023-01-05T15:37:00Z,สมุทรสาคร,Samut Sakhon,department of highways,แสมดำ - สะพานข้ามแม่น้ำท่าจีนฝั่งตะวันตก,4-wheel pickup truck,speeding,rear-end collision,2,0,0,clear,13.60249259,100.3700521,straight road,no slope
7564182,2022-12-18T12:55:00Z,2023-01-19T11:00:00Z,สมุทรสาคร,Samut Sakhon,department of highways,แสมดำ - สะพานข้ามแม่น้ำท่าจีนฝั่งตะวันตก,4-wheel pickup truck,worn-out/tire blowout,other,1,0,2,clear,13.57944057,100.3062971,other,other
7474726,2022-12-18T14:00:00Z,2022-12-20T14:29:00Z,นนทบุรี,Nonthaburi,department of highways,ไม่ทราบ,7-10-wheel truck,speeding,rollover/fallen on straight road,1,0,0,clear,13.9532716,100.4744525,straight road,no slope
7556313,2022-12-18T15:15:00Z,2023-01-11T12:00:00Z,สมุทรสาคร,Samut Sakhon,department of highways,บ้านบ่อ - พระประโทน,4-wheel pickup truck,speeding,rear-end collision,2,0,3,clear,13.53365166,100.1790239,straight road,no slope
7519412,2022-12-18T15:45:00Z,2022-12-30T00:12:00Z,ปทุมธานี,Pathum Thani,expressway authority of thailand,บางปะอิน-แจ้งวัฒนะ,other,other,collision with obstruction (on road surface),1,0,5,clear,13.981469,100.570515,straight road,other
7559004,2022-12-18T21:30:00Z,2023-01-13T09:06:00Z,กรุงเทพมหานคร,Bangkok,department of highways,ดินแดง - งามวงศ์วาน,private/passenger car,speeding,rear-end collision,2,0,1,clear,13.80847807,100.5597934,straight road,no slope
7511168,2022-12-19T02:45:00Z,2022-12-27T10:28:00Z,ปทุมธานี,Pathum Thani,department of highways,ไม่ทราบ,4-wheel pickup truck,worn-out/tire blowout,rollover/fallen on straight road,1,0,0,clear,14.12350664,100.6737006,straight road,no slope
7477889,2022-12-19T06:55:00Z,2022-12-22T10:49:00Z,กรุงเทพมหานคร,Bangkok,department of highways,ไม่ทราบ,private/passenger car,speeding,rear-end collision,2,0,1,clear,13.71248216,100.7002544,straight road,no slope
7551855,2022-12-19T07:59:00Z,2023-01-05T15:28:00Z,สมุทรสาคร,Samut Sakhon,department of highways,แสมดำ - สะพานข้ามแม่น้ำท่าจีนฝั่งตะวันตก,private/passenger car,speeding,rear-end collision,5,0,0,clear,13.5881135,100.3254011,straight road,no slope
7544486,2022-12-19T09:05:00Z,2023-01-04T14:47:00Z,กรุงเทพมหานคร,Bangkok,department of highways,แขวงรามอินทรา - บางพลี,6-wheel truck,speeding,rear-end collision,3,0,2,clear,13.73189427,100.7025813,straight road,no slope
7513834,2022-12-19T10:13:00Z,2022-12-28T06:52:00Z,ปทุมธานี,Pathum Thani,department of highways,ไม่ทราบ,other,speeding,rollover/fallen on straight road,1,0,0,clear,14.12169755,100.6749545,straight road,no slope
7513765,2022-12-19T10:46:00Z,2022-12-28T06:12:00Z,ปทุมธานี,Pathum Thani,department of highways,ไม่ทราบ,4-wheel pickup truck,speeding,other,1,0,0,clear,13.99591315,100.7103057,wide curve,no slope