acc_code,incident_datetime,report_datetime,province_th,province_en,agency,route,vehicle_type,presumed_cause,accident_type,number_of_vehicles_involved,number_of_fatalities,number_of_injuries,weather_condition,latitude,longitude,road_description,slope_description
7555461,2022-12-19T12:40:00Z,2023-01-10T16:28:00Z,กรุงเทพมหานคร,Bangkok,department of highways,ดินแดง - งามวงศ์วาน,motorcycle,speeding,rear-end collision,2,0,1,clear,13.79978106,100.5606883,straight road,no slope
7553561,2022-12-19T13:47:00Z,2023-01-07T11:21:00Z,กรุงเทพมหานคร,Bangkok,department of highways,ดาวคะนอง -  แสมดำ,private/passenger car,speeding,rear-end collision,2,0,1,clear,13.66378875,100.4416233,straight road,no slope
7476698,2022-12-19T14:00:00Z,2022-12-21T12:08:00Z,กรุงเทพมหานคร,Bangkok,department of rural roads,สะพานภูมิพลที่ 2 ไปสะพานภูมิพลที่ 1,4-wheel pickup truck,sudden stop,other,2,0,0,clear,13.685052,100.544379,straight road,no slope
7513749,2022-12-19T18:37:00Z,2022-12-28T06:15:00Z,ปทุมธานี,Pathum Thani,department of highways,ไม่ทราบ,4-wheel pickup truck,speeding,rollover/fallen on straight road,1,0,0,clear,14.04356898,100.6984761,straight road,no slope
7553565,2022-12-19T22:05:00Z,2023-01-07T11:21:00Z,กรุงเทพมหานคร,Bangkok,department of highways,ดาวคะนอง -  แสมดำ,motorcycle,speeding,rollover/fallen on straight road,1,0,1,clear,13.67853253,100.4661415,straight road,no slope
7541220,2022-12-20T01:05:00Z,2023-01-03T08:02:00Z,สมุทรสาคร,Samut Sakhon,department of highways,อ้อมน้อย - สมุทรสาคร,private/passenger car,speeding,rear-end collision,2,0,2,clear,13.63004536,100.294787,straight road,no slope
7559420,2022-12-20T04:15:00Z,2023-01-13T14:27:00Z,สมุทรปราการ,Samut Prakan,department of highways,บางพลี - กิ่งแก้ว,passenger pickup truck,speeding,rear-end collision,2,0,2,clear,13.69845755,100.7325268,other,other
7479403,2022-12-20T06:22:00Z,2022-12-23T07:52:00Z,สมุทรปราการ,Samut Prakan,department of rural roads,สะพานภูมิพลที่ 2 ไปสะพานภูมิพลที่ 1,private/passenger car,sudden stop,other,3,0,0,clear,13.667801,100.538277,straight road,slope area
7519415,2022-12-20T07:17:00Z,2022-12-30T00:12:00Z,กรุงเทพมหานคร,Bangkok,expressway authority of thailand,บางนา-ชลบุรี,other,other,collision with obstruction (on road surface),1,0,0,clear,NA,NA,straight road,other
7543607,2022-12-20T07:22:00Z,2023-01-04T00:11:00Z,สมุทรปราการ,Samut Prakan,expressway authority of thailand,บางนา-ชลบุรี,other,other,rear-end collision,2,0,1,clear,13.594927,100.804283,straight road,other
7541200,2022-12-20T09:40:00Z,2023-01-03T07:57:00Z,สมุทรปราการ,Samut Prakan,department of highways,ทางเข้าท่าอากาศยานสุวรรณภูมิ - บางวัว,4-wheel pickup truck,speeding,rear-end collision,5,0,0,clear,13.61239973,100.7565996,straight road,no slope
7553542,2022-12-20T09:45:00Z,2023-01-07T11:15:00Z,กรุงเทพมหานคร,Bangkok,department of highways,บางนา - ทางเข้าท่าอากาศยานสุวรรณภูมิ,4-wheel pickup truck,speeding,rear-end collision,2,0,1,clear,13.67337167,100.6068747,straight road,no slope
7513771,2022-12-20T11:15:00Z,2022-12-28T06:19:00Z,กรุงเทพมหานคร,Bangkok,department of highways,ไม่ทราบ,7-10-wheel truck,speeding,rear-end collision,2,0,0,clear,13.91270231,100.7011339,straight road,no slope
7559428,2022-12-20T13:50:00Z,2023-01-13T14:31:00Z,สมุทรปราการ,Samut Prakan,department of highways,บางนา - ทางเข้าท่าอากาศยานสุวรรณภูมิ,motorcycle,speeding,rear-end collision,2,1,0,clear,13.63898697,100.7018785,straight road,no slope
7476811,2022-12-20T14:56:00Z,2022-12-21T11:57:00Z,กรุงเทพมหานคร,Bangkok,department of highways,ไม่ทราบ,other,other,other,0,0,0,other,13.84953475,100.6383492,other,other
7544092,2022-12-20T15:00:00Z,2023-01-04T08:04:00Z,กรุงเทพมหานคร,Bangkok,department of highways,แขวงคลองสองต้นนุ่น - พิมพา,4-wheel pickup truck,speeding,rear-end collision,2,0,0,clear,13.73215537,100.7797284,straight road,no slope
7513844,2022-12-20T15:30:00Z,2022-12-28T06:58:00Z,กรุงเทพมหานคร,Bangkok,department of highways,ไม่ทราบ,large truck with trailer,speeding,rollover/fallen on straight road,1,0,0,clear,13.73170276,100.7044038,other,other
7558998,2022-12-20T16:10:00Z,2023-01-13T09:05:00Z,กรุงเทพมหานคร,Bangkok,department of highways,ดินแดง - งามวงศ์วาน,private/passenger car,speeding,rear-end collision,3,0,0,clear,13.77078052,100.5517106,straight road,no slope
7544482,2022-12-20T16:58:00Z,2023-01-04T14:46:00Z,กรุงเทพมหานคร,Bangkok,department of highways,ถนนศรีนครินทร - แขวงคลองสองต้นนุ่น,private/passenger car,speeding,rear-end collision,4,0,2,clear,13.73194117,100.7099158,straight road,no slope
7553492,2022-12-20T17:00:00Z,2023-01-07T10:55:00Z,สมุทรสาคร,Samut Sakhon,department of highways,สะพานข้ามแม่น้ำท่าจีนฝั่งตะวันตก - นาโคก,private/passenger car,cutting in closely by people/vehicles/animals,rear-end collision,3,0,1,clear,13.53994794,100.2302892,straight road,no slope
7513782,2022-12-20T18:40:00Z,2022-12-28T06:26:00Z,กรุงเทพมหานคร,Bangkok,department of highways,ไม่ทราบ,4-wheel pickup truck,speeding,rollover/fallen on straight road,1,0,0,clear,13.9046925,100.6968655,straight road,no slope
7476177,2022-12-20T19:19:00Z,2022-12-21T09:10:00Z,กรุงเทพมหานคร,Bangkok,department of highways,ไม่ทราบ,private/passenger car,speeding,rear-end collision,4,0,0,clear,13.9160674,100.7027274,straight road,no slope
7519414,2022-12-20T19:30:00Z,2022-12-30T00:12:00Z,กรุงเทพมหานคร,Bangkok,expressway authority of thailand,พญาไท-บางโคล่,other,other,side collision,2,0,0,clear,13.70057989,100.5197796,wide curve,other
7554254,2022-12-21T00:30:00Z,2023-01-09T09:20:00Z,สมุทรสาคร,Samut Sakhon,department of highways,บ้านบ่อ - พระประโทน,4-wheel pickup truck,speeding,rollover/fallen on straight road,1,0,1,clear,13.54198304,100.1677206,straight road,no slope
7478423,2022-12-21T01:33:00Z,2022-12-22T14:34:00Z,กรุงเทพมหานคร,Bangkok,department of highways,ไม่ทราบ,private/passenger car,speeding,rear-end collision,3,0,0,clear,13.73612694,100.6729697,straight road,no slope
7553495,2022-12-21T08:49:00Z,2023-01-07T10:59:00Z,สมุทรสาคร,Samut Sakhon,department of highways,แสมดำ - สะพานข้ามแม่น้ำท่าจีนฝั่งตะวันตก,private/passenger car,falling asleep,rear-end collision,2,0,2,clear,13.58961521,100.3292301,straight road,no slope
7559425,2022-12-21T09:00:00Z,2023-01-13T14:29:00Z,สมุทรปราการ,Samut Prakan,department of highways,บางพลี - กิ่งแก้ว,motorcycle,cutting in closely by people/vehicles/animals,rear-end collision,2,0,1,clear,13.69880413,100.7326448,straight road,no slope
7543609,2022-12-21T09:47:00Z,2023-01-04T00:11:00Z,สมุทรปราการ,Samut Prakan,expressway authority of thailand,บางพลี-สุขสวัสดิ์,4-wheel pickup truck,other,rear-end collision,3,0,0,clear,13.632193,100.578315,straight road,other
7476920,2022-12-21T11:21:00Z,2022-12-21T11:31:00Z,กรุงเทพมหานคร,Bangkok,department of highways,ไม่ทราบ,other,other,other,0,0,0,other,13.8489624,100.6377826,other,other
7476799,2022-12-21T11:55:00Z,2022-12-21T11:55:00Z,กรุงเทพมหานคร,Bangkok,department of highways,ไม่ทราบ,other,other,other,0,0,0,other,13.84953475,100.6383492,other,other
7512615,2022-12-21T12:00:00Z,2022-12-27T15:01:00Z,สมุทรปราการ,Samut Prakan,department of highways,ไม่ทราบ,large truck with trailer,speeding,rollover/fallen on straight road,1,0,0,clear,13.63825586,100.7030629,straight road,no slope
7513941,2022-12-21T19:10:00Z,2022-12-28T09:29:00Z,กรุงเทพมหานคร,Bangkok,department of highways,ไม่ทราบ,large truck with trailer,speeding,other,1,0,1,clear,13.7294501,100.7408501,wide curve,no slope
7509094,2022-12-21T19:32:00Z,2022-12-26T14:29:00Z,กรุงเทพมหานคร,Bangkok,department of highways,ไม่ทราบ,private/passenger car,speeding,rear-end collision,2,0,0,clear,13.72927412,100.7344846,straight road,no slope
7519417,2022-12-21T19:32:00Z,2022-12-30T00:12:00Z,กรุงเทพมหานคร,Bangkok,expressway authority of thailand,รามอินทรา-อาจณรงค์,4-wheel pickup truck,other,rear-end collision,3,0,0,clear,13.812503,100.620838,straight road,other
7543608,2022-12-21T22:36:00Z,2023-01-04T00:11:00Z,กรุงเทพมหานคร,Bangkok,expressway authority of thailand,รามอินทรา-อาจณรงค์,4-wheel pickup truck,other,other,2,0,1,clear,13.769256,100.603785,grade-separated intersection/ramps,other
7553524,2022-12-22T01:30:00Z,2023-01-07T11:10:00Z,สมุทรสาคร,Samut Sakhon,department of highways,สมุทรสาคร - บางบอน,4-wheel pickup truck,speeding,rollover/fallen on straight road,1,0,0,clear,13.5569791,100.2885541,straight road,no slope
7558966,2022-12-22T02:14:00Z,2023-01-13T08:45:00Z,กรุงเทพมหานคร,Bangkok,department of highways,ดินแดง - งามวงศ์วาน,private/passenger car,speeding,rear-end collision,2,0,0,clear,13.80877404,100.5597551,straight road,no slope
7477689,2022-12-22T07:47:00Z,2022-12-22T09:00:00Z,ปทุมธานี,Pathum Thani,department of highways,ไม่ทราบ,private/passenger car,speeding,rear-end collision,3,0,0,clear,14.13633506,100.6665136,straight road,no slope
7553569,2022-12-22T08:00:00Z,2023-01-07T11:22:00Z,กรุงเทพมหานคร,Bangkok,department of highways,ดาวคะนอง -  แสมดำ,motorcycle,speeding,rear-end collision,2,0,1,clear,13.6839626,100.4855005,straight road,no slope
7512960,2022-12-22T08:15:00Z,2022-12-27T14:53:00Z,กรุงเทพมหานคร,Bangkok,department of highways,ไม่ทราบ,private/passenger car,speeding,rear-end collision,8,0,0,clear,13.91418117,100.7017028,straight road,no slope
7551907,2022-12-22T09:50:00Z,2023-01-05T17:12:00Z,สมุทรสาคร,Samut Sakhon,department of highways,สะพานข้ามแม่น้ำท่าจีนฝั่งตะวันตก - นาโคก,7-10-wheel truck,vehicle equipment failure,rollover/fallen on straight road,1,0,0,clear,13.48901577,100.1218528,straight road,no slope
7553837,2022-12-22T10:00:00Z,2023-01-07T16:05:00Z,สมุทรปราการ,Samut Prakan,department of highways,บางนา - ทางเข้าท่าอากาศยานสุวรรณภูมิ,private/passenger car,speeding,other,1,0,0,clear,13.6553661,100.672617,other,other
7543610,2022-12-22T18:04:00Z,2023-01-04T00:11:00Z,สมุทรปราการ,Samut Prakan,expressway authority of thailand,บางนา-ชลบุรี,other,other,rear-end collision,2,0,0,clear,13.628094,100.721312,y-intersection,other
7553560,2022-12-22T18:30:00Z,2023-01-07T11:23:00Z,กรุงเทพมหานคร,Bangkok,department of highways,ดาวคะนอง -  แสมดำ,motorcycle,speeding,rear-end collision,2,0,1,clear,13.6462517,100.4157723,straight road,no slope
7568948,2022-12-22T18:38:00Z,2023-01-25T07:06:00Z,กรุงเทพมหานคร,Bangkok,department of highways,แขวงรามอินทรา - บางพลี,4-wheel pickup truck,speeding,rear-end collision,2,0,1,clear,13.79024076,100.6832747,straight road,no slope
7508795,2022-12-22T19:35:00Z,2022-12-26T13:39:00Z,สมุทรปราการ,Samut Prakan,department of rural roads,สะพานภูมิพลที่ 2 ไปสะพานภูมิพลที่ 1,motorcycle,speeding,other,2,0,1,clear,13.660304,100.539304,straight road,slope area
7555319,2022-12-22T20:30:00Z,2023-01-10T12:18:00Z,กรุงเทพมหานคร,Bangkok,department of highways,ดินแดง - งามวงศ์วาน,motorcycle,speeding,rear-end collision,3,0,1,clear,13.82209383,100.5582798,straight road,no slope
7513835,2022-12-22T22:45:00Z,2022-12-28T08:12:00Z,กรุงเทพมหานคร,Bangkok,department of highways,ไม่ทราบ,4-wheel pickup truck,speeding,rear-end collision,2,0,1,clear,13.71187632,100.7002196,straight road,no slope
7514487,2022-12-23T00:48:00Z,2022-12-28T09:41:00Z,กรุงเทพมหานคร,Bangkok,department of highways,ไม่ทราบ,4-wheel pickup truck,speeding,rear-end collision,2,0,0,clear,13.73221146,100.7833666,straight road,no slope
7514275,2022-12-23T07:43:00Z,2022-12-28T09:40:00Z,กรุงเทพมหานคร,Bangkok,department of highways,ไม่ทราบ,large truck with trailer,speeding,rear-end collision,2,0,2,clear,13.73244438,100.7860858,straight road,no slope
7513895,2022-12-23T08:23:00Z,2022-12-28T08:36:00Z,กรุงเทพมหานคร,Bangkok,department of highways,ไม่ทราบ,private/passenger car,speeding,rear-end collision,2,0,1,clear,13.73433304,100.6865846,straight road,no slope
7514429,2022-12-23T09:16:00Z,2022-12-28T09:38:00Z,กรุงเทพมหานคร,Bangkok,department of highways,ไม่ทราบ,private/passenger car,speeding,rollover/fallen on straight road,1,0,1,clear,13.71315575,100.8186004,straight road,no slope
7544488,2022-12-23T12:12:00Z,2023-01-04T14:46:00Z,กรุงเทพมหานคร,Bangkok,department of highways,ถนนศรีนครินทร - แขวงคลองสองต้นนุ่น,private/passenger car,speeding,rear-end collision,3,0,1,clear,13.73278536,100.7005374,straight road,no slope
7497953,2022-12-23T13:00:00Z,2022-12-25T12:27:00Z,ปทุมธานี,Pathum Thani,department of highways,ไม่ทราบ,6-wheel truck,speeding,rollover/fallen on straight road,1,0,0,clear,14.14505697,100.6616227,straight road,no slope
7497519,2022-12-23T13:45:00Z,2022-12-25T11:25:00Z,กรุงเทพมหานคร,Bangkok,department of highways,ไม่ทราบ,7-10-wheel truck,speeding,rear-end collision,3,0,0,clear,13.71202615,100.7000385,straight road,no slope
7497681,2022-12-23T15:33:00Z,2022-12-25T11:47:00Z,กรุงเทพมหานคร,Bangkok,department of highways,ไม่ทราบ,4-wheel pickup truck,speeding,rear-end collision,3,0,0,clear,13.76440008,100.6946151,straight road,no slope
7519420,2022-12-23T16:11:00Z,2022-12-30T00:12:00Z,นนทบุรี,Nonthaburi,expressway authority of thailand,หมอชิต-กาญจนาฯ,other,other,other,1,0,0,clear,13.792983,100.478436,straight road,other
7513862,2022-12-23T17:00:00Z,2022-12-28T08:31:00Z,ปทุมธานี,Pathum Thani,department of highways,ไม่ทราบ,7-10-wheel truck,speeding,rollover/fallen on straight road,1,0,0,clear,13.94034231,100.7100016,straight road,no slope
7508617,2022-12-23T18:41:00Z,2022-12-26T11:45:00Z,สมุทรปราการ,Samut Prakan,department of highways,ไม่ทราบ,private/passenger car,speeding,rear-end collision,3,0,0,clear,13.66694147,100.8486475,straight road,no slope
7559890,2022-12-23T19:00:00Z,2023-01-14T09:38:00Z,สมุทรสาคร,Samut Sakhon,department of highways,แสมดำ - สะพานข้ามแม่น้ำท่าจีนฝั่งตะวันตก,private/passenger car,speeding,other,2,0,0,clear,13.59260685,100.3537636,straight road,no slope
7551908,2022-12-23T20:40:00Z,2023-01-05T17:20:00Z,สมุทรสาคร,Samut Sakhon,department of highways,สะพานข้ามแม่น้ำท่าจีนฝั่งตะวันตก - นาโคก,4-wheel pickup truck,cutting in closely by people/vehicles/animals,rollover/fallen on straight road,1,0,0,clear,13.51545404,100.1565357,straight road,no slope
7519423,2022-12-24T00:28:00Z,2022-12-30T00:12:00Z,กรุงเทพมหานคร,Bangkok,expressway authority of thailand,บางนา-ชลบุรี,other,other,collision with obstruction (on road surface),1,0,0,clear,NA,NA,straight road,other
7543611,2022-12-24T02:42:00Z,2023-01-04T00:11:00Z,สมุทรปราการ,Samut Prakan,expressway authority of thailand,บางพลี-สุขสวัสดิ์,other,other,rollover/fallen on straight road,1,0,1,clear,13.623194,100.6033,straight road,other
7543612,2022-12-24T03:29:00Z,2023-01-04T00:11:00Z,สมุทรปราการ,Samut Prakan,expressway authority of thailand,บางพลี-สุขสวัสดิ์,7-10-wheel truck,other,rear-end collision,2,0,1,clear,13.607045,100.626521,straight road,other
7485229,2022-12-24T04:10:00Z,2022-12-24T10:41:00Z,กรุงเทพมหานคร,Bangkok,department of highways,ไม่ทราบ,large truck with trailer,speeding,rear-end collision,2,0,1,clear,13.90047851,100.6949933,straight road,no slope
7519421,2022-12-24T06:08:00Z,2022-12-30T00:12:00Z,กรุงเทพมหานคร,Bangkok,expressway authority of thailand,พญาไท-บางโคล่,other,other,collision with obstruction (on road surface),1,0,0,clear,NA,NA,grade-separated intersection/ramps,other
7519424,2022-12-24T06:28:00Z,2022-12-30T00:12:00Z,ปทุมธานี,Pathum Thani,expressway authority of thailand,บางปะอิน-แจ้งวัฒนะ,other,other,other,1,0,0,clear,14.021093,100.576313,straight road,other
7514125,2022-12-24T13:08:00Z,2022-12-28T09:36:00Z,สมุทรปราการ,Samut Prakan,department of highways,ไม่ทราบ,private/passenger car,speeding,rear-end collision,2,0,0,clear,13.66792693,100.8471179,straight road,no slope
7553477,2022-12-24T14:33:00Z,2023-01-07T10:52:00Z,สมุทรสาคร,Samut Sakhon,department of highways,สะพานข้ามแม่น้ำท่าจีนฝั่งตะวันตก - นาโคก,4-wheel pickup truck,speeding,rear-end collision,2,0,0,clear,13.53129992,100.204606,straight road,no slope
7514458,2022-12-24T15:00:00Z,2022-12-28T09:40:00Z,กรุงเทพมหานคร,Bangkok,department of highways,ไม่ทราบ,4-wheel pickup truck,speeding,rear-end collision,2,0,0,clear,13.9109554,100.7003993,straight road,no slope
7497796,2022-12-24T15:20:00Z,2022-12-25T11:56:00Z,กรุงเทพมหานคร,Bangkok,department of highways,ไม่ทราบ,large truck with trailer,speeding,rear-end collision,2,0,1,clear,13.9119838,100.7009062,straight road,no slope
7519422,2022-12-24T16:15:00Z,2022-12-30T00:12:00Z,กรุงเทพมหานคร,Bangkok,expressway authority of thailand,แจ้งวัฒนะ-พญาไท,other,other,collision with obstruction (on road surface),1,0,0,clear,NA,NA,wide curve,other
7555476,2022-12-24T16:45:00Z,2023-01-10T17:07:00Z,กรุงเทพมหานคร,Bangkok,department of highways,ดินแดง - งามวงศ์วาน,private/passenger car,speeding,rear-end collision,2,0,1,clear,13.83929487,100.5576454,straight road,no slope
7497847,2022-12-24T21:15:00Z,2022-12-25T12:06:00Z,กรุงเทพมหานคร,Bangkok,department of highways,ไม่ทราบ,4-wheel pickup truck,speeding,rollover/fallen on straight road,1,0,0,clear,13.73165847,100.7089314,other,other
7553480,2022-12-24T22:50:00Z,2023-01-07T10:54:00Z,สมุทรสาคร,Samut Sakhon,department of highways,สะพานข้ามแม่น้ำท่าจีนฝั่งตะวันตก - นาโคก,private/passenger car,speeding,rear-end collision,2,0,0,clear,13.53876424,100.2268104,straight road,no slope
7541184,2022-12-24T23:00:00Z,2023-01-03T07:54:00Z,สมุทรปราการ,Samut Prakan,department of highways,บางพลี - กิ่งแก้ว,4-wheel pickup truck,speeding,rollover/fallen on straight road,1,0,0,other,13.60414364,100.6997354,other,other
7513903,2022-12-24T23:41:00Z,2022-12-28T09:17:00Z,กรุงเทพมหานคร,Bangkok,department of highways,ไม่ทราบ,motorcycle,speeding,rollover/fallen on straight road,1,0,1,clear,13.70640676,100.700005,straight road,no slope
7559062,2022-12-25T01:05:00Z,2023-01-13T09:27:00Z,กรุงเทพมหานคร,Bangkok,department of highways,ดาวคะนอง -  แสมดำ,motorcycle,speeding,rear-end collision,2,0,3,clear,13.67329419,100.4573719,straight road,no slope
7498210,2022-12-25T02:11:00Z,2022-12-25T12:50:00Z,กรุงเทพมหานคร,Bangkok,department of highways,ไม่ทราบ,4-wheel pickup truck,speeding,rear-end collision,2,0,0,clear,13.81135377,100.6776971,straight road,no slope
7527313,2022-12-25T02:40:00Z,2022-12-31T10:39:00Z,นนทบุรี,Nonthaburi,department of highways,คลองบางไผ่ - คลองบางหลวง,private/passenger car,insufficient light,rollover/fallen on curved road,1,0,0,clear,13.93321039,100.4158983,wide curve,no slope
7508758,2022-12-25T02:47:00Z,2022-12-26T11:09:00Z,กรุงเทพมหานคร,Bangkok,department of highways,ไม่ทราบ,private/passenger car,speeding,rear-end collision,2,0,0,clear,13.73214312,100.7788187,straight road,no slope
7514015,2022-12-25T05:59:00Z,2022-12-28T09:20:00Z,กรุงเทพมหานคร,Bangkok,department of highways,ไม่ทราบ,4-wheel pickup truck,speeding,rollover/fallen on straight road,1,0,0,clear,13.77416149,100.6890656,straight road,no slope
7543613,2022-12-25T07:17:00Z,2023-01-04T00:11:00Z,กรุงเทพมหานคร,Bangkok,expressway authority of thailand,รามอินทรา-อาจณรงค์,other,other,side collision,5,0,4,clear,13.788773,100.609627,straight road,other
7513928,2022-12-25T07:18:00Z,2022-12-28T09:26:00Z,กรุงเทพมหานคร,Bangkok,department of highways,ไม่ทราบ,4-wheel pickup truck,speeding,rear-end collision,2,0,0,clear,13.68283978,100.6992808,straight road,no slope
7498332,2022-12-25T10:40:00Z,2022-12-25T13:04:00Z,ปทุมธานี,Pathum Thani,department of highways,ไม่ทราบ,private/passenger car,speeding,rear-end collision,2,0,0,clear,13.93770003,100.7093525,straight road,no slope
7558957,2022-12-25T11:00:00Z,2023-01-13T08:41:00Z,กรุงเทพมหานคร,Bangkok,department of highways,ดินแดง - งามวงศ์วาน,private/passenger car,speeding,rear-end collision,2,0,0,clear,13.83898235,100.5575489,straight road,no slope
7519429,2022-12-25T12:42:00Z,2022-12-30T00:12:00Z,กรุงเทพมหานคร,Bangkok,expressway authority of thailand,บางนา-ชลบุรี,other,other,collision with obstruction (on road surface),1,0,0,clear,NA,NA,straight road,other
7519426,2022-12-25T15:11:00Z,2022-12-30T00:12:00Z,กรุงเทพมหานคร,Bangkok,expressway authority of thailand,พญาไท-บางโคล่,other,other,collision with obstruction (on road surface),1,0,0,clear,NA,NA,other,other
7543614,2022-12-25T16:11:00Z,2023-01-04T00:11:00Z,สมุทรปราการ,Samut Prakan,expressway authority of thailand,บางพลี-สุขสวัสดิ์,other,other,rear-end collision,4,0,2,clear,13.63362,100.674563,straight road,other
7553503,2022-12-25T16:50:00Z,2023-01-07T11:04:00Z,สมุทรสาคร,Samut Sakhon,department of highways,สะพานข้ามแม่น้ำท่าจีนฝั่งตะวันตก - นาโคก,large truck with trailer,speeding,rear-end collision,3,0,4,clear,13.49032241,100.1222908,straight road,no slope
7508085,2022-12-25T20:45:00Z,2022-12-26T09:23:00Z,กรุงเทพมหานคร,Bangkok,department of highways,ไม่ทราบ,4-wheel pickup truck,speeding,rollover/fallen on straight road,1,0,0,clear,13.7316741,100.7088241,straight road,no slope
7508100,2022-12-25T20:45:00Z,2022-12-26T09:23:00Z,กรุงเทพมหานคร,Bangkok,department of highways,ไม่ทราบ,4-wheel pickup truck,speeding,rollover/fallen on straight road,1,0,0,clear,13.7316741,100.7088241,straight road,no slope
7544492,2022-12-25T22:00:00Z,2023-01-04T14:45:00Z,กรุงเทพมหานคร,Bangkok,department of highways,ถนนศรีนครินทร - แขวงคลองสองต้นนุ่น,4-wheel pickup truck,speeding,rollover/fallen on straight road,1,0,0,clear,13.73171449,100.7083735,straight road,no slope
7514180,2022-12-26T07:29:00Z,2022-12-28T09:31:00Z,กรุงเทพมหานคร,Bangkok,department of highways,ไม่ทราบ,private/passenger car,falling asleep,rollover/fallen on straight road,1,0,1,clear,13.73272074,100.7888009,straight road,no slope
7519431,2022-12-26T07:45:00Z,2022-12-30T00:12:00Z,กรุงเทพมหานคร,Bangkok,expressway authority of thailand,ดาวคะนอง-ท่าเรือ,4-wheel pickup truck,other,rear-end collision,3,0,0,clear,NA,NA,straight road,other
7508796,2022-12-26T08:00:00Z,2022-12-26T13:39:00Z,กรุงเทพมหานคร,Bangkok,department of rural roads,สะพานภูมิพลที่ 2 ไปสะพานภูมิพลที่ 1,private/passenger car,tailgating,other,3,0,0,clear,13.671508,100.538533,straight road,slope area
7511310,2022-12-26T10:40:00Z,2022-12-27T09:03:00Z,กรุงเทพมหานคร,Bangkok,department of highways,ไม่ทราบ,4-wheel pickup truck,speeding,rear-end collision,4,0,1,clear,13.85076542,100.6729254,straight road,no slope
7557831,2022-12-26T13:07:00Z,2023-01-12T11:05:00Z,นครปฐม,Nakhon Pathom,department of highways,บ้านบ่อ - พระประโทน,4-wheel pickup truck,speeding,rollover/fallen on straight road,1,0,1,clear,13.77763012,100.091629,straight road,no slope
7509059,2022-12-26T13:58:00Z,2022-12-26T15:14:00Z,สมุทรปราการ,Samut Prakan,department of highways,ไม่ทราบ,4-wheel pickup truck,speeding,rear-end collision,2,0,0,clear,13.66546342,100.8509417,straight road,no slope
7513338,2022-12-26T15:15:00Z,2022-12-27T20:00:00Z,สมุทรปราการ,Samut Prakan,department of highways,ไม่ทราบ,4-wheel pickup truck,speeding,rollover/fallen on straight road,1,0,0,clear,13.65048167,100.6877151,straight road,no slope
7553478,2022-12-26T16:10:00Z,2023-01-07T10:53:00Z,สมุทรสาคร,Samut Sakhon,department of highways,สะพานข้ามแม่น้ำท่าจีนฝั่งตะวันตก - นาโคก,4-wheel pickup truck,speeding,rollover/fallen on straight road,1,0,0,clear,13.52307552,100.1802339,straight road,no slope
7558995,2022-12-26T16:30:00Z,2023-01-13T09:03:00Z,กรุงเทพมหานคร,Bangkok,department of highways,ดินแดง - งามวงศ์วาน,private/passenger car,speeding,rear-end collision,2,0,0,clear,13.84674064,100.5611008,straight road,no slope
7555320,2022-12-26T18:00:00Z,2023-01-10T12:31:00Z,กรุงเทพมหานคร,Bangkok,department of highways,ดินแดง - งามวงศ์วาน,motorcycle,illegal overtaking,rear-end collision,2,0,0,clear,13.82133461,100.5581389,straight road,no slope
7517951,2022-12-27T04:00:00Z,2022-12-29T12:16:00Z,สมุทรปราการ,Samut Prakan,department of highways,ไม่ทราบ,large truck with trailer,falling asleep,rollover/fallen on straight road,1,0,0,clear,13.61923008,100.9228814,straight road,no slope
7543617,2022-12-27T08:37:00Z,2023-01-04T00:11:00Z,สมุทรปราการ,Samut Prakan,expressway authority of thailand,บางนา-ชลบุรี,other,other,rear-end collision,3,0,0,clear,13.603556,100.78091,straight road,other
7559033,2022-12-27T09:01:00Z,2023-01-13T09:17:00Z,กรุงเทพมหานคร,Bangkok,department of highways,ดินแดง - งามวงศ์วาน,private/passenger car,reversing vehicle,collision with obstruction (on road surface),3,0,1,clear,13.85389697,100.5651797,straight road,no slope
7543615,2022-12-27T09:10:00Z,2023-01-04T00:11:00Z,กรุงเทพมหานคร,Bangkok,expressway authority of thailand,ดินแดง-ท่าเรือ,4-wheel pickup truck,other,rear-end collision,5,0,0,clear,13.74231972,100.5503734,grade-separated intersection/ramps,other
7552853,2022-12-27T15:40:00Z,2023-01-06T14:23:00Z,กรุงเทพมหานคร,Bangkok,department of highways,ดินแดง - งามวงศ์วาน,private/passenger car,speeding,rear-end collision,2,0,1,other,13.84674064,100.5611008,straight road,no slope
7518296,2022-12-27T16:10:00Z,2022-12-29T11:47:00Z,กรุงเทพมหานคร,Bangkok,department of highways,ไม่ทราบ,4-wheel pickup truck,speeding,rear-end collision,2,0,0,clear,13.72946849,100.7444988,straight road,no slope