acc_code,incident_datetime,report_datetime,province_th,province_en,agency,route,vehicle_type,presumed_cause,accident_type,number_of_vehicles_involved,number_of_fatalities,number_of_injuries,weather_condition,latitude,longitude,road_description,slope_description
7518642,2022-12-27T16:26:00Z,2022-12-29T16:30:00Z,กรุงเทพมหานคร,Bangkok,department of highways,ไม่ทราบ,4-wheel pickup truck,speeding,rear-end collision,3,0,0,clear,13.72945937,100.7445551,straight road,no slope
7522332,2022-12-27T16:29:00Z,2022-12-30T13:56:00Z,กรุงเทพมหานคร,Bangkok,department of highways,แขวงคลองสองต้นนุ่น - พิมพา,4-wheel pickup truck,speeding,rear-end collision,4,0,0,clear,13.72956018,100.7453974,straight road,no slope
7514582,2022-12-27T20:32:00Z,2022-12-28T12:41:00Z,กรุงเทพมหานคร,Bangkok,department of highways,ไม่ทราบ,4-wheel pickup truck,speeding,rear-end collision,2,0,0,clear,13.83770881,100.6730823,straight road,no slope
7522268,2022-12-27T20:33:00Z,2022-12-30T13:39:00Z,สมุทรปราการ,Samut Prakan,department of highways,แขวงคลองสองต้นนุ่น - พิมพา,private/passenger car,speeding,rear-end collision,3,0,0,clear,13.66792693,100.8471179,straight road,no slope
7518236,2022-12-27T20:46:00Z,2022-12-29T14:21:00Z,กรุงเทพมหานคร,Bangkok,department of highways,ไม่ทราบ,private/passenger car,speeding,collision with obstruction (on road surface),1,0,1,clear,13.78816595,100.3577028,straight road,no slope
7514919,2022-12-27T21:00:00Z,2022-12-28T14:15:00Z,ปทุมธานี,Pathum Thani,department of highways,ไม่ทราบ,large truck with trailer,speeding,rollover/fallen on straight road,1,0,0,clear,13.92625851,100.7062934,straight road,no slope
7519437,2022-12-27T23:58:00Z,2022-12-30T00:12:00Z,กรุงเทพมหานคร,Bangkok,expressway authority of thailand,หมอชิต-กาญจนาฯ,other,other,other,1,0,0,clear,NA,NA,wide curve,other
7541207,2022-12-28T02:04:00Z,2023-01-03T07:59:00Z,สมุทรสาคร,Samut Sakhon,department of highways,สะพานข้ามแม่น้ำท่าจีนฝั่งตะวันตก - นาโคก,4-wheel pickup truck,cutting in closely by people/vehicles/animals,rear-end collision,2,1,0,clear,13.46657118,100.1050202,straight road,no slope
7541169,2022-12-28T03:40:00Z,2023-01-03T07:49:00Z,ปทุมธานี,Pathum Thani,department of highways,คลองบางไผ่ - คลองบางหลวง,large truck with trailer,speeding,collision with obstruction (on road surface),3,0,0,clear,14.01953474,100.4520937,straight road,no slope
7514361,2022-12-28T05:25:00Z,2022-12-28T11:12:00Z,กรุงเทพมหานคร,Bangkok,department of highways,ไม่ทราบ,private/passenger car,speeding,rear-end collision,9,0,0,clear,13.91106996,100.7002249,straight road,no slope
7559028,2022-12-28T09:00:00Z,2023-01-13T09:17:00Z,กรุงเทพมหานคร,Bangkok,department of highways,ดินแดง - งามวงศ์วาน,private/passenger car,speeding,rear-end collision,4,0,0,other,13.77929864,100.5564371,straight road,no slope
7517810,2022-12-28T11:11:00Z,2022-12-29T12:37:00Z,กรุงเทพมหานคร,Bangkok,department of highways,ไม่ทราบ,private/passenger car,speeding,rear-end collision,3,0,0,clear,13.83456402,100.6738119,straight road,no slope
7517970,2022-12-28T13:35:00Z,2022-12-29T12:24:00Z,ปทุมธานี,Pathum Thani,department of highways,ไม่ทราบ,private/passenger car,speeding,rear-end collision,3,0,1,clear,13.92885275,100.7070324,straight road,no slope
7518319,2022-12-28T13:45:00Z,2022-12-29T13:55:00Z,กรุงเทพมหานคร,Bangkok,department of highways,ไม่ทราบ,4-wheel pickup truck,speeding,rear-end collision,4,0,1,clear,13.90949263,100.6994058,straight road,no slope
7522215,2022-12-28T15:42:00Z,2022-12-30T13:23:00Z,สมุทรปราการ,Samut Prakan,department of highways,แขวงคลองสองต้นนุ่น - พิมพา,4-wheel pickup truck,speeding,rear-end collision,3,0,0,clear,13.66792693,100.8471179,straight road,no slope
7517991,2022-12-28T16:01:00Z,2022-12-29T12:52:00Z,ปทุมธานี,Pathum Thani,department of highways,ไม่ทราบ,private/passenger car,speeding,rear-end collision,4,0,0,clear,13.95639314,100.7126851,straight road,no slope
7541491,2022-12-28T19:00:00Z,2023-01-03T09:18:00Z,กรุงเทพมหานคร,Bangkok,department of highways,บางปะอิน - แขวงรามอินทรา,private/passenger car,speeding,rollover/fallen on straight road,1,0,0,clear,13.81601867,100.6764069,other,other
7517962,2022-12-28T20:20:00Z,2022-12-29T13:05:00Z,กรุงเทพมหานคร,Bangkok,department of highways,ไม่ทราบ,4-wheel pickup truck,speeding,rear-end collision,3,0,3,clear,13.86377573,100.6769595,straight road,no slope
7559380,2022-12-28T20:30:00Z,2023-01-13T14:02:00Z,นนทบุรี,Nonthaburi,department of highways,บางบัวทอง - บางคูวัด,private/passenger car,speeding,rollover/fallen on straight road,1,0,0,clear,13.94654307,100.4352817,straight road,no slope
7522092,2022-12-28T22:44:00Z,2022-12-30T12:48:00Z,สมุทรปราการ,Samut Prakan,department of highways,แขวงคลองสองต้นนุ่น - พิมพา,4-wheel pickup truck,speeding,rear-end collision,3,0,0,clear,13.62611268,100.912165,straight road,no slope
7528248,2022-12-29T00:30:00Z,2022-12-31T14:15:00Z,นนทบุรี,Nonthaburi,department of rural roads,เลี่ยงเมืองปากเกร็ด,motorcycle,speeding,other,1,1,0,clear,13.912445,100.520884,straight road,no slope
7554035,2022-12-29T01:00:00Z,2023-01-08T09:49:00Z,สมุทรปราการ,Samut Prakan,department of highways,ราษฎร์บูรณะ - พระสมุทรเจดีย์,motorcycle,speeding,rear-end collision,2,0,2,clear,13.61919704,100.5422442,straight road,no slope
7517033,2022-12-29T05:15:00Z,2022-12-29T09:01:00Z,กรุงเทพมหานคร,Bangkok,department of highways,ไม่ทราบ,private/passenger car,speeding,rollover/fallen on straight road,1,0,0,clear,13.81221851,100.6778003,straight road,no slope
7518238,2022-12-29T05:55:00Z,2022-12-29T13:56:00Z,กรุงเทพมหานคร,Bangkok,department of highways,ไม่ทราบ,private/passenger car,speeding,rear-end collision,4,0,0,clear,13.87713293,100.6826471,straight road,no slope
7518444,2022-12-29T07:55:00Z,2022-12-29T15:13:00Z,นครปฐม,Nakhon Pathom,department of highways,ไม่ทราบ,motorcycle,speeding,head-on collision (not overtaking),2,1,1,clear,13.96658337,100.1387774,straight road,no slope
7521563,2022-12-29T08:05:00Z,2022-12-30T10:38:00Z,นครปฐม,Nakhon Pathom,department of highways,ไร่ขิง - ทรงคนอง,private/passenger car,speeding,rear-end collision,2,0,2,clear,13.76817263,100.2860218,straight road,no slope
7523628,2022-12-29T08:15:00Z,2022-12-30T20:13:00Z,นนทบุรี,Nonthaburi,department of highways,บางบัวทอง - ไทรน้อย,motorcycle,cutting in closely by people/vehicles/animals,rear-end collision,2,0,0,clear,13.92865316,100.4076296,straight road,no slope
7521565,2022-12-29T08:30:00Z,2022-12-30T10:39:00Z,สมุทรสาคร,Samut Sakhon,department of highways,แยกสาครเกษม - คลองมะเดื่อ,motorcycle,speeding,rear-end collision,2,0,1,clear,13.65728588,100.3094964,straight road,no slope
7519289,2022-12-29T09:50:00Z,2022-12-29T20:32:00Z,กรุงเทพมหานคร,Bangkok,department of highways,ไม่ทราบ,motorcycle,speeding,rear-end collision,2,0,1,clear,13.66198959,100.4040394,straight road,no slope
7555388,2022-12-29T10:00:00Z,2023-01-10T14:44:00Z,สมุทรสาคร,Samut Sakhon,department of highways,แสมดำ - สะพานข้ามแม่น้ำท่าจีนฝั่งตะวันตก,4-wheel pickup truck,speeding,rear-end collision,3,0,0,clear,13.60249259,100.3700521,straight road,no slope
7518381,2022-12-29T10:14:00Z,2022-12-29T13:57:00Z,กรุงเทพมหานคร,Bangkok,department of highways,ไม่ทราบ,private/passenger car,speeding,rear-end collision,4,0,0,clear,13.89821592,100.693506,straight road,no slope
7525941,2022-12-29T10:30:00Z,2022-12-31T05:49:00Z,นนทบุรี,Nonthaburi,department of highways,คลองบางไผ่ - คลองบางหลวง,motorcycle,cutting in closely by people/vehicles/animals,rear-end collision,2,0,0,clear,13.93900165,100.417048,other,other
7542182,2022-12-29T10:30:00Z,2023-01-03T12:10:00Z,นนทบุรี,Nonthaburi,department of rural roads,ถนนราชพฤกษ์ (กม.ที่ 28+000 - 42+200),4-wheel pickup truck,falling asleep,other,1,0,1,clear,13.95341,100.458613,straight road,other
7521559,2022-12-29T10:40:00Z,2022-12-30T10:37:00Z,นครปฐม,Nakhon Pathom,department of highways,ไร่ขิง - ทรงคนอง,motorcycle,cutting in closely by people/vehicles/animals,rear-end collision,2,0,1,clear,13.74236742,100.2545908,straight road,no slope
7518776,2022-12-29T11:01:00Z,2022-12-29T14:44:00Z,กรุงเทพมหานคร,Bangkok,department of highways,ไม่ทราบ,private/passenger car,speeding,rear-end collision,3,0,0,clear,13.81047079,100.6779733,straight road,no slope
7521342,2022-12-29T11:20:00Z,2022-12-30T09:48:00Z,กรุงเทพมหานคร,Bangkok,department of highways,บางแค - คลองมหาสวัสดิ์,private/passenger car,speeding,rear-end collision,3,0,1,clear,13.75828433,100.4063085,straight road,no slope
7519168,2022-12-29T11:30:00Z,2022-12-29T20:20:00Z,กรุงเทพมหานคร,Bangkok,department of highways,ไม่ทราบ,6-wheel truck,speeding,collision with obstruction (on road surface),2,1,0,clear,13.66434365,100.6511016,straight road,no slope
7518736,2022-12-29T11:47:00Z,2022-12-29T14:35:00Z,กรุงเทพมหานคร,Bangkok,department of highways,ไม่ทราบ,van,speeding,rear-end collision,3,0,0,clear,13.73042822,100.7227242,straight road,no slope
7520713,2022-12-29T12:30:00Z,2022-12-30T07:28:00Z,สมุทรปราการ,Samut Prakan,department of highways,ทางเข้าท่าอากาศยานสุวรรณภูมิ - บางวัว,motorcycle,speeding,rollover/fallen on straight road,1,1,2,clear,13.6071312,100.7715355,straight road,no slope
7521388,2022-12-29T13:15:00Z,2022-12-30T09:57:00Z,กรุงเทพมหานคร,Bangkok,department of highways,อรุณอมรินทร์ - พุทธมณฑลสาย 4,private/passenger car,speeding,rear-end collision,2,0,1,clear,13.78629952,100.4632799,other,other
7518550,2022-12-29T14:14:00Z,2022-12-29T16:23:00Z,กรุงเทพมหานคร,Bangkok,department of highways,ไม่ทราบ,4-wheel pickup truck,speeding,rear-end collision,2,0,0,clear,13.73072013,100.7200107,straight road,no slope
7518583,2022-12-29T14:38:00Z,2022-12-29T15:58:00Z,กรุงเทพมหานคร,Bangkok,department of highways,ไม่ทราบ,4-wheel pickup truck,speeding,rear-end collision,3,0,0,clear,13.89345243,100.6908171,straight road,no slope
7563973,2022-12-29T15:45:00Z,2023-01-19T09:20:00Z,สมุทรสาคร,Samut Sakhon,department of highways,สะพานข้ามแม่น้ำท่าจีนฝั่งตะวันตก - นาโคก,4-wheel pickup truck,speeding,rear-end collision,2,0,0,clear,13.52469431,100.1850205,other,other
7519129,2022-12-29T16:00:00Z,2022-12-29T20:19:00Z,กรุงเทพมหานคร,Bangkok,department of highways,ไม่ทราบ,motorcycle,speeding,rear-end collision,3,0,1,clear,13.6471426,100.3826189,straight road,no slope
7542170,2022-12-29T16:00:00Z,2023-01-03T12:13:00Z,นนทบุรี,Nonthaburi,department of rural roads,เลี่ยงเมืองปากเกร็ด,motorcycle,speeding,other,1,0,1,clear,13.913416,100.522054,straight road,no slope
7520305,2022-12-29T16:30:00Z,2022-12-30T06:06:00Z,สมุทรสาคร,Samut Sakhon,department of rural roads,แยกทางหลวงหมายเลข 3091 (กม.ที่ 3+400) - บ้านหนองนกไข่,motorcycle,abrupt lane change,other,1,0,1,clear,13.661769,100.218715,straight road,no slope
7520318,2022-12-29T16:30:00Z,2022-12-30T06:05:00Z,นนทบุรี,Nonthaburi,department of rural roads,แยกทางหลวงหมายเลข 9 (กม.ที่ 43+490) - อำเภอไทรน้อย,motorcycle,speeding,other,2,0,1,clear,13.932507,100.3743,straight road,no slope
7520565,2022-12-29T17:05:00Z,2022-12-30T06:57:00Z,กรุงเทพมหานคร,Bangkok,department of highways,บางปะอิน - แขวงรามอินทรา,private/passenger car,speeding,rear-end collision,5,0,0,clear,13.90085214,100.6949839,straight road,no slope
7523113,2022-12-29T18:00:00Z,2022-12-30T17:48:00Z,ปทุมธานี,Pathum Thani,department of highways,ลำลูกกา - คลอง 16,4-wheel pickup truck,failure to yield right of way,rear-end collision,2,1,0,clear,13.95769465,100.8600913,other,other
7554057,2022-12-29T18:43:00Z,2023-01-08T10:15:00Z,กรุงเทพมหานคร,Bangkok,department of highways,แขวงคลองสองต้นนุ่น - พิมพา,private/passenger car,speeding,rear-end collision,9,0,0,clear,13.72932658,100.7363031,other,other
7519327,2022-12-29T19:06:00Z,2022-12-29T22:52:00Z,กรุงเทพมหานคร,Bangkok,department of highways,แขวงคลองสองต้นนุ่น - พิมพา,private/passenger car,speeding,rear-end collision,4,0,0,clear,13.73052553,100.7218196,straight road,no slope
7521331,2022-12-29T19:30:00Z,2022-12-30T09:44:00Z,กรุงเทพมหานคร,Bangkok,department of highways,อรุณอมรินทร์ - พุทธมณฑลสาย 4,private/passenger car,speeding,rear-end collision,2,0,0,clear,13.78437813,100.3976286,straight road,no slope
7521539,2022-12-29T20:30:00Z,2022-12-30T10:32:00Z,สมุทรปราการ,Samut Prakan,department of highways,ทางเข้าท่าอากาศยานสุวรรณภูมิ - บางวัว,4-wheel pickup truck,falling asleep,rollover/fallen on straight road,1,0,0,clear,13.59780825,100.7966195,straight road,no slope
7521521,2022-12-29T23:00:00Z,2022-12-30T10:28:00Z,ปทุมธานี,Pathum Thani,department of highways,บางคูวัด - แยกปทุมวิไล,motorcycle,speeding,rear-end collision,2,1,0,clear,13.98481828,100.5149125,other,other
7534418,2022-12-29T23:00:00Z,2023-01-01T21:36:00Z,นนทบุรี,Nonthaburi,department of highways,สะพานพระนั่งเกล้า - ต่างระดับบางใหญ่,motorcycle,running red lights/traffic signals,rear-end collision,2,0,0,clear,13.87577718,100.4336111,other,other
7559382,2022-12-29T23:30:00Z,2023-01-13T14:03:00Z,นนทบุรี,Nonthaburi,department of highways,บางบัวทอง -  ลาดบัวหลวง,private/passenger car,speeding,rollover/fallen on straight road,1,0,0,clear,14.1218459,100.2892807,straight road,no slope
7523384,2022-12-30T00:01:00Z,2022-12-30T19:07:00Z,ปทุมธานี,Pathum Thani,department of rural roads,แยกถนนเทศบาลท่าโขลง - บ้านคลองสิบสาม,van,unfamiliarity with the route/unskilled driving,other,1,4,7,dark,14.160203,100.652714,t-intersection,other
7528060,2022-12-30T00:10:00Z,2022-12-31T13:18:00Z,ปทุมธานี,Pathum Thani,department of highways,คลองระพีพัฒน์ - บึงคำพร้อย,van,driving under the influence of alcohol,other,1,4,7,clear,14.16045531,100.6531133,other,other
7523182,2022-12-30T00:20:00Z,2022-12-30T18:09:00Z,ปทุมธานี,Pathum Thani,department of highways,คลองบางหลวง - ต่างระดับเชียงรากน้อย,private/passenger car,speeding,collision with obstruction (on road surface),2,0,1,clear,14.0499478,100.4605763,straight road,no slope
7525905,2022-12-30T02:20:00Z,2022-12-31T05:42:00Z,สมุทรปราการ,Samut Prakan,department of highways,ราษฎร์บูรณะ - พระสมุทรเจดีย์,motorcycle,speeding,collision with obstruction (on road surface),2,0,1,clear,13.59347567,100.5668275,straight road,no slope
7526817,2022-12-30T02:30:00Z,2022-12-31T08:45:00Z,กรุงเทพมหานคร,Bangkok,department of highways,พระประแดง - บางแค,large truck with trailer,speeding,rollover/fallen on straight road,1,0,0,clear,13.62999683,100.4181766,straight road,no slope
7525909,2022-12-30T04:10:00Z,2022-12-31T05:41:00Z,สมุทรปราการ,Samut Prakan,department of highways,ราษฎร์บูรณะ - พระสมุทรเจดีย์,4-wheel pickup truck,speeding,rollover/fallen on straight road,1,0,1,clear,13.62367606,100.5381913,straight road,no slope
7524488,2022-12-30T06:18:00Z,2022-12-31T00:14:00Z,กรุงเทพมหานคร,Bangkok,expressway authority of thailand,พญาไท-ศรีนครินทร์,other,other,rollover/fallen on straight road,1,0,0,clear,13.74241401,100.6361676,straight road,other
7523019,2022-12-30T07:30:00Z,2022-12-30T17:23:00Z,กรุงเทพมหานคร,Bangkok,department of highways,งามวงศ์วาน - ดอนเมือง,private/passenger car,speeding,rear-end collision,2,0,1,clear,13.88785954,100.5838948,other,other
7526862,2022-12-30T09:00:00Z,2022-12-31T08:58:00Z,นครปฐม,Nakhon Pathom,department of highways,กระทุ่มล้ม - พุทธมณฑล,4-wheel pickup truck,speeding,rear-end collision,2,0,1,clear,13.73134056,100.3297132,straight road,no slope
7523104,2022-12-30T09:50:00Z,2022-12-30T17:45:00Z,ปทุมธานี,Pathum Thani,department of highways,วัดนาบุญ - คลอง 14,private/passenger car,speeding,rear-end collision,2,0,0,clear,14.07741457,100.8944945,straight road,no slope
7527230,2022-12-30T09:50:00Z,2022-12-31T10:13:00Z,กรุงเทพมหานคร,Bangkok,department of highways,บางปะอิน - แขวงรามอินทรา,4-wheel pickup truck,speeding,rear-end collision,2,0,0,clear,13.9006113,100.6947599,straight road,no slope
7528546,2022-12-30T10:30:00Z,2022-12-31T15:35:00Z,นครปฐม,Nakhon Pathom,department of rural roads,แยกทางหลวงหมายเลข 321 (กม.ที่ 18+400) - บ้านห้วยแล้ง,other,illegal overtaking,pedestrian collision,2,0,1,clear,13.947124,99.92085,t-intersection,other
7526864,2022-12-30T11:00:00Z,2022-12-31T08:55:00Z,สมุทรปราการ,Samut Prakan,department of highways,ทางเข้าบางบ่อ,large truck with trailer,illegal overtaking,rear-end collision,2,1,0,clear,13.58441646,100.8364814,other,other
7527178,2022-12-30T13:35:00Z,2022-12-31T10:09:00Z,กรุงเทพมหานคร,Bangkok,department of highways,บางปะอิน - แขวงรามอินทรา,private/passenger car,speeding,rear-end collision,2,0,0,clear,13.91366567,100.7015499,straight road,no slope
7522607,2022-12-30T13:37:00Z,2022-12-30T15:23:00Z,กรุงเทพมหานคร,Bangkok,department of highways,บางปะอิน - แขวงรามอินทรา,4-wheel pickup truck,speeding,rear-end collision,3,0,0,clear,13.89901395,100.6939191,straight road,no slope
7527168,2022-12-30T14:15:00Z,2022-12-31T10:08:00Z,กรุงเทพมหานคร,Bangkok,department of highways,บางปะอิน - แขวงรามอินทรา,4-wheel pickup truck,speeding,rear-end collision,5,0,0,clear,13.89424397,100.6912275,straight road,no slope
7564294,2022-12-30T14:45:00Z,2023-01-19T13:23:00Z,สมุทรสาคร,Samut Sakhon,department of highways,แสมดำ - สะพานข้ามแม่น้ำท่าจีนฝั่งตะวันตก,other,speeding,other,1,0,0,clear,13.58561842,100.3188883,straight road,no slope
7522815,2022-12-30T14:49:00Z,2022-12-30T16:23:00Z,กรุงเทพมหานคร,Bangkok,department of highways,แขวงคลองสองต้นนุ่น - พิมพา,private/passenger car,speeding,rear-end collision,3,0,0,clear,13.73003899,100.7263422,straight road,no slope
7551285,2022-12-30T16:40:00Z,2023-01-05T11:10:00Z,กรุงเทพมหานคร,Bangkok,department of highways,พระประแดง - บางแค,motorcycle,speeding,rear-end collision,2,0,1,clear,13.65383291,100.4050392,connecting to public/commercial area,other
7526842,2022-12-30T18:30:00Z,2022-12-31T08:50:00Z,นนทบุรี,Nonthaburi,department of highways,คลองบางไผ่ - คลองบางหลวง,private/passenger car,cutting in closely by people/vehicles/animals,rear-end collision,2,0,0,clear,13.92914563,100.4145817,straight road,no slope
7527691,2022-12-30T18:30:00Z,2022-12-31T11:49:00Z,นนทบุรี,Nonthaburi,department of rural roads,ถนนราชพฤกษ์ (กม.ที่ 11+000 - 28+000),motorcycle,abrupt lane change,other,1,0,2,clear,13.917671,100.451596,straight road,no slope
7526114,2022-12-30T19:40:00Z,2022-12-31T06:20:00Z,นครปฐม,Nakhon Pathom,department of highways,พระประโทน - สระกระเทียม,private/passenger car,speeding,rollover/fallen on straight road,1,0,1,clear,13.80063955,99.99201095,straight road,no slope
7526771,2022-12-30T20:20:00Z,2022-12-31T08:40:00Z,กรุงเทพมหานคร,Bangkok,department of highways,บางบอน - โรงพยาบาลบางปะกอก 8,passenger pickup truck,speeding,rear-end collision,2,0,3,clear,13.64597924,100.3811595,straight road,no slope
7526780,2022-12-30T20:30:00Z,2022-12-31T08:42:00Z,กรุงเทพมหานคร,Bangkok,department of highways,ทางยกระดับบางกอกน้อย - นครชัยศรี,4-wheel pickup truck,speeding,rear-end collision,2,0,2,clear,13.7814877,100.4244633,straight road,no slope
7527758,2022-12-30T20:30:00Z,2022-12-31T12:01:00Z,นนทบุรี,Nonthaburi,department of rural roads,แยกทางหลวงชนบท นบ.1009 (กม.ที่ 9+850) - อำเภอไทรน้อย,motorcycle,speeding,other,1,0,1,clear,13.953103,100.311987,straight road,no slope
7528478,2022-12-30T20:30:00Z,2022-12-31T15:17:00Z,นนทบุรี,Nonthaburi,department of rural roads,แยกทางหลวงหมายเลข 9 (กม.ที่ 31+100) - แยกทางหลวงชนบท นฐ.3004 (กม.ที่ 26+700),4-wheel pickup truck,cutting in closely by people/vehicles/animals,other,2,1,0,clear,13.81147,100.34272,straight road,no slope
7526751,2022-12-30T20:53:00Z,2022-12-31T08:35:00Z,ปทุมธานี,Pathum Thani,department of highways,บางปะอิน - แขวงรามอินทรา,4-wheel pickup truck,speeding,rear-end collision,2,0,0,clear,13.92102568,100.7049228,straight road,no slope
7526786,2022-12-30T21:33:00Z,2022-12-31T08:40:00Z,กรุงเทพมหานคร,Bangkok,department of highways,บางปะอิน - แขวงรามอินทรา,private/passenger car,speeding,rear-end collision,5,0,2,clear,13.91431915,100.7018852,straight road,no slope
7526692,2022-12-30T22:36:00Z,2022-12-31T08:26:00Z,ปทุมธานี,Pathum Thani,department of highways,บางปะอิน - แขวงรามอินทรา,private/passenger car,speeding,rollover/fallen on straight road,1,0,1,clear,14.09737158,100.6884581,straight road,no slope
7526747,2022-12-30T22:50:00Z,2022-12-31T08:38:00Z,กรุงเทพมหานคร,Bangkok,department of highways,บางแค - คลองมหาสวัสดิ์,private/passenger car,speeding,rollover/fallen on straight road,1,0,0,clear,13.78926131,100.409853,straight road,no slope
7531110,2022-12-31T01:30:00Z,2023-01-01T04:53:00Z,สมุทรปราการ,Samut Prakan,department of highways,บางนา - ทางเข้าท่าอากาศยานสุวรรณภูมิ,motorcycle,speeding,rollover/fallen on straight road,1,1,0,clear,13.65676741,100.669516,straight road,no slope
7537768,2022-12-31T01:30:00Z,2023-01-02T14:06:00Z,กรุงเทพมหานคร,Bangkok,department of highways,แขวงคลองสองต้นนุ่น - พิมพา,private/passenger car,falling asleep,rear-end collision,2,0,1,clear,13.73347452,100.7964545,straight road,no slope
7554056,2022-12-31T02:00:00Z,2023-01-08T10:19:00Z,นนทบุรี,Nonthaburi,department of highways,สะพานพระนั่งเกล้า - ต่างระดับบางใหญ่,private/passenger car,worn-out/tire blowout,rollover/fallen on straight road,1,0,0,clear,13.87521987,100.42609590000001,straight road,no slope
7534547,2022-12-31T03:45:00Z,2023-01-01T22:14:00Z,สมุทรสาคร,Samut Sakhon,department of highways,อ้อมน้อย - สมุทรสาคร,motorcycle,driving under the influence of alcohol,rollover/fallen on straight road,1,0,1,clear,13.65435559,100.2738113,straight road,no slope
7531471,2022-12-31T09:00:00Z,2023-01-01T06:27:00Z,นนทบุรี,Nonthaburi,department of rural roads,เลี่ยงเมืองนนทบุรี,4-wheel pickup truck,speeding,other,2,0,1,clear,13.875857,100.495509,straight road,no slope
7527557,2022-12-31T09:10:00Z,2022-12-31T11:20:00Z,สมุทรสาคร,Samut Sakhon,department of highways,สะพานข้ามแม่น้ำท่าจีนฝั่งตะวันตก - นาโคก,4-wheel pickup truck,speeding,rear-end collision,2,0,0,clear,13.45943057,100.0943224,straight road,no slope
7531835,2022-12-31T10:45:00Z,2023-01-01T08:29:00Z,นครปฐม,Nakhon Pathom,department of highways,กระทุ่มล้ม - พุทธมณฑล,motorcycle,speeding,rear-end collision,2,0,1,clear,13.74012443,100.3294009,straight road,no slope
7554058,2022-12-31T11:09:00Z,2023-01-08T10:20:00Z,กรุงเทพมหานคร,Bangkok,department of highways,บางแค - คลองมหาสวัสดิ์,4-wheel pickup truck,speeding,rear-end collision,2,0,0,clear,13.69588165,100.4074,other,other
7544070,2022-12-31T11:46:00Z,2023-01-04T07:16:00Z,กรุงเทพมหานคร,Bangkok,department of highways,บางปะอิน - แขวงรามอินทรา,private/passenger car,speeding,rear-end collision,4,0,0,clear,13.91111942,100.700241,straight road,no slope
7529219,2022-12-31T11:47:00Z,2022-12-31T19:06:00Z,สมุทรปราการ,Samut Prakan,department of highways,แขวงคลองสองต้นนุ่น - พิมพา,private/passenger car,speeding,rear-end collision,3,0,0,clear,13.62231995,100.9182617,straight road,no slope
7529215,2022-12-31T13:36:00Z,2022-12-31T19:05:00Z,กรุงเทพมหานคร,Bangkok,department of highways,แขวงคลองสองต้นนุ่น - พิมพา,4-wheel pickup truck,speeding,rear-end collision,3,0,0,clear,13.72939684,100.7370919,straight road,no slope
7563969,2022-12-31T13:40:00Z,2023-01-19T09:21:00Z,สมุทรสาคร,Samut Sakhon,department of highways,สะพานข้ามแม่น้ำท่าจีนฝั่งตะวันตก - นาโคก,private/passenger car,speeding,rear-end collision,2,0,0,clear,13.53437676,100.2137486,other,other
7534724,2022-12-31T15:00:00Z,2023-01-01T23:03:00Z,นครปฐม,Nakhon Pathom,department of highways,นครปฐม - ลาดปลาเค้า,motorcycle,speeding,rear-end collision,2,0,1,clear,13.80698314,100.0353841,straight road,no slope
7534534,2022-12-31T17:09:00Z,2023-01-01T22:06:00Z,กรุงเทพมหานคร,Bangkok,department of highways,บางแค - คลองมหาสวัสดิ์,private/passenger car,speeding,rear-end collision,2,0,1,clear,13.68785527,100.4071335,straight road,no slope
7532719,2022-12-31T18:47:00Z,2023-01-01T12:46:00Z,ปทุมธานี,Pathum Thani,department of rural roads,แยกถนนเทศบาลท่าโขลง - บ้านคลองสิบสาม,motorcycle,road in poor condition,other,2,0,2,clear,14.253224,100.84417,straight road,no slope
7534514,2022-12-31T19:17:00Z,2023-01-01T22:04:00Z,กรุงเทพมหานคร,Bangkok,department of highways,บางแค - คลองมหาสวัสดิ์,motorcycle,speeding,rollover/fallen on straight road,1,0,1,clear,13.7890946,100.4095633,straight road,no slope
7551297,2022-12-31T20:47:00Z,2023-01-05T11:11:00Z,นนทบุรี,Nonthaburi,department of highways,คลองมหาสวัสดิ์ - คลองบางไผ่,private/passenger car,falling asleep,rear-end collision,2,0,1,clear,13.87114821,100.410324,straight road,no slope
7531346,2022-12-31T21:30:00Z,2023-01-01T05:52:00Z,สมุทรปราการ,Samut Prakan,department of highways,ราษฎร์บูรณะ - พระสมุทรเจดีย์,motorcycle,speeding,rollover/fallen on straight road,1,1,1,clear,13.62534473,100.5366325,straight road,no slope
7533032,2022-12-31T23:00:00Z,2023-01-01T14:20:00Z,นนทบุรี,Nonthaburi,department of rural roads,ถนนราชพฤกษ์ (กม.ที่ 11+000 - 28+000),motorcycle,driving under the influence of alcohol,other,2,0,1,clear,13.882822,100.450719,straight road,no slope
7534454,2022-12-31T23:11:00Z,2023-01-01T21:49:00Z,นนทบุรี,Nonthaburi,department of highways,แคราย - คลองบ้านใหม่,motorcycle,speeding,rollover/fallen on straight road,1,1,0,clear,13.92873607,100.5290633,straight road,no slope